ISO,Question,Answer,Citation,Pincite ,Comment,
AU,1. Is the prohibition of non-intervention a norm of customary international law?  , Yes,26. The prohibition on intervention in the internal and external affairs of States is a principle of general international law that is also reflected in several multilateral treaties… ,"Common African Position on the Application of International Law to the Use of Information and Communication Technologies in Cyberspace, pg. 4, §4, ¶26 (2024).",  ,
AU,2. Is the scope of the principle of non-intervention uncertain?    ,No,"30. To constitute a violation of the prohibition on intervention, ICTs in cyberspace must be employed in a manner that amounts to coercion, which the International Court of Justice described, in the Case Concerning Military and Paramilitary Activities in and against Nicaragua, as the element that “defines, and indeed forms the very essence of prohibited intervention.”
.... 32. “While the definition of coercion in this context requires further study and deliberation between States, the African Union is of the view that it is not necessary, in order to constitute coercion, that the conduct of a State must rise to the level of completely depriving a foreign State of its freedom of choice or to compel that State to either act or refrain from acting involuntarily. Coercion may also occur through threats of intervention. Furthermore, there is no requirement that, in order to constitute a violation of the prohibition on intervention, an act of coercion must actually succeed in compelling the State subjected to such acts to change its conduct.”","Common African Position on the Application of International Law to the Use of Information and Communication Technologies in Cyberspace, pg. 5, §4, ¶30;32 (2024).",,
AU,3. Does the prohibition of non-intervention apply to cyber-operations? ,Yes,"29. The prohibition on intervention applies to the use of any instrument, including armed, political, economic, or any other means, and instruments of information, that may be used by a State for the purposes of intervening in the internal or external affairs of a foreign State. The prohibition on intervention is especially pertinent in the context of cyberspace given the increasing connectivity between States…","Common African Position on the Application of International Law to the Use of Information and Communication Technologies in Cyberspace, pg. 5, §4, ¶29 (2024).",,
AU,4. Is coercion a constituent element of prohibited intervention?, Yes,"30. To constitute a violation of the prohibition on intervention, ICTs in cyberspace must be employed in a manner that amounts to coercion, which the International Court of Justice  described in the  Case Concerning Military and Paramilitary Activities in and against Nicaragua, as the element that “defines, and indeed forms the very essence of prohibited intervention.","Common African Position on the Application of International Law to the Use of Information and Communication Technologies in Cyberspace, pg. 5, §4, ¶30 (2024).

", ,
AU,4.1 Is coercion limited to the employment of physical force? ,No,"29. The prohibition on intervention applies to the use of any instrument, including armed, political, economic, or any other means, and instruments of information, that may be used by a State for the purposes of intervening in the internal or external affairs of a foreign State.","Common African Position on the Application of International Law to the Use of Information and Communication Technologies in Cyberspace, pg. 5, §4, ¶29 (2024).", ,
AU,4.2 Can dictatorial demands or acts of compulsion or imposition constitute coercion?     ,Yes,32. Coercion may also occur through threats of intervention,"Common African Position on the Application of International Law to the Use of Information and Communication Technologies in Cyberspace, pg. 5, §4, ¶32 (2024).",,
AU, 4.3 Does the deprivation of a State’s ability to control matters within its domaine réservé amount to coercion?,Ambiguous,"31. “Coercion, in the context of the prohibition on intervention, should be defined as a policy that is designed to impose restraints on the will of a foreign State. Assessing whether the use by one of more States of ICTs in cyberspace to influence the conduct of a foreign State amounts to coercion is a determination that should be undertaken on a case-by-case basis.”
32. “...it is not necessary, in order to constitute coercion, that the conduct of a State must rise to the level of completely depriving a foreign State of its freedom of choice or to compel that State to either act or refrain from acting involuntarily.”","Common African Position on the Application of International Law to the Use of Information and Communication Technologies in Cyberspace, pg. 5, §4, ¶¶31-32 (2024).",,
AU, 4.4 Does coercion extend to any affirmative acts designed to deprive another state of its freedom of choice with regard to a matter of protected sovereign prerogative?,Yes,"31.” Assessing whether the use by one of more States of ICTs in cyberspace to influence the conduct of a foreign State amounts to coercion is a determination that should be undertaken on a case-by-case basis.” 
32. “...it is not necessary, in order to constitute coercion, that the conduct of a State must rise to the level of completely depriving a foreign State of its freedom of choice or to compel that State to either act or refrain from acting involuntarily.”","Common African Position on the Application of International Law to the Use of Information and Communication Technologies in Cyberspace, pg. 5, §4, ¶¶31-32 (2024).",,
AU,4.5 Must there be a causal nexus between the responsible state’s actions/efforts and the effects on the target state’s internal or external affairs? ,Silent," 
 ",,,
AU,4.6 Can attempts to coerce an outcome amount to prohibited intervention?      ,Yes,"32. “...Furthermore, there is no requirement that, in order to constitute a violation of the prohibition on intervention, an act of coercion must actually succeed in compelling the State subjected to such acts to change its conduct. An unsuccessful attempt of intervention is unlawful under international law.”","Common African Position on the Application of International Law to the Use of Information and Communication Technologies in Cyberspace, pg. 5, §4, ¶32 (2024).", ,
AU,4.7 Is intent a constituent element of coercion?    ,Silent,,,,
AU,"4.8 Must the action(s) constituting coercion be designed/intended to influence outcomes in, or conduct with respect to, a matter of protected sovereign prerogative?      ",Yes," 31. “The African Union is of the view that coercion, in the context of the prohibition on intervention, should be defined as a policy that is designed to impose restraints on the will of a foreign State.”","Common African Position on the Application of International Law to the Use of Information and Communication Technologies in Cyberspace, pg. 5, §4, ¶31 (2024).", ,
AU,4.9  Can coercion be indirect?    ,Yes," 29. “...this rule proscribes both direct intervention by de jure and de facto organs of a State and indirect intervention by persons or groups acting under the direction, instruction, or control of a State.”","Common African Position on the Application of International Law to the Use of Information and Communication Technologies in Cyberspace, pg. 5, §4, ¶29 (2024).", ,
AU, 4.10 Must the target state have knowledge of the coercive cyber operation constituting the purported intervention? ,Silent,,,,
AU,5. Does intervention include forms of persuasion or propaganda?   ,Ambiguous,"29. “The prohibition on intervention applies to the use of any instrument, including armed, political, economic, or any other means, and instruments of information, that may be used by a State for the purposes of intervening in the internal or external affairs of a foreign State”","Common African Position on the Application of International Law to the Use of Information and Communication Technologies in Cyberspace, pg. 5, §4, ¶29 (2024).","This is ambiguous because there is no explicit use of the language “persuasion or propaganda,” but the same could be inferred from the usage of words like “organizing, funding, or the provision of any form assistance” in para 29.",
AU,6. Is there a de minimis exception to the prohibition?  ,Silent,,,,
AU,"7. Must the intervention be directed at matters over which the victim state is permitted by the principle of sovereignty, to decide freely? ",Yes,"28. The prohibition on intervention protects against acts that impinge on matters within the domestic jurisdiction of States in relation to which each State is permitted, by the principle of State sovereignty, to decide freely.","Common African Position on the Application of International Law to the Use of Information and Communication Technologies in Cyberspace, pg. 5, §4, ¶28 (2024).",,
AU,7.1 Does the zone of protected sovereign prerogatives include only internal affairs? ,No,"28. “The prohibition on intervention protects against acts that impinge on matters within the domestic jurisdiction of States in relation to which each State is permitted... to decide freely.” 
29. “The prohibition on intervention applies to the use of any instrument, including armed, political, economic, or any other means, and instruments of information, that may be used by a State for the purposes of intervening in the internal or external affairs of a foreign State.”","Common African Position on the Application of International Law to the Use of Information and Communication Technologies in Cyberspace, pg. 5, §4, ¶28-29 (2024).
",,
AU,7.2 Does the prohibition proscribe intervention in a state’s external (foreign) affairs? ,Yes,"28. “The prohibition on intervention protects against acts that impinge on matters within the domestic jurisdiction of States in relation to which each State is permitted... to decide freely.” 
29. “The prohibition on intervention applies to the use of any instrument, including armed, political, economic, or any other means, and instruments of information, that may be used by a State for the purposes of intervening in the internal or external affairs of a foreign State.”","Common African Position on the Application of International Law to the Use of Information and Communication Technologies in Cyberspace, pg. 5, §4, ¶28-29 (2024).",,
AU,7.3 Is the zone of protected sovereign prerogatives referred to as domaine réservé? ,No,"29. “The prohibition on intervention applies to the use of any instrument, including armed, political, economic, or any other means, and instruments of information, that may be used by a State for the purposes of intervening in the internal or external affairs of a foreign State.”","Common African Position on the Application of International Law to the Use of Information and Communication Technologies in Cyberspace, pg. 5, §4, ¶29 (2024).",,
AU,"7.4 Is the domaine réservé limited to matters involving the state’s choice of a political, economic, social, and cultural system, and the formulation of foreign policy? ",Silent,,,,
AU, 7.5 Does international law regulation over a matter of sovereign prerogative remove it from the domaine réservé?  ,Silent,,,,
AU,7.6 Is critical infrastructure part of the domaine réservé?  ,Silent,,,,
AU,7.7 Are elections part of the domaine réservé? ,Silent,,,,
AU,7.8 Is the operation of legislatures a part of the domaine réservé?,Silent,,,,
AU, 7.9 Is financial system stability part of the domaine réservé?  ,Silent,,,,
AU,7.10 Are medical services part of the domaine réservé?  ,Silent,,,,
AUS,1. Is the prohibition of non-intervention a norm of customary international law? , Yes,Harmful conduct in cyberspace that does not constitute a use of force may still constitute a breach of the duty not to intervene in the internal or external affairs of another State. This obligation is encapsulated in Article 2(7) of the Charter and in customary international law ,"Australia, Annex B: Australia’s position on how international law applies to State conduct in cyberspace, pg. 6, §1, ¶ 8 (2020).

Australia, UNGA Official Compendium of Voluntary National Contributions, pg. 5, §1, ¶7 (2021).",,
AUS,2. Is the scope of the principle of non-intervention uncertain?    ,Silent,,,,
AUS,3. Does the prohibition of non-intervention apply to cyber-operations? ,Yes,“Harmful conduct in cyberspace that does not constitute a use of force may still constitute a breach of the duty not to intervene in the internal or external affairs of another State. This obligation is encapsulated in Article 2(7) of the Charter and in customary international law” ,"Australia, Annex B: Australia’s position on how international law applies to State conduct in cyberspace, pg. 6, §1, ¶ 8 (2020).

Australia, UNGA Official Compendium of Voluntary National Contributions, pg. 5, §1, ¶7 (2021).", ,
AUS,4. Is coercion a constituent element of prohibited intervention?, Yes,"“A prohibited intervention is one that interferes by coercive means, either directly or indirectly, in matters that a State is permitted by the principle of State sovereignty to decide freely.” ","Australia, Annex B: Australia’s position on how international law applies to State conduct in cyberspace, pg. 6, §1, ¶ 9 (2020).

Australia, UNGA Official Compendium of Voluntary National Contributions, pg. 5, §1, ¶8 (2021).", ,
AUS,4.1 Is coercion limited to the employment of physical force? ,No,"“Coercive means are those that effectively deprive the State of the ability to control, decide upon or govern matters of an inherently sovereign nature. Accordingly, the use by a hostile State of cyber activities to manipulate the electoral system to alter the results of an election in another State, intervention in the fundamental operation of Parliament, or in the stability of States' financial systems would constitute a violation of the principle of non-intervention.” ","Australia, Annex B: Australia’s position on how international law applies to State conduct in cyberspace, pg. 6, §1, ¶ 9 (2020).

Australia, UNGA Official Compendium of Voluntary National Contributions, pg. 5, §1, ¶8 (2021).",No by inference,
AUS,4.2 Can dictatorial demands or acts of compulsion or imposition constitute coercion?     ,Silent,,,,
AUS, 4.3 Does the deprivation of a State’s ability to control matters within its domaine réservé amount to coercion?,Yes,"“Coercive means are those that effectively deprive the State of the ability to control, decide upon or govern matters of an inherently sovereign nature. Accordingly, the use by a hostile State of cyber activities to manipulate the electoral system to alter the results of an election in another State, intervention in the fundamental operation of Parliament, or in the stability of States' financial systems would constitute a violation of the principle of non-intervention.” ","Australia, Annex B: Australia’s position on how international law applies to State conduct in cyberspace, pg. 6, §1, ¶ 9 (2020).

Australia, UNGA Official Compendium of Voluntary National Contributions, pg. 5, §1, ¶8 (2021)."," Although the specific language of “domaine réservé” is not used in the national statement, the same can be inferred.",
AUS,4.4 Does coercion extend to any affirmative acts designed to deprive another state of its freedom of choice with regard to a matter of protected sovereign prerogative?,Yes,"“Coercive means are those that effectively deprive the State of the ability to control, decide upon or govern matters of an inherently sovereign nature. Accordingly, the use by a hostile State of cyber activities to manipulate the electoral system to alter the results of an election in another State, intervention in the fundamental operation of Parliament, or in the stability of States' financial systems would constitute a violation of the principle of non-intervention.” ","Australia, Annex B: Australia’s position on how international law applies to State conduct in cyberspace, pg. 6, §1, ¶ 9 (2020).

Australia, UNGA Official Compendium of Voluntary National Contributions, pg. 5, §1, ¶8 (2021).","  Although the specific language of “affirmative acts” is not used in the national statement, the same can be inferred from the word “means.”",
AUS,4.5 Must there be a causal nexus between the responsible state’s actions/efforts and the effects on the target state’s internal or external affairs? ,Silent," 
 ",,,
AUS,4.6  Can attempts to coerce an outcome amount to prohibited intervention?      ,Yes," A prohibited intervention is one that interferes by coercive means, either directly or indirectly, in matters that a State is permitted by the principle of State sovereignty to decide freely. Such matters include a State’s economic, political, social and cultural systems and foreign policy. Coercive means are those that effectively deprive or are intended to deprive the State of the ability to control, decide upon or govern matters of an inherently sovereign nature.","Australia, Annex B: Australia’s position on how international law applies to State conduct in cyberspace, pg. 6, §1, ¶ 9 (2020).

Australia, UNGA Official Compendium of Voluntary National Contributions, pg. 5, §1, ¶8 (2021).",,
AUS,4.7 Is intent a constituent element of coercion?    , Ambiguous," A prohibited intervention is one that interferes by coercive means, either directly or indirectly, in matters that a State is permitted by the principle of State sovereignty to decide freely. Such matters include a State’s economic, political, social and cultural systems and foreign policy. Coercive means are those that effectively deprive or are intended to deprive the State of the ability to control, decide upon or govern matters of an inherently sovereign nature.","Australia, Annex B: Australia’s position on how international law applies to State conduct in cyberspace, pg. 6, §1, ¶ 9 (2020).

Australia, UNGA Official Compendium of Voluntary National Contributions, pg. 5, §1, ¶8 (2021).",,
AUS,"4.8 Must the action(s) constituting coercion be designed/intended to influence outcomes in, or conduct with respect to, a matter of protected sovereign prerogative?      ",Ambiguous,"Coercive means are those that effectively deprive or are intended to deprive the State of the ability to control, decide upon or govern matters of an inherently sovereign nature. Accordingly, the use by a State of cyber activities to prevent another State from holding an election, or manipulate the electoral system to alter the results of an election in another State, intervene in the fundamental operation of Parliament, or significantly disrupt the functioning of a States’ financial systems would constitute a violation of the principle of non-intervention.","Australia, Annex B: Australia’s position on how international law applies to State conduct in cyberspace, pg. 6, §1, ¶ 9 (2020).

Australia, UNGA Official Compendium of Voluntary National Contributions, pg. 5, §1, ¶8 (2021).",,
AUS,4.9  Can coercion be indirect?    ,Yes,"A prohibited intervention is one that interferes by coercive means, either directly or indirectly, in matters that a State is permitted by the principle of State sovereignty to decide freely. ","Australia, Annex B: Australia’s position on how international law applies to State conduct in cyberspace, pg. 6, §1, ¶ 9 (2020).

Australia, UNGA Official Compendium of Voluntary National Contributions, pg. 5, §1, ¶8 (2021).", ,
AUS, 4.10 Must the target state have knowledge of the coercive cyber operation constituting the purported intervention? ,Silent,,,,
AUS,5. Does intervention include forms of persuasion or propaganda?   ,Silent,,,,
AUS,6. Is there a de minimis exception to the prohibition?  ,Silent,,,,
AUS,"7. Must the intervention be directed at matters over which the victim state is permitted by the principle of sovereignty, to decide freely? ",Yes,"A prohibited intervention is one that interferes by coercive means, either directly or indirectly, in matters that a State is permitted by the principle of State sovereignty to decide freely.","Australia, Annex B: Australia’s position on how international law applies to State conduct in cyberspace, pg. 6, §1, ¶ 9 (2020).

Australia, UNGA Official Compendium of Voluntary National Contributions, pg. 5, §1, ¶8 (2021).",,
AUS,7.1 Does the zone of protected sovereign prerogatives include only internal affairs? ,No,"A prohibited intervention is one that interferes by coercive means, either directly or indirectly, in matters that a State is permitted by the principle of State sovereignty to decide freely.  Such matters include a State’s economic, political, social and cultural systems and foreign policy.","Australia, Annex B: Australia’s position on how international law applies to State conduct in cyberspace, pg. 6, §1, ¶ 9 (2020).

Australia, UNGA Official Compendium of Voluntary National Contributions, pg. 5, §1, ¶8 (2021).","There is no limiter in the quote.
It includes foreign policy as well, hence it is not limited to internal affairs. ",
AUS,7.2 Does the prohibition proscribe intervention in a state’s external (foreign) affairs? ,Yes,"“Harmful conduct in cyberspace that does not constitute a use of force may constitute a breach of the duty not to intervene in the internal or external affairs of another State.”

“A prohibited intervention is one that interferes by coercive means, either directly or indirectly, in matters that a State is permitted by the principle of State sovereignty to decide freely. Such matters include a State’s economic, political, social and cultural systems and foreign policy.”","Australia, Annex B: Australia’s position on how international law applies to State conduct in cyberspace, pg. 6, §1, ¶ 8-9 (2020).

Australia, UNGA Official Compendium of Voluntary National Contributions, pg. 5, §1, ¶8 (2021).",,
AUS,Is the zone of protected sovereign prerogatives referred to as domaine réservé? ,No,"A prohibited intervention is one that interferes by coercive means, either directly or indirectly, in matters that a State is permitted by the principle of State sovereignty to decide freely. Such matters include a State's economic, political, social systems and foreign policy. Coercive means are those that effectively deprive the State of the ability to control, decide upon or govern matters of an inherently sovereign nature.","Australia, Annex B: Australia’s position on how international law applies to State conduct in cyberspace, pg. 6, §1, ¶ 9 (2020).

Australia, UNGA Official Compendium of Voluntary National Contributions, pg. 5, §1, ¶8 (2021).",,
AUS,"7.4 Is the domaine réservé limited to matters involving the state’s choice of a political, economic, social, and cultural system, and the formulation of foreign policy? ",Silent,,,,
AUS, 7.5 Does international law regulation over a matter of sovereign prerogative remove it from the domaine réservé?  ,Silent,,,,
AUS,7.6 Is critical infrastructure part of the domaine réservé?  ,Ambiguous,"A prohibited intervention is one that interferes by coercive means, either directly or indirectly, in matters that a State is permitted by the principle of State sovereignty to decide freely. Such matters include a State's economic, political, social systems and foreign policy.","Australia, Annex B: Australia’s position on how international law applies to State conduct in cyberspace, pg. 6, §1, ¶ 9 (2020).

Australia, UNGA Official Compendium of Voluntary National Contributions, pg. 5, §1, ¶8 (2021).",,
AUS,7.7 Are elections part of the domaine réservé? ,Yes,"Accordingly, the use by a hostile State of cyber activities to manipulate the electoral system to alter the results of an election in another State, intervention in the fundamental operation of Parliament, or in the stability of States' financial systems would constitute a violation of the principle of non-intervention.","Australia, Annex B: Australia’s position on how international law applies to State conduct in cyberspace, pg. 6, §1, ¶ 9 (2020).

Australia, UNGA Official Compendium of Voluntary National Contributions, pg. 5, §1, ¶8 (2021).",,
AUS,7.8 Is the operation of legislatures a part of the domaine réservé?,Yes,"Accordingly, the use by a hostile State of cyber activities to manipulate the electoral system to alter the results of an election in another State, intervention in the fundamental operation of Parliament, or in the stability of States' financial systems would constitute a violation of the principle of non-intervention.","Australia, Annex B: Australia’s position on how international law applies to State conduct in cyberspace, pg. 6, §1, ¶ 9 (2020).

Australia, UNGA Official Compendium of Voluntary National Contributions, pg. 5, §1, ¶8 (2021).",,
AUS, 7.9 Is financial system stability part of the domaine réservé?  ,Yes,"Accordingly, the use by a hostile State of cyber activities to manipulate the electoral system to alter the results of an election in another State, intervention in the fundamental operation of Parliament, or in the stability of States' financial systems would constitute a violation of the principle of non-intervention.","Australia, Annex B: Australia’s position on how international law applies to State conduct in cyberspace, pg. 6, §1, ¶ 9 (2020).

Australia, UNGA Official Compendium of Voluntary National Contributions, pg. 5, §1, ¶8 (2021).",,
AUS,7.10 Are medical services part of the domaine réservé?  ,"
Silent",,,,
AUT,1. Is the prohibition of non-intervention a norm of customary international law? , Yes, “The customary international law rule of non-intervention prohibits the coercive interference in the internal or external affairs (‘domaine réservé’) of another state.” ,"Position Paper of the Republic of Austria: Cyber Activities and International Law, pg. 5, §4, ¶1 (2024).",,
AUT,2. Is the scope of the principle of non-intervention uncertain?    ,Silent,,,,
AUT,3. Does the prohibition of non-intervention apply to cyber-operations? ,Yes,""" The customary international law rule prohibiting intervention, i.e. coercive interference, by one state in the internal or external affairs of another state also applies to cyber activities.”","Position Paper of the Republic of Austria: Cyber Activities and International Law, pg. 5, §4, (2024).
", ,
AUT,4. Is coercion a constituent element of prohibited intervention?, Yes,""" The customary international law rule prohibiting intervention, i.e. coercive interference, by one state in the internal or external affairs of another state also applies to cyber activities”
"" Coercion occurs when a state seeks to compel another state to change its behaviour with respect to its internal or external affairs.”
The customary international law rule of non-intervention prohibits the coercive interference in the internal or external affairs (‘domaine réservé’) of another state.","Position Paper of the Republic of Austria: Cyber Activities and International Law, pg. 5, §4 (2024).", ,
AUT,4.1 Is coercion limited to the employment of physical force? ,No,"“Coercion is most evident in an intervention using force. However, also non-forcible forms of interference can be coercive.”","Position Paper of the Republic of Austria: Cyber Activities and International Law,pg. 5, §4, ¶3 (2024).", ,
AUT,4.2 Can dictatorial demands or acts of compulsion or imposition constitute coercion?     ,Yes,Coercion occurs when a state seeks to compel another state to change its behaviour... i.e. to force that state to act in an involuntary manner or involuntarily refrain from acting in a particular way.,"Position Paper of the Republic of Austria: Cyber Activities and International Law, pg. 5, §4, ¶3 (2024).", ,
AUT, 4.3 Does the deprivation of a State’s ability to control matters within its domaine réservé amount to coercion?,Ambiguous,“Coercion occurs when a state seeks to compel another state to change its behaviour with respect to its internal or external affairs”,"Position Paper of the Republic of Austria: Cyber Activities and International Law, pg. 5, §4, ¶3 (2024).","It is ambiguous because on one hand the national statement is silent on the ‘State’s ability to control matters within its domaine réservé,’ but on the other hand it clearly mentions that the assessments would be made on a case- by-case basis.",
AUT, 4.4 Does coercion extend to any affirmative acts designed to deprive another state of its freedom of choice with regard to a matter of protected sovereign prerogative?,Yes,""" Coercion occurs when a state seeks to compel another state to change its behaviour with respect to its internal or external affairs, i.e. to force that state to act in an involuntary manner or involuntarily refrain from acting in a particular way.”","Position Paper of the Republic of Austria: Cyber Activities and International Law, pg. 5, §4, ¶3 (2024).", ,
AUT,4.5 Must there be a causal nexus between the responsible state’s actions/efforts and the effects on the target state’s internal or external affairs? ,Silent,,,,
AUT,4.6 Can attempts to coerce an outcome amount to prohibited intervention?      ,Yes," Coercion occurs when a state seeks to compel another state to change its behaviour with respect to its internal or external affairs, i.e. to force that state to act in an involuntary manner or involuntarily  refrain  from  acting  in  a  particular  way...
For instance, a cyber activity that interferes with a state’s ability to hold elections or which manipulates election results could, if undertaken to compel a state to involuntarily  change  a  government  policy,  constitute  a  violation  of  the  prohibition  of intervention.","Position Paper of the Republic of Austria: Cyber Activities and International Law, pg. 5, §4, ¶3 (2024).", ,
AUT,4.7 Is intent a constituent element of coercion?    , Ambiguous,"Coercion occurs when a state seeks to compel another state to change its behaviour with respect to its internal or external affairs, i.e. to force that state to act in an involuntary manner or  involuntarily  refrain  from  acting  in  a  particular  way...
For instance, a cyber activity that interferes with a state’s ability to hold elections or which manipulates election results could, if undertaken to compel a state to involuntarily  change  a  government  policy,  constitute  a  violation  of  the  prohibition  of intervention.","Position Paper of the Republic of Austria: Cyber Activities and International Law, pg. 5, §4, ¶3 (2024).",DBH Cmt: Could be “yes” as  “seeks to compel” suggests an intentional set of behavior ...,
AUT,"4.8 Must the action(s) constituting coercion be designed/intended to influence outcomes in, or conduct with respect to, a matter of protected sovereign prerogative?      ",Yes,"Coercion occurs when a state seeks to compel another state to change its behaviour with respect to its internal or external affairs, i.e. to force that state to act in an involuntary manner or involuntarily refrain  from  acting in a  particular way...
For instance, a cyber activity that interferes with a state’s ability to hold elections or which manipulates election results could, if undertaken to compel a state to involuntarily change  a  government policy, constitute  a  violation  of  the  prohibition  of intervention.","Position Paper of the Republic of Austria: Cyber Activities and International Law, pg. 5, §4, ¶3 (2024).", ,
AUT, 4.9   Can coercion be indirect?    ,Silent ,,," 
",
AUT, 4.10 Must the target state have knowledge of the coercive cyber operation constituting the purported intervention? ,Silent,,,,
AUT,5. Does intervention include forms of persuasion or propaganda?   ,Yes,"“For instance, a cyber activity that interferes with a state’s ability to hold elections or which manipulates election results could, if undertaken to compel a state to involuntarily  change  a  government  policy,  constitute  a  violation  of  the  prohibition  of intervention. Large-scale cyber activities, including disinformation campaigns, conducted by or attributable to a state may also constitute... a violation of the prohibition of intervention.” ","Position Paper of the Republic of Austria: Cyber Activities and International Law, pg. 5, §4, ¶3 (2024).",,
AUT,6. Is there a de minimis exception to the prohibition?  ,Silent,,,,
AUT,"7. Must the intervention be directed at matters over which the victim state is permitted by the principle of sovereignty, to decide freely? ",Yes,"The customary international law rule of non-intervention prohibits the coercive interference
in the internal or external affairs (“domaine réservé”) of another state. It was affirmed in
various declarations of the UNGA, including the Friendly Relations Declaration. As was held by the International Court of Justice (ICJ) in the Nicaragua case, the internal or external affairs of a state include matters in which each state is to decide freely, such as its “choice of a political, economic, social and cultural system, and the formulation of foreign policy.”","Position Paper of the Republic of Austria: Cyber Activities and International Law, pg. 5, §4, ¶2-3 (2024).",,
AUT,7.1 Does the zone of protected sovereign prerogatives include only internal affairs? ,No,"“As was held by the International Court of Justice (ICJ) in the Nicaragua case, the internal or external affairs of a state include matters in which each state is to decide freely, such as its choice of a political, economic, social and cultural system, and the formulation of foreign policy.”","Position Paper of the Republic of Austria: Cyber Activities and International Law, pg. 5, §4, ¶2 (2024).",,
AUT,7.2 Does the prohibition proscribe intervention in a state’s external (foreign) affairs? ,Yes,"“As was held by the International Court of Justice (ICJ) in the Nicaragua case, the internal or external affairs of a state include matters in which each state is to decide freely, such as its choice of a political, economic, social and cultural system, and the formulation of foreign policy.”","Position Paper of the Republic of Austria: Cyber Activities and International Law, pg. 5, §4, ¶2 (2024).",,
AUT,7.3 Is the zone of protected sovereign prerogatives referred to as domaine réservé? ,Yes,The customary international law rule of non-intervention prohibits the coercive interference in the internal or external affairs (“domaine réservé”) of another state.”,"Position Paper of the Republic of Austria: Cyber Activities and International Law, pg. 5, §4, ¶1 (2024).",,
AUT,"7.4 Is the domaine réservé limited to matters involving the state’s choice of a political, economic, social, and cultural system, and the formulation of foreign policy? ","Ambiguous
","The internal or external affairs of a state include matters in which each state is to decide freely, such as its “choice of a political, economic, social and cultural system, and the formulation of foreign policy.”","Position Paper of the Republic of Austria: Cyber Activities and International Law, pg. 5, §4, ¶2 (2024).","DBH Cmt – the “such as” makes the list seem representative not exclusive so I’m ambiguous at best or maybe “no”?
The words “such as” indicate that the list is not exhaustive. There could be more.",
AUT, 7.5 Does international law regulation over a matter of sovereign prerogative remove it from the domaine réservé?  ,Silent,,,,
AUT,7.6 Is critical infrastructure part of the domaine réservé?  ,Silent,,,,
AUT,7.7 Are elections part of the domaine réservé? ,Yes,"For instance, a cyber activity that interferes with a state’s ability to hold elections or which manipulates election results could, if undertaken to compel a state to involuntarily  change  a  government  policy,  constitute  a  violation  of  the  prohibition  of intervention.","2024 Austria position paper.pdf, pg. 5, §4, ¶3 (2024).",,
AUT, 7.8 Is the operation of legislatures a part of the domaine réservé?,Silent,,,,
AUT, 7.9 Is financial system stability part of the domaine réservé?  ,Silent,,,,
AUT,7.10 Are medical services part of the domaine réservé?  ,Silent,,,,
BOL,1. Is the prohibition of non-intervention a norm of customary international law? , Silent, ,,,
BOL,2. Is the scope of the principle of non-intervention uncertain?    ,Silent, ,,,
BOL,3. Does the prohibition of non-intervention apply to cyber-operations? ,Silent, ,,,
BOL,4. Is coercion a constituent element of prohibited intervention?, Silent, ,,,
BOL,4.1 Is coercion limited to the employment of physical force? ,Silent,,,,
BOL,4.2 Can dictatorial demands or acts of compulsion or imposition constitute coercion?     ,Silent,,,,
BOL, 4.3 Does the deprivation of a State’s ability to control matters within its domaine réservé amount to coercion?,Silent,,,,
BOL, 4.4 Does coercion extend to any affirmative acts designed to deprive another state of its freedom of choice with regard to a matter of protected sovereign prerogative?,Silent, ,,,
BOL,4.5 Must there be a causal nexus between the responsible state’s actions/efforts and the effects on the target state’s internal or external affairs? ,Silent," 
 ",,,
BOL,4.6 Can attempts to coerce an outcome amount to prohibited intervention?      ,Silent, ,,,
BOL,4.7 Is intent a constituent element of coercion?    ,  Silent,,,,
BOL,"4.8 Must the action(s) constituting coercion be designed/intended to influence outcomes in, or conduct with respect to, a matter of protected sovereign prerogative?      ",Silent, ,,,
BOL,4.9  Can coercion be indirect?    ,Silent, ,,,
BOL, 4.10 Must the target state have knowledge of the coercive cyber operation constituting the purported intervention? ,Silent,,,,
BOL,5. Does intervention include forms of persuasion or propaganda?   ,Silent,,,,
BOL,6. Is there a de minimis exception to the prohibition?  ,Silent,,,,
BOL,"7. Must the intervention be directed at matters over which the victim state is permitted by the principle of sovereignty, to decide freely? ",Silent,,,,
BOL,7.1 Does the zone of protected sovereign prerogatives include only internal affairs? ,Silent,,,,
BOL,7.2 Does the prohibition proscribe intervention in a state’s external (foreign) affairs? ,Silent,,,,
BOL,7.3 Is the zone of protected sovereign prerogatives referred to as domaine réservé? ,Silent,,,,
BOL,"7.4 Is the domaine réservé limited to matters involving the state’s choice of a political, economic, social, and cultural system, and the formulation of foreign policy? ",Silent,,,,
BOL, 7.5 Does international law regulation over a matter of sovereign prerogative remove it from the domaine réservé?  ,Silent,,,,
BOL,7.6 Is critical infrastructure part of the domaine réservé?  ,Silent,,,,
BOL,7.7 Are elections part of the domaine réservé? ,Silent,,,,
BOL, 7.8 Is the operation of legislatures a part of the domaine réservé?,Silent,,,,
BOL, 7.9 Is financial system stability part of the domaine réservé?  ,Silent,,,,
BOL,7.10 Are medical services part of the domaine réservé?  ,Silent,,,,
BRA,1. Is the prohibition of non-intervention a norm of customary international law? , Yes,"The principle of non-intervention, which is considered customary international
law, refers to “the right of every sovereign State to conduct its affairs without outside interference” ","Brazil, UNGA Official Compendium of Voluntary National Contributions, pg. 18, §2, ¶1 (2021).",,
BRA,2. Is the scope of the principle of non-intervention uncertain?    ,Silent,,,,
BRA,3. Does the prohibition of non-intervention apply to cyber-operations? ,Yes,...the customary norm prohibiting intervention in the internal affairs of another State applies irrespective of the means or medium used and extends to the use of ICTs by States.,"Brazil, UNGA Official Compendium of Voluntary National Contributions, pg. 19, §2, ¶1 (2021).", ,
BRA,4. Is coercion a constituent element of prohibited intervention?, Yes,"To violate the principle of non-intervention, the malicious use of ICTs against another State must involve an element of coercion affecting the right of the victim State to freely choose its political, economic, social and cultural system, and to formulate its foreign policy. ","Brazil, UNGA Official Compendium of Voluntary National Contributions, pg. 19, §2, ¶ 2 (2021).", ,
BRA,4.1 Is coercion limited to the employment of physical force? ,Ambiguous,"“To violate the principle of non-intervention, the malicious use of ICTs against another State must involve an element of coercion affecting the right of the victim State to freely choose its political, economic, social and cultural system, and to formulate its foreign policy’","Brazil, UNGA Official Compendium of Voluntary National Contributions, pg. 19, ¶ 2 (2021)
",Brazil’s national position does not mention what kinds of force will constitute coercion.,
BRA,4.2 Can dictatorial demands or acts of compulsion or imposition constitute coercion?     ,Silent,,,,
BRA, 4.3 Does the deprivation of a State’s ability to control matters within its domaine réservé amount to coercion?,Ambiguous,"To violate the principle of non-intervention, the malicious use of ICTs against another State must involve an element of coercion affecting the right of the victim State to freely choose its political, economic, social and cultural system, and to formulate its foreign policy. If attributable to a State, this breach entails this State’s international responsibility. ","Brazil, UNGA Official Compendium of Voluntary National Contributions, pg. 19, ¶ 2 (2021)
",,
BRA, 4.4 Does coercion extend to any affirmative acts designed to deprive another state of its freedom of choice with regard to a matter of protected sovereign prerogative?,Yes,"To violate the principle of non-intervention, the malicious use of ICTs against another State must involve an element of coercion affecting the right of the victim State to freely choose its political, economic, social and cultural system, and to formulate its foreign policy. If attributable to a State, this breach entails this State’s international responsibility.","Brazil, UNGA Official Compendium of Voluntary National Contributions, pg. 19, ¶ 2 (2021)",,
BRA,4.5 Must there be a causal nexus between the responsible state’s actions/efforts and the effects on the target state’s internal or external affairs? ,Silent," 
 ",,,
BRA,4.6 Can attempts to coerce an outcome amount to prohibited intervention?      ,Silent,,"
", Brazil’s national position does not mention what kinds of acts will constitute coercion.,
BRA,4.7 Is intent a constituent element of coercion?    ,Silent,,,,
BRA,"4.8 Must the action(s) constituting coercion be designed/intended to influence outcomes in, or conduct with respect to, a matter of protected sovereign prerogative?      ",Silent,,,  ,
BRA,4.9 Can coercion be indirect?    ,Silent ,,,,
BRA, 4.10 Must the target state have knowledge of the coercive cyber operation constituting the purported intervention? ,Silent,,,,
BRA,5. Does intervention include forms of persuasion or propaganda?   ,Silent,,,,
BRA,6. Is there a de minimis exception to the prohibition?  ,Silent,,,,
BRA,"7. Must the intervention be directed at matters over which the victim state is permitted by the principle of sovereignty, to decide freely? ",Yes,"...the malicious use of ICTs... must involve an element of coercion affecting the right of the victim State to freely choose its political, economic, social and cultural system, and to formulate its foreign policy.","Brazil, UNGA Official Compendium of Voluntary National Contributions, pg. 19, ¶ 2 (2021)",,
BRA,7.1 Does the zone of protected sovereign prerogatives include only internal affairs? ,No,"To violate the principle of non-intervention, the malicious use of ICTs against another State must involve an element of coercion affecting the right of the victim State to freely choose its political, economic, social and cultural system, and to formulate its foreign policy. If attributable to a State, this breach entails this State’s international responsibility.","Brazil, UNGA Official Compendium of Voluntary National Contributions, pg. 19, ¶ 2 (2021)
","It includes ‘foreign policy,’ which comes under external affairs.",
BRA,7.2 Does the prohibition proscribe intervention in a state’s external (foreign) affairs? ,Yes,"To violate the principle of non-intervention, the malicious use of ICTs against another State must involve an element of coercion affecting the right of the victim State to freely choose its political, economic, social and cultural system, and to formulate its foreign policy. If attributable to a State, this breach entails this State’s international responsibility.","Brazil, UNGA Official Compendium of Voluntary National Contributions, pg. 19, ¶ 2 (2021)
",,
BRA,7.3 Is the zone of protected sovereign prerogatives referred to as domaine réservé? ,No,,,Brazil’s national position does not use the words ‘domaine réservé.’,
BRA,"7.4 Is the domaine réservé limited to matters involving the state’s choice of a political, economic, social, and cultural system, and the formulation of foreign policy? ",Silent,,,,
BRA, 7.5 Does international law regulation over a matter of sovereign prerogative remove it from the domaine réservé?  ,Silent,,,,
BRA,7.6 Is critical infrastructure part of the domaine réservé?  ,Silent,,,,
BRA,"7.7 Are elections part of the domaine réservé, internal and/or external affairs? ",Yes,"Considering that elections are at the core of a State’s internal affairs, should the malicious use of ICTs... involve some level of coercion, then it must be prohibited by the principle of non-intervention. ","Brazil, UNGA Official Compendium of Voluntary National Contributions, pg. 19, ¶ 2 (2021)
","
Brazil’s national position does not use the words ‘domaine réservé’ but the decision on elections can be inferred.",
BRA, 7.8 Is the operation of legislatures a part of the domaine réservé?,Silent,,,,
BRA, 7.9 Is financial system stability part of the domaine réservé?  ,Silent,,,,
BRA,7.10 Are medical services part of the domaine réservé?  ,Silent,,,,
BRA,Questions ,Answer ,Citation ,Pincite,Comments ,
CAN,1. Is the prohibition of non-intervention a norm of customary international law? , Yes,State cyber activities may breach the foundational international law prohibition of intervention in the internal or external affairs of another State.,"Canada Statement on International Law Applicable in Cyberspace, pg. 14, ¶22 (2022).", ,
CAN,2. Is the scope of the principle of non-intervention uncertain?    ,Yes," Whether or not a cyber activity meets the threshold for a violation of the rule on territorial sovereignty or rises to the level of a violation of the rule against intervention will be determined on a case-by-case basis. As with the thresholds for violations of territorial sovereignty, Canada believes that further State practice and opinio juris will help clarify the thresholds for the rule of non-intervention, and the scope of customary law in this area over time.","Canada Statement on International Law Applicable in Cyberspace, pg. 14, ¶25 (2022).","
Canada’s national position sets out the standard for non-intervention in clear language (“case-by-case basis”), hence it can not be called uncertain.",
CAN,3. Does the prohibition of non-intervention apply to cyber-operations? ,Yes,"State cyber activities may breach the foundational international law prohibition of intervention in the internal or external affairs of another State. This would be the case where both of the following conditions are met: the activities aim to interfere with the internal or external affairs of the affected State involving its inherently sovereign functions, known as domaine réservé; and the activities would cause coercive effects that deprive, compel, or impose an outcome on the affected State on matters in which it has free choice.","Canada Statement on International Law Applicable in Cyberspace, pg. 14, ¶22 (2022).", ,
CAN,4. Is coercion a constituent element of prohibited intervention?, Yes,"State cyber activities may breach the foundational international law prohibition of intervention in the internal or external affairs of another State. This would be the case where both of the following conditions are met:
the activities aim to interfere with the internal or external affairs of the affected State involving its inherently sovereign functions, known as domaine réservé; and the activities would cause coercive effects that deprive, compel, or impose an outcome on the affected State on matters in which it has free choice. ","Canada Statement on International Law Applicable in Cyberspace, pg. 14, ¶22 (2022).
", ,
CAN,4.1 Is coercion limited to the employment of physical force? ,Ambiguous,"In its most serious form, coercion may arise through the threat or use of force but could also arise where a cyber activity is designed to deprive the affected State of its freedom of choice. Coercion must be distinguished from other conduct such as public diplomacy, criticism, persuasion, and propaganda.","Canada Statement on International Law Applicable in Cyberspace, pg. 14, ¶23 (2022).
"," “in its most serious form” suggests that some uses of force will qualify as interventions, but it’s not clear if the converse is true?

GPC:  I would revert to “no”.  Historically, NI and UoF were looked at by some states as essentially synonymous.  I expect we will get a lot, if not all no’s or silents to this question, but it is meant to see if the state EXCLUDES from NI non-forcible measures.  I see Canada saying force is but one means of coercion.",
CAN,4.2 Can dictatorial demands or acts of compulsion or imposition constitute coercion?     ,Yes,"State cyber activities may breach the foundational international law prohibition of intervention in the internal or external affairs of another State. This would be the case where both of the following conditions are met:... and, The activities would cause coercive effects that deprive, compel, or impose an outcome on the affected State. ","Canada Statement on International Law Applicable in Cyberspace, pg. 14, ¶22 (2022).", ,
CAN, 4.3 Does the deprivation of a State’s ability to control matters within its domaine réservé amount to coercion?,"
Silent",,,"Para 23 says, “In its most serious form, coercion may arise through the threat or use of force but could also arise where a cyber activity is designed to deprive the affected State of its freedom of choice”  but freedom of choice is not the same as control.",
CAN, 4.4 Does coercion extend to any affirmative acts designed to deprive another state of its freedom of choice with regard to a matter of protected sovereign prerogative?,Yes," In its most serious form, coercion may arise through the threat or use of force but could also arise where a cyber activity is designed to deprive the affected State of its freedom of choice. ","Canada Statement on International Law Applicable in Cyberspace, pg. 14, ¶23 (2022).", ,
CAN,4.5 Must there be a causal nexus between the responsible state’s actions/efforts and the effects on the target state’s internal or external affairs? ,Yes,"  State cyber activities may breach the foundational international law prohibition of intervention in the internal or external affairs of another State. This would be the case where both of the following conditions are met:
the activities aim to interfere with the internal or external affairs of the affected State involving its inherently sovereign functions, known as domaine réservé; and the activities would cause coercive effects that deprive, compel, or impose an outcome on the affected State on matters in which it has free choice. ","Canada Statement on International Law Applicable in Cyberspace, pg. 14, ¶22 (2022).","Canada’s national position states that both conditions must be met, in which the second condition requires causation.",
CAN,4.6 Can attempts to coerce an outcome amount to prohibited intervention?      ,No,"...activities would cause coercive effects that deprive, compel, or impose an outcome on the affected State on matters in which it has free choice.[14] ","Canada Statement on International Law Applicable in Cyberspace, pg. 14, ¶22 (2022).","Causation is necessary, mere attempts are not enough.",
CAN,4.7 Is intent a constituent element of coercion?    , No,"...activities would cause coercive effects that deprive, compel, or impose an outcome on the affected State on matters in which it has free choice","Canada Statement on International Law Applicable in Cyberspace, pg. 14, ¶22 (2022).","DBH:  The requirement of causing effects seems to rule out attempts?
",
CAN,"4.8 Must the action(s) constituting coercion be designed/intended to influence outcomes in, or conduct with respect to, a matter of protected sovereign prerogative?      ",Ambiguous,"In its most serious form, coercion may arise through the threat or use of force but could also arise where a cyber activity is designed to deprive the affected State of its freedom of choice. Coercion must be distinguished from other conduct such as public diplomacy, criticism, persuasion, and propaganda. ","Canada Statement on International Law Applicable in Cyberspace, pg. 14, ¶23 (2022).",,
CAN,4.9  Can coercion be indirect?    ,Silent,,,,
CAN, 4.10 Must the target state have knowledge of the coercive cyber operation constituting the purported intervention? ,Silent,,,,
CAN,5. Does intervention include forms of persuasion or propaganda?   ,No,"
In its most serious form, coercion may arise through the threat or use of force but could also arise where a cyber activity is designed to deprive the affected State of its freedom of choice. Coercion must be distinguished from other conduct such as public diplomacy, criticism, persuasion, and propaganda. ","Canada Statement on International Law Applicable in Cyberspace, pg. 14, ¶23 (2022).",,
CAN,6. Is there a de minimis exception to the prohibition?  ,Silent,,,,
CAN,"7. Must the intervention be directed at matters over which the victim state is permitted by the principle of sovereignty, to decide freely? ",Yes,"State cyber activities may breach the foundational international law prohibition of intervention in the internal or external affairs of another State. This would be the case where both of the following conditions are met:
the activities aim to interfere with the internal or external affairs of the affected State involving its inherently sovereign functions, known as domaine réservé; and
the activities would cause coercive effects that deprive, compel, or impose an outcome on the affected State on matters in which it has free choice. ","Canada Statement on International Law Applicable in Cyberspace, pg. 14, ¶22 (2022).",,
CAN,7.1 Does the zone of protected sovereign prerogatives include only internal affairs? ,No,"State cyber activities may breach the foundational international law prohibition of intervention in the internal or external affairs of another State. This would be the case where both of the following conditions are met:
the activities aim to interfere with the internal or external affairs of the affected State involving its inherently sovereign functions, known as domaine réservé; and...","Canada Statement on International Law Applicable in Cyberspace, pg. 14, ¶22 (2022).",,
CAN,7.2 Does the prohibition proscribe intervention in a state’s external (foreign) affairs? ,Yes,"
State cyber activities may breach the foundational international law prohibition of intervention in the internal or external affairs of another State. This would be the case where both of the following conditions are met:
the activities aim to interfere with the internal or external affairs of the affected State involving its inherently sovereign functions, known as domaine réservé; and...","Canada Statement on International Law Applicable in Cyberspace, pg. 14, ¶22 (2022).",,
CAN,7.3 Is the zone of protected sovereign prerogatives referred to as domaine réservé? ,Yes,"...the activities aim to interfere with the internal or external affairs of the affected State involving its inherently sovereign functions, known as domaine réservé; and... ","Canada Statement on International Law Applicable in Cyberspace, pg. 14, ¶22 (2022).",,
CAN,"7.4 Is the domaine réservé limited to matters involving the state’s choice of a political, economic, social, and cultural system, and the formulation of foreign policy? ","
Silent","
","

",,
CAN, 7.5 Does international law regulation over a matter of sovereign prerogative remove it from the domaine réservé?  ,Silent,,,,
CAN,7.6 Is critical infrastructure part of the domaine réservé?  ,Yes,"An example of a prohibited intervention would be a malicious cyber activity that hacks and disables a State’s election commission days before an election, preventing a significant number of citizens from voting, and ultimately influencing the election outcome. Another example would be a malicious cyber activity that disrupts the functioning of a major gas pipeline, compelling the affected State to change its position in bilateral negotiations surrounding an international energy accord.","Canada Statement on International Law Applicable in Cyberspace, pg. 14, ¶24 (2022).",The example of gas pipeline implies a critical infrastructure.,
CAN,7.7 Are elections part of the domaine réservé? ,Yes,"An example of a prohibited intervention would be a malicious cyber activity that hacks and disables a State’s election commission days before an election, preventing a significant number of citizens from voting, and ultimately influencing the election outcome. ","Canada Statement on International Law Applicable in Cyberspace, pg. 14, ¶24 (2022).",,
CAN, 7.8 Is the operation of legislatures a part of the domaine réservé?,Silent,,"
",,
CAN, 7.9 Is financial system stability part of the domaine réservé?  ,"
Silent", ,"
",,
CAN,7.10 Are medical services part of the domaine réservé?  ,"
Silent",,"
",,
CHL,1. Is the prohibition of non-intervention a norm of customary international law? ,Yes,"Likewise, based on the principle of sovereignty, every state has an obligation to respect the territorial integrity and independence of other states and must faithfully discharge its international obligations, including as regards the principle of nonintervention. Cyber operations that hinder another state from exercising its sovereignty therefore constitute a violation of that sovereignty and are prohibited under international law. ","OAS Inter-American Juridical Committee Questionnaire - Response by Chile, pg. 4-5, Question 8 (2019)","Although non-intervention is not explicitly discussed in the OAS, Chile notes that non-intervention is based on the principle of sovereignty. Customary international law is not explicitly discussed in terms of non-intervention.

DBH Cmt – the reference to the principle of non-intervention is enough for me to go to “yes” here",
CHL,2. Is the scope of the principle of non-intervention uncertain?    ,Silent, ,,,
CHL,3. Does the prohibition of non-intervention apply to cyber-operations? ,Silent,,,,
CHL,4. Is coercion a constituent element of prohibited intervention?, Silent, ,,,
CHL,4.1 Is coercion limited to the employment of physical force? ,Silent,,,,
CHL,4.2 Can dictatorial demands or acts of compulsion or imposition constitute coercion?     ,Silent,,,,
CHL, 4.3 Does the deprivation of a State’s ability to control matters within its domaine réservé amount to coercion?,Silent,,,,
CHL, 4.4 Does coercion extend to any affirmative acts designed to deprive another state of its freedom of choice with regard to a matter of protected sovereign prerogative?,Silent, ,,,
CHL,4.5 Must there be a causal nexus between the responsible state’s actions/efforts and the effects on the target state’s internal or external affairs? ,Silent," 
 ",,,
CHL,4.6 Can attempts to coerce an outcome amount to prohibited intervention?      ,Silent, ,,,
CHL,4.7 Is intent a constituent element of coercion?    , Silent,,,,
CHL,"4.8 Must the action(s) constituting coercion be designed/intended to influence outcomes in, or conduct with respect to, a matter of protected sovereign prerogative?      ",Silent, ,,,
CHL,4.9  Can coercion be indirect?    ,"Silent
", ,,,
CHL, 4.10 Must the target state have knowledge of the coercive cyber operation constituting the purported intervention? ,"Silent
",,,,
CHL,5. Does intervention include forms of persuasion or propaganda?   ,"Silent
",,,,
CHL,6. Is there a de minimis exception to the prohibition?  ,"Silent
",,,,
CHL,"7. Must the intervention be directed at matters over which the victim state is permitted by the principle of sovereignty, to decide freely? ","Silent
",,,,
CHL,7.1 Does the zone of protected sovereign prerogatives include only internal affairs? ,"Silent
",,,,
CHL,7.2 Does the prohibition proscribe intervention in a state’s external (foreign) affairs? ,"Silent
",,,,
CHL,7.3 Is the zone of protected sovereign prerogatives referred to as domaine réservé? ,"Silent
",,,,
CHL,"7.4 Is the domaine réservé limited to matters involving the state’s choice of a political, economic, social, and cultural system, and the formulation of foreign policy? ","Silent
",,,,
CHL, 7.5 Does international law regulation over a matter of sovereign prerogative remove it from the domaine réservé?  ,"Silent
",,,,
CHL,7.6 Is critical infrastructure part of the domaine réservé?  ,"Silent
",,,,
CHL,7.7 Are elections part of the domaine réservé? ,"Silent
",,,,
CHL, 7.8 Is the operation of legislatures a part of the domaine réservé?,"Silent
",,,,
CHL, 7.9 Is financial system stability part of the domaine réservé?  ,"Silent
",,,,
CHL,7.10 Are medical services part of the domaine réservé?  ,"Silent
",,,,
CHN,1. Is the prohibition of non-intervention a norm of customary international law? ,Ambiguous ,"The UN Charter and the principles enshrined in it, including sovereign equality, refraining from the use or threat of force, settlement of international disputes by peaceful means and non-intervention in the internal affairs of other States, apply in cyberspace. The application of these principles is the cornerstone of the peace, security and stability in cyberspace. 
","China’s Positions on International Rules-making in Cyberspace, pg. 2, § III, (2021) ", ,
CHN,2. Is the scope of the principle of non-intervention uncertain?    ,Silent,,,,
CHN,3. Does the prohibition of non-intervention apply to cyber-operations? ,Yes,"The UN Charter and the principles enshrined in it, including sovereign equality, refraining from the use or threat of force, settlement of international disputes by peaceful means and non-intervention in the internal affairs of other States, apply in cyberspace. The application of these principles is the cornerstone of the peace, security and stability in cyberspace. 

No State shall intervene in other States’ rights to survival, security and development in cyberspace. No State shall support or allow separatist forces to undermine other States' territorial integrity, national security and social stability through use of ICTs 
","China’s Positions on International Rules-making in Cyberspace, pg. 2, § III, (2021) 



China’s Views on the Application of the Principle of Sovereignty in Cyberspace, pg. 2,   § II (2021)", ,
CHN,4. Is coercion a constituent element of prohibited intervention?, Silent, ,,,
CHN,4.1 Is coercion limited to the employment of physical force? ,Silent,,,,
CHN,4.2 Can dictatorial demands or acts of compulsion or imposition constitute coercion?     ,Silent,,,,
CHN, 4.3 Does the deprivation of a State’s ability to control matters within its domaine réservé amount to coercion?,Silent,,,,
CHN, 4.4 Does coercion extend to any affirmative acts designed to deprive another state of its freedom of choice with regard to a matter of protected sovereign prerogative?,"Silent
", ,,,
CHN,4.5 Must there be a causal nexus between the responsible state’s actions/efforts and the effects on the target state’s internal or external affairs? ,"Silent
"," 
 ",,,
CHN,4.6 Can attempts to coerce an outcome amount to prohibited intervention?      ,"Silent
", ,,,
CHN,4.7 Is intent a constituent element of coercion?    ,  Silent,,,,
CHN,"4.8 Must the action(s) constituting coercion be designed/intended to influence outcomes in, or conduct with respect to, a matter of protected sovereign prerogative?      ","Silent
", ,,,
CHN,4.9  Can coercion be indirect?    ,Silent, ,,,
CHN, 4.10 Must the target state have knowledge of the coercive cyber operation constituting the purported intervention? ,"Silent
",,,,
CHN,5. Does intervention include forms of persuasion or propaganda?   ,"Silent
",,,,
CHN,6. Is there a de minimis exception to the prohibition?  ,Silent,,,,
CHN,"7. Must the intervention be directed at matters over which the victim state is permitted by the principle of sovereignty, to decide freely? ","Silent
",,,,
CHN,7.1 Does the zone of protected sovereign prerogatives include only internal affairs? ,Silent,,,,
CHN,7.2 Does the prohibition proscribe intervention in a state’s external (foreign) affairs? ,"Silent
",,,,
CHN,7.3 Is the zone of protected sovereign prerogatives referred to as domaine réservé? ,"Silent
",,,,
CHN,"7.4 Is the domaine réservé limited to matters involving the state’s choice of a political, economic, social, and cultural system, and the formulation of foreign policy? ","Silent
",,,,
CHN, 7.5 Does international law regulation over a matter of sovereign prerogative remove it from the domaine réservé?  ,"Silent
",,,,
CHN,7.6 Is critical infrastructure part of the domaine réservé?  ,Silent,,,,
CHN,7.7 Are elections part of the domaine réservé? ,Silent,,,,
CHN, 7.8 Is the operation of legislatures a part of the domaine réservé?,Silent,,,,
CHN, 7.9 Is financial system stability part of the domaine réservé?  ,Silent,,,,
CHN,7.10 Are medical services part of the domaine réservé?  ,Silent,,,,
COL,1. Is the prohibition of non-intervention a norm of customary international law? , Yes,"The obligation of non-intervention, a principle of Customary International Law, prohibits States from coercively interfering in the inherent functions of the State, such as their political, economic, or social systems and foreign policy.","Colombia’s National Position on International Law in Cyberspace, pg. 8, §4 (2025).", ,
COL,2. Is the scope of the principle of non-intervention uncertain?    ,Silent, ,,,
COL,3. Does the prohibition of non-intervention apply to cyber-operations? , Yes,"An act, including a cyber operation, that affects matters within a State’s ""domaine reserve” and is coercive in nature may violate the principle of non-intervention","Colombia’s National Position on International Law in Cyberspace, pg. 8, §4 (2025).", ,
COL,4. Is coercion a constituent element of prohibited intervention?,Yes,"An act, including a cyber operation, that affects matters within a State’s ""domaine reserve” and is coercive in nature may violate the principle of non-intervention","Colombia’s National Position on International Law in Cyberspace, pg. 8, §4 (2025).",,
COL,4.1 Is coercion limited to the employment of physical force? ,No,"Coercion can be understood in two ways: either as an act designed to compel a State to change its behavior or as an act that deprives a State of its control over these matters. While military interventions are clear cases of coercion, non-forcible interference, such as economic or political coercion, is more complex and context-dependent, with cyber operations often cited as an example.","Colombia’s National Position on the Application of International Law in Cyberspace, pg. 18, fn. 10 (2025)
","I can get to “no” here?

GPC:  I (reluctantly) agree.
Colombia’s national position does not discuss what kind of force entails coercion.",
COL,4.2 Can dictatorial demands or acts of compulsion or imposition constitute coercion?     ,Yes,"Coercion can be understood in two ways: either as an act designed to compel a State to change its behavior or as an act that deprives a State of its control over these matters. While military interventions are clear cases of coercion, non-forcible interference, such as economic or political coercion, is more complex and context-dependent, with cyber operations often cited as an example.","Colombia’s National Position on the Application of International Law in Cyberspace, pg. 18, fn. 10 (2025)",,
COL,4.3 Does the deprivation of a State’s ability to control matters within its domaine réservé amount to coercion?,Yes,"An act, including a cyber operation, that affects matters within a State’s ""domaine réservé"" and is coercive  in nature may violate the principle of non-intervention


Coercion can be understood in two ways: either as an act designed to compel a State to change its behavior or as an act that deprives a State of its control over these matters.","Colombia’s National Position on International Law in Cyberspace, pg. 8, §4 (2025).

Colombia’s National Position on the Application of International Law in Cyberspace, pg. 18, fn. 10 (2025)",,
COL,4.4 Does coercion extend to any affirmative acts designed to deprive another state of its freedom of choice with regard to a matter of protected sovereign prerogative?,Ambiguous,"Coercion can be understood in two ways: either as an act designed to compel a State to change its behavior or as an act that deprives a State of its control over these matters. While military interventions are clear cases of coercion, non-forcible interference, such as economic or political coercion, is more complex and context-dependent, with cyber operations often cited as an example.","Colombia’s National Position on the Application of International Law in Cyberspace, pg. 18, fn. 10 (2025)",,
COL,4.5 Must there be a causal nexus between the responsible state’s actions/efforts and the effects on the target state’s internal or external affairs? ,Silent,,,,
COL,4.6 Can attempts to coerce an outcome amount to prohibited intervention?      , Silent,,,,
COL,4.7 Is intent a constituent element of coercion?    , Silent,,,,
COL,"4.8 Must the action(s) constituting coercion be designed/intended to influence outcomes in, or conduct with respect to, a matter of protected sovereign prerogative?      ", Silent,,"
",,
COL,4.9  Can coercion be indirect?    ,Yes,"In accordance with the principle of non-intervention, States should not intervene directly or indirectly in the internal or external affairs of another State, including through ICTs. ","Colombia’s National Position on International Law in Cyberspace, pg. 8, §4 (2025).",,
COL, 4.10 Must the target state have knowledge of the coercive cyber operation constituting the purported intervention? ,Silent,,,,
COL,5. Does intervention include forms of persuasion or propaganda?   ,Silent,,,,
COL,6. Is there a de minimis exception to the prohibition?  ,Silent,,,,
COL,"7. Must the intervention be directed at matters over which the victim state is permitted by the principle of sovereignty, to decide freely? ",Yes,"The obligation of non-intervention, a principle of Customary International Law, prohibits States from coercively interfering in the inherent functions of the State[8], such as their political, economic, or social systems and foreign policy.","Colombia’s National Position on International Law in Cyberspace, pg. 8, §4 (2025).",‘Inherent functions’ implies to matters over which the state is permitted by the principle of sovereignty.,
COL,7.1 Does the zone of protected sovereign prerogatives include only internal affairs? ,No,"The obligation of non-intervention, a principle of Customary International Law, prohibits States from coercively interfering in the inherent functions of the State[8], such as their political, economic, or social systems and foreign policy.

[8] Internal or external affairs of other States.","Colombia’s National Position on the Application of International Law in Cyberspace, pg. 8, § 4; pg. 18, fn. 8 (2025)
",,
COL,7.2 Does the prohibition proscribe intervention in a state’s external (foreign) affairs? ,Yes,"
The obligation of non-intervention, a principle of Customary International Law, prohibits States from coercively interfering in the inherent functions of the State[8], such as their political, economic, or social systems and foreign policy.

In accordance with the principle of non-intervention, States should not intervene directly or indirectly in the internal or external affairs of another State, including through ICTs.","Colombia’s National Position on International Law in Cyberspace, pg. 8, §4 (2025).",,
COL,7.3 Is the zone of protected sovereign prerogatives referred to as domaine réservé? ,Yes,"An act, including a cyber operation, that affects matters within a State’s ""domaine réservé"" [9] and is coercive in nature may violate the principle of non-intervention.

[9] Areas where the State is free to decide, for example, like national elections or foreign policy,","Colombia’s National Position on International Law in Cyberspace, pg. 8, §4; pg. 18, fn. 9 (2025).",,
COL,"7.4 Is the domaine réservé limited to matters involving the state’s choice of a political, economic, social, and cultural system, and the formulation of foreign policy? ",Ambiguous,"The obligation of non-intervention, a principle of Customary International Law, prohibits States from coercively interfering in the inherent functions of the State[8], such as their political, economic, or social systems and foreign policy.

An act, including a cyber operation, that affects matters within a State’s ""domaine réservé""[9] and is coercive[10] in nature may violate the principle of non-intervention[11].","Colombia’s National Position on International Law in Cyberspace, pg. 8, §4 (2025).","It enlists “political, economic, or social systems and foreign policy” but the list is not exhaustive.",
COL, 7.5 Does international law regulation over a matter of sovereign prerogative remove it from the domaine réservé?  ,Silent,,,,
COL,7.6 Is critical infrastructure part of the domaine réservé?  ,Ambiguous,"In accordance with the principle of non-intervention, States should not intervene directly or indirectly in the internal or external affairs of another State, including through ICTs. Such would be the case, for instance, of interference with the electoral systems of another State, or cyber activities directed at interfering with the operation of the systems of public agencies or institutions in another state.","Colombia’s National Position on International Law in Cyberspace, pg. 8, §4 (2025).",Yes if electoral systems and systems of public agencies or institutions are critical infrastructure.,
COL,7.7 Are elections part of the domaine réservé? ,Yes," In accordance with the principle of non-intervention, States should not intervene directly or indirectly in the internal or external affairs of another State, including through ICTs. Such would be the case, for instance, of interference with the electoral systems of another State, or cyber activities directed at interfering with the operation of the systems of public agencies or institutions in another state.","Colombia’s National Position on International Law in Cyberspace, pg. 8, §4 (2025).",,
COL, 7.8 Is the operation of legislatures a part of the domaine réservé?,Ambiguous,"In accordance with the principle of non-intervention, States should not intervene directly or indirectly in the internal or external affairs of another State, including through ICTs. Such would be the case, for instance, of interference with the electoral systems of another State, or cyber activities directed at interfering with the operation of the systems of public agencies or institutions in another state.","Colombia’s National Position on International Law in Cyberspace, pg. 8, §4 (2025).",If “public agencies or institutions” can be read to mean the legislature,
COL, 7.9 Is financial system stability part of the domaine réservé?  ,Ambiguous,See question 7.6,,,
COL,7.10 Are medical services part of the domaine réservé?  ,Ambiguous,See question 7.6,,,
CRI,1. Is the prohibition of non-intervention a norm of customary international law? , Yes,The principle of non-intervention is grounded in customary international law and prohibits States from interfering directly or indirectly with matters within the domestic jurisdiction of other States...,"Costa Rica’s Position on The Application of International Law in Cyberspace, pg. 7, ¶23 (2023).", ,
CRI,2. Is the scope of the principle of non-intervention uncertain?    ,Silent, ,,,
CRI,3. Does the prohibition of non-intervention apply to cyber-operations? ,Yes," In Costa Rica’s view, these various forms of coercion may well be carried out in or through ICTs and amount to violations of the principle of non-intervention insofar as they interfere with a State’s internal or external affairs.
","Costa Rica’s Position on The Application of International Law in Cyberspace, pg. 7, ¶25 (2023).", ,
CRI,4. Is coercion a constituent element of prohibited intervention?, Yes,"23. …Moreover, according to the ICJ, a wrongful intervention is one which ‘uses methods of coercion in regard to such choices, which must remain free ones’ 

25. In Costa Rica’s view, these various forms of coercion may well be carried out in or through ICTs and amount to violations of the principle of non-intervention insofar as they interfere with a State’s internal or external affairs.
","Costa Rica’s Position on The Application of International Law in Cyberspace, pg. 7, ¶¶23, 25 (2023).", ,
CRI,4.1 Is coercion limited to the employment of physical force? ,No,"Coercion is clear-cut when a State uses or threatens to use force against another one. Nonetheless, it can also occur in a multitude of ways where one State, directly or indirectly through support for non-State actors, deprives another State of the capacity to make free and informed choices pertaining to its internal or external affairs. ","Costa Rica’s Position on The Application of International Law in Cyberspace, pg. 7, ¶24 (2023).", ,
CRI,4.2 Can dictatorial demands or acts of compulsion or imposition constitute coercion?     ,Ambiguous ,"Mere threats of intervention or acts seeking to interfere within another State’s domaine reservé may also breach the principle. For such breaches to occur, it suffices that a State intends to coerce another State, employs coercive methods, or eventually causes coercive effects in another State.","Costa Rica’s Position on The Application of International Law in Cyberspace, pg. 7, ¶24 (2023).", Does threats to use force as coercion qualify?,
CRI,4.3 Does the deprivation of a State’s ability to control matters within its domaine réservé amount to coercion?,Silent,,,,
CRI,4.4 Does coercion extend to any affirmative acts designed to deprive another state of its freedom of choice with regard to a matter of protected sovereign prerogative?,Yes," Coercion is clear-cut when a State uses or threatens to use force against another one. Nonetheless, it can also occur in a multitude of ways where one State, directly or indirectly through support for non-State actors, deprives another State of the capacity to make free and informed choices pertaining to its internal or external affairs. Coercion may occur when a State provides financial or other forms of support to secessionist, subversive or violent groups in the territory of another State, when it exercises significant political or economic pressure on another State, or when it engages in or supports subversive or hostile propaganda or the dissemination of false news that interfere in the internal or external affairs of another State … ","Costa Rica’s Position on The Application of International Law in Cyberspace, pg. 7, ¶24 (2023).", ,
CRI,4.5 Must there be a causal nexus between the responsible state’s actions/efforts and the effects on the target state’s internal or external affairs? ,Silent,,,,
CRI,4.6 Can attempts to coerce an outcome amount to prohibited intervention?      ,Yes," Moreover, coercion needs not be successful in intervening within a State’s internal or external affairs. Mere threats of intervention or acts seeking to interfere within another State’s domaine reservé may also breach the principle ","Costa Rica’s Position on The Application of International Law in Cyberspace, pg. 7, ¶24 (2023).", ,
CRI,4.7 Is intent a constituent element of coercion?    , Ambiguous,"Moreover, coercion needs not be successful in intervening within a State’s internal or external affairs. Mere threats of intervention or acts seeking to interfere within another State’s domaine reservé may also breach the principle. For such breaches to occur, it suffices that a State intends to coerce another State, employs coercive methods, or eventually causes coercive effects in another State ","Costa Rica’s Position on The Application of International Law in Cyberspace, pg. 7, ¶24 (2023)."," Threats of intervention or actions that seek to interfere with another state’s reserved domain may breach the principle of non-intervention based on intent to coerce. However, intent is presented as an alternative element to other factors that are independently sufficient to constitute a breach.",
CRI,"4.8 Must the action(s) constituting coercion be designed/intended to influence outcomes in, or conduct with respect to, a matter of protected sovereign prerogative?      ",Yes,"Coercion is clear-cut when a State uses or threatens to use force against another one. Nonetheless, it can also occur in a multitude of ways where one State, directly or indirectly through support for non-State actors, deprives another State of the capacity to make free and informed choices pertaining to its internal or external affairs. Coercion may occur when a State provides financial or other forms of support to secessionist, subversive or violent groups in the territory of another State, when it exercises significant political or economic pressure on another State, or when it engages in or supports subversive or hostile propaganda or the dissemination of false news that interfere in the internal or external affairs of another State. Moreover, coercion needs not be successful in intervening within a State’s internal or external affairs. Mere threats of intervention or acts seeking to interfere within another State’s domaine reservé may also breach the principle. For such breaches to occur, it suffices that a State intends to coerce another State, employs coercive methods, or eventually causes coercive effects in another State. ","Costa Rica’s Position on The Application of International Law in Cyberspace, pg. 7, ¶24 (2023).", ,
CRI,4.9  Can coercion be indirect? ,Yes,"Coercion is clear-cut when a State uses or threatens to use force against another one. Nonetheless, it can also occur in a multitude of ways where one State, directly or indirectly through support for non-State actors, deprives another State of the capacity to make free and informed choices pertaining to its internal or external affairs.","Costa Rica’s Position on The Application of International Law in Cyberspace, pg. 7, ¶24 (2023).", ,
CRI, 4.10 Must the target state have knowledge of the coercive cyber operation constituting the purported intervention? ,Silent,,,,
CRI,5. Does intervention include forms of persuasion or propaganda?   ,Yes,"Coercion may occur when a State provides financial or other forms of support to secessionist, subversive or
violent groups in the territory of another State, when it exercises significant political or economic pressure on another State, or when it engages in or supports subversive or hostile propaganda or the dissemination of false news that interfere in the internal or external affairs of another State.","Costa Rica’s Position on The Application of International Law in Cyberspace, pg. 7, ¶24 (2023).", ,
CRI,6. Is there a de minimis exception to the prohibition?  ,Silent,,,,
CRI,"7. Must the intervention be directed at matters over which the victim state is permitted by the principle of sovereignty, to decide freely? ",Yes,"According to the ICJ, a prohibited intervention is one bearing ‘on matters in which each State is permitted, by the
principle of State sovereignty, to decide freely’. Examples include ‘the choice of a political, economic, social and cultural system, and the formulation of foreign policy’, whether these are carried out by private or public entities,
and irrespective of a State’s new undertakings under international law. Moreover, according to the ICJ, a wrongful intervention is one which ‘uses methods of coercion in regard to such choices, which must remain free ones’","Costa Rica’s Position on The Application of International Law in Cyberspace, pg. 7, ¶23 (2023).",,
CRI,7.1 Does the zone of protected sovereign prerogatives include only internal affairs? ,No,"In Costa Rica’s view, these various forms of coercion may well be carried out in or through ICTs and amount to violations of the principle of non-intervention insofar as
they interfere with a State’s internal or external affairs. ","Costa Rica’s Position on The Application of International Law in Cyberspace, pg. 7, ¶25 (2023).",,
CRI,7.2 Does the prohibition proscribe intervention in a state’s external (foreign) affairs? ,Yes,"In Costa Rica’s view, these various forms of coercion may well be carried out in or through ICTs and amount to violations of the principle of non-intervention insofar as
they interfere with a State’s internal or external affairs. ","Costa Rica’s Position on The Application of International Law in Cyberspace, pg. 7, ¶25 (2023).",,
CRI,7.3 Is the zone of protected sovereign prerogatives referred to as domaine réservé? ,Yes,Mere threats of intervention or acts seeking to interfere within another State’s domaine reservé may also breach the principle.,"Costa Rica’s Position on The Application of International Law in Cyberspace, pg. 7, ¶24 (2023).",,
CRI,"7.4 Is the domaine réservé limited to matters involving the state’s choice of a political, economic, social, and cultural system, and the formulation of foreign policy? ",Ambiguous,"23. According to the ICJ, a prohibited intervention is one bearing ‘on matters in which each State is permitted, by the principle of State sovereignty, to decide freely’. Examples include ‘the choice of a political, economic, social and cultural system, and the formulation of foreign policy’...

25. In Costa Rica’s view, these various forms of coercion may well be carried out in or through ICTs and amount to violations of the principle of non-intervention insofar as
they interfere with a State’s internal or external affairs…","Costa Rica’s Position on The Application of International Law in Cyberspace, pg. 7, ¶¶23,25 (2023).","Although Costa Rica does not explicitly define what falls within the domaine reservé, forms of coercion and intervention may be carried out in ways that interfere with a state’s internal or external affairs, including the formulation of foreign police and the choice of a political, economic, social, and cultural system.",
CRI, 7.5 Does international law regulation over a matter of sovereign prerogative remove it from the domaine réservé?  ,Silent,,,,
CRI,7.6 Is critical infrastructure part of the domaine réservé?  ,Yes,"A prominent example of a breach of non-intervention are ransomware attacks crippling or simply interfering with a State’s ability to run public services, such as finance, education, and social security. ","Costa Rica’s Position on The Application of International Law in Cyberspace, pg. 7-8, ¶25 (2023).",,
CRI,7.7 Are elections part of the domaine réservé? ,Yes,"Moreover, foreign election interference may also infringe the principle of non-intervention. This may take the form of cyber operations directly interfering with mail ballots or voter databases, or electoral disinformation campaigns seeking to mislead the electorate about the vote itself, candidates, electoral polls or results.","Costa Rica’s Position on The Application of International Law in Cyberspace, pg. 7-8, ¶25 (2023).",,
CRI, 7.8 Is the operation of legislatures a part of the domaine réservé?,Silent,,,,
CRI, 7.9 Is financial system stability part of the domaine réservé?  ,Yes,"A prominent example of a breach of non-intervention are ransomware attacks crippling or simply interfering with a State’s ability to run public services, such as finance, education, and social security. ","Costa Rica’s Position on The Application of International Law in Cyberspace, pg. 7-8, ¶25 (2023).",,
CRI,7.10 Are medical services part of the domaine réservé?  ,Yes,"Other types of disinformation, such as those affecting a State’s health policies, may also amount to a prohibited intervention. ","Costa Rica’s Position on The Application of International Law in Cyberspace, pg. 7-8, ¶25 (2023).",,
CUB,1. Is the prohibition of non-intervention a norm of customary international law? ,Ambiguous,"24. The above-mentioned challenges cannot be met with the fragmented and diverse regulations of national jurisdictions and with supposed voluntary standards of good conduct that are easily ignored, without any legal consequences.

25. In this context, the implementation of the purposes and principles of the Charter of the United Nations in cyberspace, particularly the principles of sovereign equality, territorial integrity, non-intervention in the internal affairs of States, refraining from the use or threat of use of force against the territorial integrity and political independence of States, international cooperation for mutual and equitable benefit and interest, and the peaceful settlement of disputes, acquires particular relevance.
","Position Paper of the Republic of Cuba on the Application of International Law to Information and Communication Technologies in Cyberspace, pgs.3-4, ¶¶24-25 (2024).
"," Cuba seems skeptical about the relevance of customary international law at all, and then mentions non-intervention only in the context of the principles of the Charter.",
CUB,2. Is the scope of the principle of non-intervention uncertain?    ,Silent,,, ,
CUB,3. Does the prohibition of non-intervention apply to cyber-operations? ,Yes,"2. ... Ultimately, the violation of the obligation not to interfere in the internal affairs of other States is established irrespective of whether Information and Communication Technologies (ICTs) or otherwise were used.","Position Paper of the Republic of Cuba on the Application of International Law to Information and Communication Technologies in Cyberspace, pg.1, ¶1 (2024).
", ,
CUB,4. Is coercion a constituent element of prohibited intervention?,Silent,,, ,
CUB,4.1 Is coercion limited to the employment of physical force? ,Ambiguous,"6. The concept of the use of force has been analyzed from a perspective that involves the notions of armed violence, coercive force or force of interference. From this point of view, it is understood that only armed physical force is prohibited by Article 2(4) of the Unite Nations Charter and that the definition of armed attack is much more restrictive than that of use of force. Under current international law, a cyber action does not constitute an armed attack in accordance with Article 2(4), since it lacks the physical characteristics and other requirements that define the aforementioned military attacks, their effects and legal consequences.
...
8. Considering the misuse of ICTs as an act of aggression or war should inevitably lead to giving the same qualification to other contemporary practices, such as the application of sanctions or unilateral coercive measures of financial, economic, and political pressure. In contrast to the possible and often hypothetical scenarios of damage resulting from the misuse of ICTs, international evidence does point to the existence of devastating effects of the application of unilateral coercive measures.""","Position Paper of the Republic of Cuba on the Application of International Law to Information and Communication Technologies in Cyberspace, pgs.1-2, ¶¶ 6, 8 (2024).", ,
CUB,4.2 Can dictatorial demands or acts of compulsion or imposition constitute coercion?     ,Silent,,,,
CUB,4.3 Does the deprivation of a State’s ability to control matters within its domaine réservé amount to coercion?,Silent,,,,
CUB,4.4 Does coercion extend to any affirmative acts designed to deprive another state of its freedom of choice with regard to a matter of protected sovereign prerogative?,Ambiguous,"8. Considering the misuse of ICTs as an act of aggression or war should inevitably lead to giving the same qualification to other contemporary practices, such as the application of sanctions or unilateral coercive measures of financial, economic, and political pressure. In contrast to the possible and often hypothetical scenarios of damage resulting from the misuse of ICTs, international evidence does point to the existence of devastating effects of the application of unilateral coercive measures.""","Position Paper of the Republic of Cuba on the Application of International Law to Information and Communication Technologies in Cyberspace, pgs.1-2, ¶ 8 (2024).", ,
CUB,4.5 Must there be a causal nexus between the responsible state’s actions/efforts and the effects on the target state’s internal or external affairs? ,Silent,,,,
CUB,4.6 Can attempts to coerce an outcome amount to prohibited intervention?      ,Silent,,,,
CUB,4.7 Is intent a constituent element of coercion?    ,Silent,,,,
CUB,"4.8 Must the action(s) constituting coercion be designed/intended to influence outcomes in, or conduct with respect to, a matter of protected sovereign prerogative?      ",Silent,,, ,
CUB,4.9  Can coercion be indirect? ,Ambiguous,"8. Considering the misuse of ICTs as an act of aggression or war should inevitably lead to giving the same qualification to other contemporary practices, such as the application of sanctions or unilateral coercive measures of financial, economic, and political pressure. In contrast to the possible and often hypothetical scenarios of damage resulting from the misuse of ICTs, international evidence does point to the existence of devastating effects of the application of unilateral coercive measures.","Position Paper of the Republic of Cuba on the Application of International Law to Information and Communication Technologies in Cyberspace, pgs.1-2, ¶ 8 (2024).", ,
CUB, 4.10 Must the target state have knowledge of the coercive cyber operation constituting the purported intervention? ,Silent,,, ,
CUB,5. Does intervention include forms of persuasion or propaganda?   ,Ambiguous,"8. Considering the misuse of ICTs as an act of aggression or war should inevitably lead to giving the same qualification to other contemporary practices, such as the application of sanctions or unilateral coercive measures of financial, economic, and political pressure. In contrast to the possible and often hypothetical scenarios of damage resulting from the misuse of ICTs, international evidence does point to the existence of devastating effects of the application of unilateral coercive measures.","Position Paper of the Republic of Cuba on the Application of International Law to Information and Communication Technologies in Cyberspace, pgs.1-2, ¶ 8 (2024).", ,
CUB,6. Is there a de minimis exception to the prohibition?  ,Silent,,,,
CUB,"7. Must the intervention be directed at matters over which the victim state is permitted by the principle of sovereignty, to decide freely? ",Silent,,,,
CUB,7.1 Does the zone of protected sovereign prerogatives include only internal affairs? ,Silent,,,,
CUB,7.2 Does the prohibition proscribe intervention in a state’s external (foreign) affairs? ,Silent,,,,
CUB,7.3 Is the zone of protected sovereign prerogatives referred to as domaine réservé? ,Silent,,,,
CUB,"7.4 Is the domaine réservé limited to matters involving the state’s choice of a political, economic, social, and cultural system, and the formulation of foreign policy? ",Silent,,,,
CUB, 7.5 Does international law regulation over a matter of sovereign prerogative remove it from the domaine réservé?  ,Silent,,,,
CUB,7.6 Is critical infrastructure part of the domaine réservé?  ,Silent,,,,
CUB,7.7 Are elections part of the domaine réservé? ,Silent,,,,
CUB, 7.8 Is the operation of legislatures a part of the domaine réservé?,Silent,,,,
CUB, 7.9 Is financial system stability part of the domaine réservé?  ,Silent,,,,
CUB,7.10 Are medical services part of the domaine réservé?  ,Silent,,,,
CZE,1. Is the prohibition of non-intervention a norm of customary international law? , Yes,"The obligation of non-intervention is a well-established customary rule of international law stemming from the principle of State sovereignty, which is also applicable to cyberspace. 



First, as stated by the GGE and many of my colleagues here, existing international law applies to cyberspace in its entirety. Indeed, existing international law provides us with all the necessary tools to prevent actual conflicts in cyber domain. The issue at stake is not a gap in existing law, but compliance with existing law and reaching a common understanding on how to apply the law to today’s environment.  
","Czech Republic Position Paper on the Application of International Law in Cyberspace, pg.4, ¶7 (2024).

Statement of the Special Envoy for Cyberspace and Director of Cybersecurity Department of the Czech Republic, pg.1 (2020)
",,
CZE,2. Is the scope of the principle of non-intervention uncertain?    ,Silent, ,,,
CZE,3. Does the prohibition of non-intervention apply to cyber-operations? ,Yes," The obligation of non-intervention is a well-established customary rule of international law stemming from the principle of State sovereignty, which is also applicable to cyberspace. ","Czech Republic Position Paper on the Application of International Law in Cyberspace, pg.4, ¶7 (2024).
", ,
CZE,4. Is coercion a constituent element of prohibited intervention?,Yes,"There are two conditions for a cyber activity to be considered as an intervention prohibited under international law: 
...
b) The activity must be coercive in nature. Coercion is an activity intended to deprive, either directly or indirectly, the State of its ability to exercise control or govern matters within its internal and external affairs. The precise definition of coercion, and thus of unauthorised intervention, has not yet fully crystallised in customary international law, further State practice and opinio juris are therefore needed. ","Czech Republic Position Paper on the Application of International Law in Cyberspace, pg. 5, ¶ 9 (2024).
", ,
CZE,4.1 Is coercion limited to the employment of physical force? ,Ambiguous,"b) The activity must be coercive in nature. Coercion is an activity intended to deprive, either directly or indirectly, the State of its ability to exercise control or govern matters within its internal and external affairs. The precise definition of coercion, and thus of unauthorised intervention, has not yet fully crystallised in customary international law, further State practice and opinio juris are therefore needed. ","Czech Republic Position Paper on the Application of International Law in Cyberspace, pg.5, ¶ 9 (2024).

"," The Czech Republic acknowledges the debate over what coercive activity means exactly. In the absence of a precise definition, coercion is not necessarily limited to physical force.",
CZE,4.2 Can dictatorial demands or acts of compulsion or imposition constitute coercion?     ,Silent,,, ,
CZE, 4.3 Does the deprivation of a State’s ability to control matters within its domaine réservé amount to coercion?,Yes,"There are two conditions for a cyber activity to be considered as an intervention prohibited under international law: 
a) The activity has to tamper with the internal or external affairs of the State, also known as domaine réservé. Internal affairs include, for instance, the conduct of elections; court proceedings; or the drafting and enactment of laws. External affairs include, for instance, the ratification and denunciation of treaties; consenting to official activities of other State’s organs in its territory; or opening or closing down an embassy. 
b) The activity must be coercive in nature. Coercion is an activity intended to deprive, either directly or indirectly, the State of its ability to exercise control or govern matters within its internal and external affairs. The precise definition of coercion, and thus of unauthorised intervention, has not yet fully crystallised in customary international law, further State practice and opinio juris are therefore needed.","Czech Republic Position Paper on the Application of International Law in Cyberspace, pg.5, ¶ 9 (2024).

", The Czech Republic outlines two necessary conditions to find prohibited intervention. The deprivation of control of matters in the reserved domain is technically separate from coercion.,
CZE, 4.4 Does coercion extend to any affirmative acts designed to deprive another state of its freedom of choice with regard to a matter of protected sovereign prerogative?,Ambiguous,"  There are two conditions for a cyber activity to be considered as an intervention prohibited under international law: 
...
b) The activity must be coercive in nature. Coercion is an activity intended to deprive, either directly or indirectly, the State of its ability to exercise control or govern matters within its internal and external affairs. The precise definition of coercion, and thus of unauthorised intervention, has not yet fully crystallised in customary international law, further State practice and opinio juris are therefore needed.","Czech Republic Position Paper on the Application of International Law in Cyberspace, pg.5, ¶ 9 (2024).

", DBH Cmt – Is bolded langugage enough for a yes?,
CZE,4.5 Must there be a causal nexus between the responsible state’s actions/efforts and the effects on the target state’s internal or external affairs? ,Yes," Furthermore, a causal nexus between the activity and the effect on the target State to change its behaviour has to be considered. The assessment whether a particular cyber activity has reached the threshold of prohibited intervention has to be done on a case-by-case basis. ","Czech Republic Position Paper on the Application of International Law in Cyberspace, pg.5, ¶ 10 (2024).

", ,
CZE,4.6 Can attempts to coerce an outcome amount to prohibited intervention?      ,No," There are two conditions for a cyber activity to be considered as an intervention prohibited under international law:
a) The activity has to tamper with the internal or external affairs of the State, also known as domaine réservé. Internal affairs include, for instance, the conduct of elections; court proceedings; or the drafting and enactment of laws. External affairs include, for instance, the ratification and denunciation of treaties; consenting to official activities of other State’s organs in its territory; or opening or closing down an embassy.
b) The activity must be coercive in nature. Coercion is an activity intended to deprive, either directly or indirectly, the State of its ability to exercise control or govern matters within its internal and external affairs. The precise definition of coercion, and thus of unauthorised intervention, has not yet fully crystallised in customary international law, further State practice and opinio juris are therefore needed.
","Czech Republic Position Paper on the Application of International Law in Cyberspace, pg.5, ¶ 9 (2024)."," DBH Cmt – I read (a) to require an effect meaning there must be both an effect and an intention to effect?  But could be talked into reading this as ambiguous? 
.",
CZE,4.7 Is intent a constituent element of coercion?    , Yes,"9. There are two conditions for a cyber activity to be considered as an intervention prohibited under international law: 
...
b) The activity must be coercive in nature. Coercion is an activity intended to deprive, either directly or indirectly, the State of its ability to exercise control or govern matters within its internal and external affairs. The precise definition of coercion, and thus of unauthorised intervention, has not yet fully crystallised in customary international law, further State practice and opinio juris are therefore needed.  

11. There is a certain similarity between the terms “internal and external affairs” and “inherently governmental affairs”, which is one of the defining elements of violation of sovereignty. The difference between actions that violate sovereignty and actions that violate the prohibition of intervention is that the latter is coercive, i.e., intentionally aims to influence the State’s free will and choice","Czech Republic Position Paper on the Application of International Law in Cyberspace, pg.5, ¶ 9, 11 (2024).", ,
CZE,"4.8 Must the action(s) constituting coercion be designed/intended to influence outcomes in, or conduct with respect to, a matter of protected sovereign prerogative?      ",Yes," There is a certain similarity between the terms “internal and external affairs” and “inherently governmental affairs”, which is one of the defining elements of violation of sovereignty. The difference between actions that violate sovereignty and actions that violate the prohibition of intervention is that the latter is coercive, i.e., intentionally aims to influence the State’s free will and choice. ","Czech Republic Position Paper on the Application of International Law in Cyberspace, pg.5, ¶ 11 (2024).",,
CZE,4.9  Can coercion be indirect?    ,Yes,"  There are two conditions for a cyber activity to be considered as an intervention prohibited under international law: 
...
b) The activity must be coercive in nature. Coercion is an activity intended to deprive, either directly or indirectly, the State of its ability to exercise control or govern matters within its internal and external affairs. The precise definition of coercion, and thus of unauthorised intervention, has not yet fully crystallised in customary international law, further State practice and opinio juris are therefore needed. ","Czech Republic Position Paper on the Application of International Law in Cyberspace, pg.5, ¶ 9 (2024).", ,
CZE, 4.10 Must the target state have knowledge of the coercive cyber operation constituting the purported intervention? ,Silent,,, ,
CZE,5. Does intervention include forms of persuasion or propaganda?   ,No,"Prohibition of intervention does not cover cyber activities broadly described as “propaganda”, provided that they do not violate another specific rule of international law, such as direct and public incitement to commit genocide. Mere influencing, criticism or persuasion do not meet the requirements to be qualified as prohibited intervention either.","Czech Republic Position Paper on the Application of International Law in Cyberspace, pg.5, ¶ 13 (2024).", ,
CZE,6. Is there a de minimis exception to the prohibition?  ,Silent,,,,
CZE,"7. Must the intervention be directed at matters over which the victim state is permitted by the principle of sovereignty, to decide freely? ",Silent,"9. There are two conditions for a cyber activity to be considered as an intervention prohibited under international law: 
a) The activity has to tamper with the internal or external affairs of the State, also known as domaine réservé. Internal affairs include, for instance, the conduct of elections; court proceedings; or the drafting and enactment of laws. External affairs include, for instance, the ratification and denunciation of treaties; consenting to official activities of other State’s organs in its territory; or opening or closing down an embassy. 

11. There is a certain similarity between the terms “internal and external affairs” and “inherently governmental affairs”, which is one of the defining elements of violation of sovereignty. The difference between actions that violate sovereignty and actions that violate the prohibition of intervention is that the latter is coercive, i.e., intentionally aims to influence the State’s free will and choice. ","Czech Republic Position Paper on the Application of International Law in Cyberspace, pg.5, ¶¶ 9,11 (2024).
",,
CZE,7.1 Does the zone of protected sovereign prerogatives include only internal affairs? ,No ,"There are two conditions for a cyber activity to be considered as an intervention prohibited under international law: 
a) The activity has to tamper with the internal or external affairs of the State, also known as domaine réservé. Internal affairs include, for instance, the conduct of elections; court proceedings; or the drafting and enactment of laws. External affairs include, for instance, the ratification and denunciation of treaties; consenting to official activities of other State’s organs in its territory; or opening or closing down an embassy. ","Czech Republic Position Paper on the Application of International Law in Cyberspace, pg.5, ¶ 9 (2024).",,
CZE,7.2 Does the prohibition proscribe intervention in a state’s external (foreign) affairs? ,Yes,"There are two conditions for a cyber activity to be considered as an intervention prohibited under international law: 
a) The activity has to tamper with the internal or external affairs of the State, also known as domaine réservé. Internal affairs include, for instance, the conduct of elections; court proceedings; or the drafting and enactment of laws. External affairs include, for instance, the ratification and denunciation of treaties; consenting to official activities of other State’s organs in its territory; or opening or closing down an embassy. ","Czech Republic Position Paper on the Application of International Law in Cyberspace, pg.5, ¶ 9 (2024).",,
CZE,7.3 Is the zone of protected sovereign prerogatives referred to as domaine réservé? ,Yes,"There are two conditions for a cyber activity to be considered as an intervention prohibited under international law: 
a) The activity has to tamper with the internal or external affairs of the State, also known as domaine réservé. Internal affairs include, for instance, the conduct of elections; court proceedings; or the drafting and enactment of laws. External affairs include, for instance, the ratification and denunciation of treaties; consenting to official activities of other State’s organs in its territory; or opening or closing down an embassy.","Czech Republic Position Paper on the Application of International Law in Cyberspace, pg.5, ¶ 9 (2024).",,
CZE,"7.4 Is the domaine réservé limited to matters involving the state’s choice of a political, economic, social, and cultural system, and the formulation of foreign policy? ",Ambiguous,"7. A definition of prohibited intervention was provided by the International Court of Justice in the 1986 Nicaragua v United States case: “A prohibited intervention must […] be one bearing on matters in which each State is permitted, by the principle of State sovereignty, to decide freely. One of these is the choice of a political, economic, social, and cultural system, and the formulation of foreign policy. Intervention is wrongful when it uses methods of coercion in regard to such choices, which must remain free ones.” 

9. There are two conditions for a cyber activity to be considered as an intervention prohibited under international law: 
a) The activity has to tamper with the internal or external affairs of the State, also known as domaine réservé. Internal affairs include, for instance, the conduct of elections; court proceedings; or the drafting and enactment of laws. External affairs include, for instance, the ratification and denunciation of treaties; consenting to official activities of other State’s organs in its territory; or opening or closing down an embassy.","Czech Republic Position Paper on the Application of International Law in Cyberspace, pg.4-5, ¶¶ 7,9 (2024).

","The Czech Republic provides examples of internal and external affairs that fall under the domaine réservé, but does not explicitly limit prohibition to only matters related to the choice of political, economic, social, and cultural system, and the formulation of foreign policy.",
CZE, 7.5 Does international law regulation over a matter of sovereign prerogative remove it from the domaine réservé?  ,Silent,,,,
CZE,7.6 Is critical infrastructure part of the domaine réservé?  ,Silent,,,,
CZE,7.7 Are elections part of the domaine réservé? ,Yes,"9. There are two conditions for a cyber activity to be considered as an intervention prohibited under international law: 
a) The activity has to tamper with the internal or external affairs of the State, also known as domaine réservé. Internal affairs include, for instance, the conduct of elections; court proceedings; or the drafting and enactment of laws. 

12. The use of cyber means to target election systems to manipulate election results would, for example, constitute a violation of the obligation of non-intervention. ","Czech Republic Position Paper on the Application of International Law in Cyberspace, pg.5, ¶¶ 9,12 (2024).",,
CZE, 7.8 Is the operation of legislatures a part of the domaine réservé?,Yes,"There are two conditions for a cyber activity to be considered as an intervention prohibited under international law: 
a) The activity has to tamper with the internal or external affairs of the State, also known as domaine réservé. Internal affairs include, for instance, the conduct of elections; court proceedings; or the drafting and enactment of laws.","Czech Republic Position Paper on the Application of International Law in Cyberspace, pg.5, ¶ 9 (2024)",,
CZE, 7.9 Is financial system stability part of the domaine réservé?  ,Silent,,,,
CZE,7.10 Are medical services part of the domaine réservé?  ,Silent,,,,
DNK,1. Is the prohibition of non-intervention a norm of customary international law? , Yes," ""The principle of non-intervention is a fundamental principle of international law. It is a corollary of the principle of sovereignty, and more specifically the aspect that provides for the sovereign equality of States as set forth in article 2(1) of the UN Charter. 
Denmark is of the view that the prohibition of intervention is a rule of international law forming part of customary international law. This was established by the ICJ in the Nicaragua v. United States of America case where the Court held that States are prohibited from intervening directly or indirectly in internal or external affairs of other States. ","Denmark’s Position Paper on the Application of International Law in Cyberspace, pg. 449 (2023).", ,
DNK,2. Is the scope of the principle of non-intervention uncertain?    ,Ambiguous,"  The term coercion is not defined in either treaty law or customary international law. Denmark takes the view that an act may be considered of a coercive nature when the act of interference has a potential for compelling the target State to engage in an action that it would otherwise not take. However, a distinction must be drawn between activities that merely involve influencing, as opposed to compelling, the voluntary actions of a target State. 

The scope of activities falling within the domaine réservé include but are not limited to “ (…) the choice of a political, economic, social, and cultural system, and the formulation of foreign policy.” The range of activities covered by the non-intervention rule largely overlaps with the activities reserved to States under the rule of sovereignty. ","Denmark’s Position Paper on the Application of International Law in Cyberspace, pg. 450 (2023).

", “not limited to...”/overlap with sovereignty,
DNK,3. Does the prohibition of non-intervention apply to cyber-operations? ,Yes,"  The UN General Assembly has endorsed the conclusions set out in the reports from the Group of Governmental Experts (GGE) and the Open-ended Working Group on Information and Communication Technologies (OEWG) affirming that international law, including the UN Charter, applies in cyberspace. Denmark is an unwavering supporter of this view and continues to support efforts to develop the rules, norms and principles of responsible State behaviour in cyberspace. As a strong proponent of the rules based international order Denmark is fully committed to international law as the fundamental framework for responsible state behaviour in cyberspace. 
It is the view of Denmark that the application of international law does not depend on the particular technological means employed. Treaty obligations, customary law, and general principles of law apply across domains, which includes operations conducted in cyberspace (Toolkit, Denmark 2023)

Denmark considers that coercion is not limited to means of direct or indirect use of force and that also measures below this threshold may constitute coercion. Cyber activities that do not amount to use of force can therefore also be coercive.

","Denmark’s Position Paper on the Application of International Law in Cyberspace, pg. 447 (2023).
", ,
DNK,4. Is coercion a constituent element of prohibited intervention?, Yes,"The term coercion is not defined in either treaty law or customary international law. Denmark takes the view that an act may be considered of a coercive nature when the act of interference has a potential for compelling the target State to engage in an action that it would otherwise not take. However, a distinction must be drawn between activities that merely involve influencing, as opposed to compelling, the voluntary actions of a target State. 
In order for an action to qualify as an unlawful intervention it must qualify as an intervention in matters that are the sovereign prerogative of a State, the so-called domaine réservé, and it must involve an element of coercion
","Denmark’s Position Paper on the Application of International Law in Cyberspace, pg. 450 (2023).

", ,
DNK,4.1 Is coercion limited to the employment of physical force? ,No,"The term coercion is not defined in either treaty law or customary international law. Denmark takes the view that an act may be considered of a coercive nature when the act of interference has a potential for compelling the target State to engage in an action that it would otherwise not take...
To be coercive the effort to intervene must be designed to have a decisive impact on outcomes or conduct with respect to a matter reserved to the target State. As emphasized by the Court in the Nicaragua judgment coercive acts involving the use of force are particularly obvious examples of unlawful interventions. 
Denmark considers that coercion is not limited to means of direct or indirect use of force and that also measures below this threshold may constitute coercion. Cyber activities that do not amount to use of force can therefore also be coercive. ","Denmark’s Position Paper on the Application of International Law in Cyberspace, pg. 450 (2023).

", ,
DNK,4.2 Can dictatorial demands or acts of compulsion or imposition constitute coercion?     ,Ambiguous,Denmark takes the view that an act may be considered of a coercive nature when the act of interference has a potential for compelling the target State to engage in an action that it would otherwise not take ,"Denmark’s Position Paper on the Application of International Law in Cyberspace, pg. 450 (2023).", ,
DNK, 4.3 Does the deprivation of a State’s ability to control matters within its domaine réservé amount to coercion?,Silent,To be coercive the effort to intervene must be designed to have a decisive impact on outcomes or conduct with respect to a matter reserved to the target State. As emphasized by the Court in the Nicaragua judgment coercive acts involving the use of force are particularly obvious examples of unlawful interventions ,"Denmark’s Position Paper on the Application of International Law in Cyberspace, pg. 450 (2023).", ,
DNK, 4.4 Does coercion extend to any affirmative acts designed to deprive another state of its freedom of choice with regard to a matter of protected sovereign prerogative?,Yes,  Denmark takes the view that an act may be considered of a coercive nature when the act of interference has a potential for compelling the target State to engage in an action that it would otherwise not take … To be coercive the effort to intervene must be designed to have a decisive impact on outcomes or conduct with respect to a matter reserved to the target State. ,"Denmark’s Position Paper on the Application of International Law in Cyberspace, pg. 450 (2023).", ,
DNK,4.5 Must there be a causal nexus between the responsible state’s actions/efforts and the effects on the target state’s internal or external affairs? ,Silent," 
 ",, ,
DNK,4.6 Can attempts to coerce an outcome amount to prohibited intervention?      ,Yes,Denmark takes the view that an act may be considered of a coercive nature when the act of interference has a potential for compelling the target State to engage in an action that it would otherwise not take … To be coercive the effort to intervene must be designed to have a decisive impact on outcomes or conduct with respect to a matter reserved to the target State. To be coercive the effort to intervene must be designed to have a decisive impact on outcomes or conduct with respect to a matter reserved to the target State,"Denmark’s Position Paper on the Application of International Law in Cyberspace, pg. 450 (2023).", ,
DNK,4.7 Is intent a constituent element of coercion?    , Ambiguous,To be coercive the effort to intervene must be designed to have a decisive impact on outcomes or conduct with respect to a matter reserved to the target State. ,"Denmark’s Position Paper on the Application of International Law in Cyberspace, pg. 450 (2023).", ,
DNK,"4.8 Must the action(s) constituting coercion be designed/intended to influence outcomes in, or conduct with respect to, a matter of protected sovereign prerogative?      ",Yes, To be coercive the effort to intervene must be designed to have a decisive impact on outcomes or conduct with respect to a matter reserved to the target State. As emphasized by the Court in the Nicaragua judgment coercive acts involving the use of force are particularly obvious examples of unlawful interventions.,"Denmark’s Position Paper on the Application of International Law in Cyberspace, pg. 450 (2023).", ,
DNK,4.9  Can coercion be indirect?    ,Yes, Denmark considers that coercion is not limited to means of direct or indirect use of force and that also measures below this threshold may constitute coercion. Cyber activities that do not amount to use of force can therefore also be coercive (Toolkit),"Denmark’s Position Paper on the Application of International Law in Cyberspace, pg. 450 (2023).", ,
DNK, 4.10 Must the target state have knowledge of the coercive cyber operation constituting the purported intervention? ,Silent,,, ,
DNK,5. Does intervention include forms of persuasion or propaganda?   ,No,"However, a distinction must be drawn between activities that merely involve influencing, as opposed to compelling, the voluntary actions of a target State. Acts of influence, such as persuasion, criticism, and public diplomacy are insufficient to qualify as an intervention","Denmark’s Position Paper on the Application of International Law in Cyberspace, pg. 450 (2023).", ,
DNK,6. Is there a de minimis exception to the prohibition?  ,Silent,,,,
DNK,"7. Must the intervention be directed at matters over which the victim state is permitted by the principle of sovereignty, to decide freely? ",Yes,To be coercive the effort to intervene must be designed to have a decisive impact on outcomes or conduct with respect to a matter reserved to the target State.,"Denmark’s Position Paper on the Application of International Law in Cyberspace, pg. 450 (2023).",,
DNK,7.1 Does the zone of protected sovereign prerogatives include only internal affairs? ,No,"The scope of activities falling within the domaine réservé include but are not limited to “ (…) the choice of a political, economic, social, and cultural system, and the formulation of foreign policy.”[3] The range of activities covered by the non-intervention rule largely overlap with the activities reserved to States under the rule of sovereignty.","Denmark’s Position Paper on the Application of International Law in Cyberspace, pg. 450 (2023).",,
DNK,7.2 Does the prohibition proscribe intervention in a state’s external (foreign) affairs? ,Yes,"The scope of activities falling within the domaine réservé include but are not limited to “ (…) the choice of a political, economic, social, and cultural system, and the formulation of foreign policy.”[3] The range of activities covered by the non-intervention rule largely overlap with the activities reserved to States under the rule of sovereignty.","Denmark’s Position Paper on the Application of International Law in Cyberspace, pg. 450 (2023).",,
DNK,7.3 Is the zone of protected sovereign prerogatives referred to as domaine réservé? ,Yes,"In order for an action to qualify as an unlawful intervention it must qualify as an intervention in matters that are the sovereign prerogative of a State, the so-called domaine réservé, and it must involve an element of coercion","Denmark’s Position Paper on the Application of International Law in Cyberspace, pg. 450 (2023).",,
DNK,"7.4 Is the domaine réservé limited to matters involving the state’s choice of a political, economic, social, and cultural system, and the formulation of foreign policy? ",No,"The scope of activities falling within the domaine réservé include but are not limited to “ (…) the choice of a political, economic, social, and cultural system, and the formulation of foreign policy.”[3] The range of activities covered by the non-intervention rule largely overlap with the activities reserved to States under the rule of sovereignty.","Denmark’s Position Paper on the Application of International Law in Cyberspace, pg. 450 (2023).",,
DNK, 7.5 Does international law regulation over a matter of sovereign prerogative remove it from the domaine réservé?  ,Silent,,,,
DNK,7.6 Is critical infrastructure part of the domaine réservé?  ,Silent,,,,
DNK,7.7 Are elections part of the domaine réservé? ,Yes,"The scope of activities falling within the domaine réservé include but are not limited to “ (…) the choice of a political, economic, social, and cultural system, and the formulation of foreign policy.”

An example of unlawful intervention in the cyber domain could be where a State coercively interferes in the internal political process of another. In the cyber context this could potentially occur by using cyber technology to alter electronic ballots and thereby affecting the results of a political election. ","Denmark’s Position Paper on the Application of International Law in Cyberspace, pg. 450 (2023).",,
DNK, 7.8 Is the operation of legislatures a part of the domaine réservé?,Silent,,,,
DNK, 7.9 Is financial system stability part of the domaine réservé?  ,Silent,,,,
DNK,7.10 Are medical services part of the domaine réservé?  ,Silent,,,,
ECU,1. Is the prohibition of non-intervention a norm of customary international law? ,Silent, , , ,
ECU,2. Is the scope of the principle of non-intervention uncertain?    ,Silent, , , ,
ECU,3. Does the prohibition of non-intervention apply to cyber-operations? ,Silent, , , ,
ECU,4. Is coercion a constituent element of prohibited intervention?,Silent,,,,
ECU,4.1 Is coercion limited to the employment of physical force? ,Silent,,,,
ECU,4.2 Can dictatorial demands or acts of compulsion or imposition constitute coercion?     ,Silent,,,,
ECU,4.3 Does the deprivation of a State’s ability to control matters within its domaine réservé amount to coercion?,Silent,,,,
ECU, 4.4 Does coercion extend to any affirmative acts designed to deprive another state of its freedom of choice with regard to a matter of protected sovereign prerogative?,Silent,,,,
ECU,4.5 Must there be a causal nexus between the responsible state’s actions/efforts and the effects on the target state’s internal or external affairs? ,Silent,,,,
ECU,4.6 Can attempts to coerce an outcome amount to prohibited intervention?      ,Silent,,,,
ECU,4.7 Is intent a constituent element of coercion?    ,Silent,,,,
ECU,"4.8 Must the action(s) constituting coercion be designed/intended to influence outcomes in, or conduct with respect to, a matter of protected sovereign prerogative?      ",Silent,,,,
ECU,4.9  Can coercion be indirect?    ,Silent,,,,
ECU, 4.10 Must the target state have knowledge of the coercive cyber operation constituting the purported intervention? ,Silent,,,,
ECU,5. Does intervention include forms of persuasion or propaganda?   ,Silent,,,,
ECU,6. Is there a de minimis exception to the prohibition?  ,Silent,,,,
ECU,"7. Must the intervention be directed at matters over which the victim state is permitted by the principle of sovereignty, to decide freely? ",Silent,,,,
ECU,7.1 Does the zone of protected sovereign prerogatives include only internal affairs? ,Silent,,,,
ECU,7.2 Does the prohibition proscribe intervention in a state’s external (foreign) affairs? ,Silent,,,,
ECU,7.3 Is the zone of protected sovereign prerogatives referred to as domaine réservé? ,Silent,,,,
ECU,"7.4 Is the domaine réservé limited to matters involving the state’s choice of a political, economic, social, and cultural system, and the formulation of foreign policy? ",Silent,,,,
ECU, 7.5 Does international law regulation over a matter of sovereign prerogative remove it from the domaine réservé?  ,Silent,,,,
ECU,7.6 Is critical infrastructure part of the domaine réservé?  ,Silent,,,,
ECU,7.7 Are elections part of the domaine réservé? ,Silent,,,,
ECU, 7.8 Is the operation of legislatures a part of the domaine réservé?,Silent,,,,
ECU, 7.9 Is financial system stability part of the domaine réservé?  ,Silent,,,,
ECU,7.10 Are medical services part of the domaine réservé?  ,Silent,,,,
EST,1. Is the prohibition of non-intervention a norm of customary international law? , Yes," The principle of non-intervention is a well-established rule of international law, which flows from the principle of sovereignty, and applies to state conduct in Cyberspace. ","Estonia, UNGA Official Compendium of Voluntary National Contributions, pg. 25 (2021).",,
EST,2. Is the scope of the principle of non-intervention uncertain?    ,Silent," The principle of non-intervention is a well-established rule of international law, which flows from the principle of sovereignty, and applies to state conduct in cyberspace","Estonia, UNGA Official Compendium of Voluntary National Contributions, pg. 25 (2021).",,
EST,3. Does the prohibition of non-intervention apply to cyber-operations? ,Yes," The possibility for a cyber operation to constitute an unlawful intervention in the functions that form a part of a state’s domaine réservé has found acceptance among
states, including Estonia, especially regarding the rights and obligations deriving from the principle of state sovereignty. ","Estonia, UNGA Official Compendium of Voluntary National Contributions, pg. 25 (2021).", ,
EST,4. Is coercion a constituent element of prohibited intervention?, Yes,"  When discussing if a cyber operation constitutes an unlawful intervention into the external or internal affairs of another state, the element of coercion is a key factor. ","Estonia, UNGA Official Compendium of Voluntary National Contributions, pg. 25 (2021).", ,
EST,4.1 Is coercion limited to the employment of physical force? ,Silent,,, ,
EST,4.2 Can dictatorial demands or acts of compulsion or imposition constitute coercion?     ,Silent,,, ,
EST,4.3 Does the deprivation of a State’s ability to control matters within its domaine réservé amount to coercion?,Silent,,,,
EST, 4.4 Does coercion extend to any affirmative acts designed to deprive another state of its freedom of choice with regard to a matter of protected sovereign prerogative?,Ambiguous,"Stemming from that, cyber operations that aim to force another nation to act in an involuntary manner or to refrain from acting in a certain manner, and target the other nation’s domaine réservé (e.g. national democratic processes such as elections, or military, security or critical infrastructure systems) could constitute such an intervention.","Estonia, UNGA Official Compendium of Voluntary National Contributions, pg. 25 (2021).", ,
EST,4.5 Must there be a causal nexus between the responsible state’s actions/efforts and the effects on the target state’s internal or external affairs? ,Silent, ,, ,
EST,4.6 Can attempts to coerce an outcome amount to prohibited intervention?      ,Yes,"Stemming from that, cyber operations that aim to force another nation to act in an involuntary manner or to refrain from acting in a certain manner, and target the other nation’s domaine réservé (e.g. national democratic processes such as elections, or military, security or critical infrastructure systems) could constitute such an intervention.","Estonia, UNGA Official Compendium of Voluntary National Contributions, pg. 25 (2021).", ,
EST,4.7 Is intent a constituent element of coercion?    , Silent,,, ,
EST,"4.8 Must the action(s) constituting coercion be designed/intended to influence outcomes in, or conduct with respect to, a matter of protected sovereign prerogative?      ",Yes,"  If an operation attributable to another state affects a state’s internal or external affairs in such a manner that it coerces a state to take a course of action it would not
voluntarily seek, it would constitute a prohibited intervention. When discussing if a cyber operation constitutes an unlawful intervention into
the external or internal affairs of another state, the element of coercion is a key factor...

Stemming from that, cyber operations that aim to force another nation to act in an involuntary manner or to refrain from acting in a certain manner, and target the other nation’s domaine réservé (e.g. national democratic processes such as elections, or military, security or critical infrastructure systems) could constitute such an intervention.","Estonia, UNGA Official Compendium of Voluntary National Contributions, pg. 25 (2021).

", ,
EST,4.9  Can coercion be indirect?    ,Silent,,,,
EST, 4.10 Must the target state have knowledge of the coercive cyber operation constituting the purported intervention? ,Silent,,, ,
EST,5. Does intervention include forms of persuasion or propaganda?   ,Silent,,, ,
EST,6. Is there a de minimis exception to the prohibition?  ,Silent,,,,
EST,"7. Must the intervention be directed at matters over which the victim state is permitted by the principle of sovereignty, to decide freely? ",Ambiguous,"The possibility for a cyber operation to constitute an unlawful intervention in the functions that form a part of a state’s domaine réservé has found acceptance among states, including Estonia, especially regarding the rights and obligations deriving from the principle of state sovereignty. States’ domaine réservé according to the ICJ includes the “choice of a political, economic, social, and cultural system, and the formulation of foreign policy","Estonia, UNGA Official Compendium of Voluntary National Contributions, pg. 25 (2021).",,
EST,7.1 Does the zone of protected sovereign prerogatives include only internal affairs? ,No,"If an operation attributable to another state affects a state’s internal or external affairs in such a manner that it coerces a state to take a course of action it would not voluntarily seek, it would constitute a prohibited intervention.  Stemming from that, cyber operations that aim to force another nation to act in an involuntary manner or to refrain from acting in a certain manner, and target the other nation’s domaine réservé (e.g. national democratic processes such as elections, or military, security or critical infrastructure systems) could constitute such an intervention. ","Estonia, UNGA Official Compendium of Voluntary National Contributions, pg. 25 (2021).",,
EST,7.2 Does the prohibition proscribe intervention in a state’s external (foreign) affairs? ,Yes,"The possibility for a cyber operation to constitute an unlawful intervention in the functions that form a part of a state’s domaine réservé has found acceptance among states, including Estonia, especially regarding the rights and obligations deriving from the principle of state sovereignty. States’ domaine réservé according to the ICJ includes the “choice of a political, economic, social, and cultural system, and the formulation of foreign policy","Estonia, UNGA Official Compendium of Voluntary National Contributions, pg. 25 (2021).",,
EST,7.3 Is the zone of protected sovereign prerogatives referred to as domaine réservé? ,Yes,"The possibility for a cyber operation to constitute an unlawful intervention in the functions that form a part of a state’s domaine réservé has found acceptance among states, including Estonia, especially regarding the rights and obligations deriving from the principle of state sovereignty. States’ domaine réservé according to the ICJ includes the “choice of a political, economic, social, and cultural system, and the formulation of foreign policy. ","Estonia, UNGA Official Compendium of Voluntary National Contributions, pg. 25 (2021).",,
EST,"7.4 Is the domaine réservé limited to matters involving the state’s choice of a political, economic, social, and cultural system, and the formulation of foreign policy? ",Ambiguous,"The possibility for a cyber operation to constitute an unlawful intervention in the functions that form a part of a state’s domaine réservé has found acceptance among states, including Estonia, especially regarding the rights and obligations deriving from the principle of state sovereignty. States’ domaine réservé according to the ICJ includes the “choice of a political, economic, social, and cultural system, and the formulation of foreign policy.” ","Estonia, UNGA Official Compendium of Voluntary National Contributions, pg. 25 (2021).",,
EST, 7.5 Does international law regulation over a matter of sovereign prerogative remove it from the domaine réservé?  ,Silent,,,,
EST,7.6 Is critical infrastructure part of the domaine réservé?  ,Yes,"Stemming from that, cyber operations that aim to force another nation to act in an involuntary manner or to refrain from acting in a certain manner, and target the other nation’s domaine réservé (e.g. national democratic processes such as elections, or military, security or critical infrastructure systems) could constitute such an intervention.","Estonia, UNGA Official Compendium of Voluntary National Contributions, pg. 25 (2021).",,
EST,7.7 Are elections part of the domaine réservé? ,Yes,"Stemming from that, cyber operations that aim to force another nation to act in an involuntary manner or to refrain from acting in a certain manner, and target the other nation’s domaine réservé (e.g. national democratic processes such as elections, or military, security or critical infrastructure systems) could constitute such an intervention.","Estonia, UNGA Official Compendium of Voluntary National Contributions, pg. 25 (2021).",,
EST, 7.8 Is the operation of legislatures a part of the domaine réservé?,Silent,,,,
EST, 7.9 Is financial system stability part of the domaine réservé?  ,Silent,,,,
EST,7.10 Are medical services part of the domaine réservé?  ,Silent,,,,
EUN,1. Is the prohibition of non-intervention a norm of customary international law? , Yes,“The principle of non-intervention is a well-established rule of customary international law”,"Declaration on a Common Understanding of International Law in Cyberspace, pg. 5, § 2 (2024).",,
EUN,Is the scope of the principle of non-intervention uncertain?    ,Silent,,,,
EUN,3. Does the prohibition of non-intervention apply to cyber-operations? ,Yes,"“coercive interference with ICT systems, cloud-services and networks on another State’s territory or within its jurisdiction without its consent, within its domaine réservé, can constitute a prohibited intervention under international law”","Declaration on a Common Understanding of International Law in Cyberspace, pg. 5, § 2 (2024).",,
EUN,4. Is coercion a constituent element of prohibited intervention?,Yes,“An activity that is attributable to a State qualifies as a prohibited intervention if it coercively interferes with matters in which each State may decide freely”,"Declaration on a Common Understanding of International Law in Cyberspace, pg. 5, § 2 (2024).",,
EUN,4.1 Is coercion limited to the employment of physical force? ,No,"“Coercion could mean to compel another State to involuntarily pursue or forego a course of action. Accordingly, coercive interference with ICT systems, cloud-services and networks on another State’s territory or within its jurisdiction without its consent, within its domaine réservé, can constitute a prohibited intervention","Declaration on a Common Understanding of International Law in Cyberspace, pg. 5, § 2 (2024).",,
EUN,4.2 Can dictatorial demands or acts of compulsion or imposition constitute coercion?     ,Yes,“Coercion could mean to compel another State to involuntarily pursue or forego a course of action”,"Declaration on a Common Understanding of International Law in Cyberspace, pg. 5, § 2 (2024).",,
EUN, 4.3 Does the deprivation of a State’s ability to control matters within its domaine réservé amount to coercion?,Silent ,"“coercive interference with ICT systems, cloud-services and networks on another State’s territory or within its jurisdiction without its consent, within its domaine réservé, can constitute a prohibited intervention under international law if it is attributable to a State”","Declaration on a Common Understanding of International Law in Cyberspace, pg. 5, § 2 (2024).",,
EUN, 4.4 Does coercion extend to any affirmative acts designed to deprive another state of its freedom of choice with regard to a matter of protected sovereign prerogative?,Yes,“An activity that is attributable to a State qualifies as a prohibited intervention if it coercively interferes with matters in which each State may decide freely as stated by the International Court of Justice in the Nicaragua Judgement”,"Declaration on a Common Understanding of International Law in Cyberspace, pg. 5, § 2 (2024).",,
EUN,4.5 Must there be a causal nexus between the responsible state’s actions/efforts and the effects on the target state’s internal or external affairs? ,Silent,,,,
EUN,4.6 Can attempts to coerce an outcome amount to prohibited intervention?      ,Silent,,,,
EUN,4.7 Is intent a constituent element of coercion?    ,Silent,,,,
EUN,"4.8 Must the action(s) constituting coercion be designed/intended to influence outcomes in, or conduct with respect to, a matter of protected sovereign prerogative?      ",Silent,,,,
EUN, 4.9   Can coercion be indirect?    ,Yes,“The principle of non-intervention is a well-established rule of customary international law and is a corollary of sovereignty and the sovereign equality of all States. It prohibits a State from directly or indirectly intervening in the affairs of another State”,"Declaration on a Common Understanding of International Law in Cyberspace, pg. 5, § 2 (2024).",,
EUN, 4.10 Must the target state have knowledge of the coercive cyber operation constituting the purported intervention? ,Silent,,,,
EUN,5. Does intervention include forms of persuasion or propaganda?   ,Silent,,,,
EUN,6. Is there a de minimis exception to the prohibition?  ,Silent,,,,
EUN,"7. Must the intervention be directed at matters over which the victim state is permitted by the principle of sovereignty, to decide freely? ",Yes,“An activity that is attributable to a State qualifies as a prohibited intervention if it coercively interferes with matters in which each State may decide freely as stated by the International Court of Justice in the Nicaragua Judgement”,"Declaration on a Common Understanding of International Law in Cyberspace, pg. 5, § 2 (2024).",,
EUN,7.1 Does the zone of protected sovereign prerogatives include only internal affairs? ,ambiguous,“The principle of non-intervention is a well-established rule of customary international law and is a corollary of sovereignty and the sovereign equality of all States. It prohibits a State from directly or indirectly intervening in the affairs of another State. An activity that is attributable to a State qualifies as a prohibited intervention if it coercively interferes with matters in which each State may decide freely”,"Declaration on a Common Understanding of International Law in Cyberspace, pg. 5, § 2 (2024).",,
EUN,7.2 Does the prohibition proscribe intervention in a state’s external (foreign) affairs? ,ambiguous,“...prohibits a State from directly or indirectly intervening in the affairs of another State.”,"Declaration on a Common Understanding of International Law in Cyberspace, pg. 5, § 2 (2024).",,
EUN,7.3 Is the zone of protected sovereign prerogatives referred to as domaine réservé? ,Yes,"“coercive interference with ICT systems, cloud-services and networks on another State’s territory or within its jurisdiction without its consent, within its domaine réservé, can constitute a prohibited intervention under international law if it is attributable to a State (“","Declaration on a Common Understanding of International Law in Cyberspace, pg. 5, § 2 (2024).",,
EUN,"7.4 Is the domaine réservé limited to matters involving the state’s choice of a political, economic, social, and cultural system, and the formulation of foreign policy? ",Silent,,,,
EUN,7.5 Does international law regulation over a matter of sovereign prerogative remove it from the domaine réservé?  ,Silent,,,,
EUN,7.6 Is critical infrastructure part of the domaine réservé?  ,Silent,,,,
EUN,7.7 Are elections part of the domaine réservé? ,Silent,,,,
EUN,7.8 Is the operation of legislatures a part of the domaine réservé?,Silent,,,,
EUN,7.9 Is financial system stability part of the domaine réservé?  ,Silent,,,,
EUN,7.10 Are medical services part of the domaine réservé?  ,Silent,,,,
FIN,1. Is the prohibition of non-intervention a norm of customary international law? ,"  Yes
","A hostile interference by cyber means may also breach the customary prohibition of intervention in the internal affairs of another State. (paragraph 1, illegal intervention).","International Law and Cyberspace: Finland’s National Positions, pg.3, (2020).", ,
FIN,2. Is the scope of the principle of non-intervention uncertain?    ,No,"“The principle of State sovereignty has also given rise to a number of specific rules, such as those
prohibiting the use of force and intervention in the internal affairs of other States. Below the
threshold of prohibited intervention, all States have an obligation to refrain from acts that violate the territorial integrity or political independence of other States.”

“A hostile interference by cyber means may also breach the customary prohibition of intervention
in the internal affairs of another State...”","International Law and Cyberspace: Finland’s National Positions, pgs.2-3, (2020)."," Referred to as a specific rule that is customary. Includes the mention of a threshold, which implies that there is a certain scope.",
FIN,3. Does the prohibition of non-intervention apply to cyber-operations? ,Yes,"  A hostile interference by cyber means may also breach the customary prohibition of intervention in the internal affairs of another State, provided that it is done with the purpose of compelling or coercing that State in relation to affairs regarding which it has free choice (so-called domaine réservé). (paragraph 1, illegal intervention).","International Law and Cyberspace: Finland’s National Positions, pg.3, (2020).
", ,
FIN,4. Is coercion a constituent element of prohibited intervention?, Yes,  provided that it is done with the purpose of compelling or coercing that State in relation to affairs regarding which it has free choice (so-called domaine réservé). The requirement of coercion leaves out lesser forms of influence and persuasion that are commonplace in international relations,"International Law and Cyberspace: Finland’s National Positions, pg.3, (2020).", ,
FIN,4.1 Is coercion limited to the employment of physical force? ,No,"Hacking of voter databases or manipulation of vote counts in order to alter the election results has nevertheless been recognized as a fairly clear case.  To be comparable to a real world intervention, cyber interference must also be of a serious nature.  

Military or economic pressure may also qualify as coercion. Hostile cyber interference done with the purpose of promoting or supporting armed action in another State could constitute an example of prohibited intervention, provided that it seeks to force a certain policy change. 
","International Law and Cyberspace: Finland’s National Positions, pg.3, (2020).

", ,
FIN,4.2 Can dictatorial demands or acts of compulsion or imposition constitute coercion?     ,Silent,,,,
FIN, 4.3 Does the deprivation of a State’s ability to control matters within its domaine réservé amount to coercion?,Silent,,, ,
FIN, 4.4 Does coercion extend to any affirmative acts designed to deprive another state of its freedom of choice with regard to a matter of protected sovereign prerogative?,Yes,"A hostile interference by cyber means may also breach the customary prohibition of intervention in the internal affairs of another State, provided that it is done with the purpose of compelling or coercing that State in relation to affairs regarding which it has free choice (so-called domaine réservé).","International Law and Cyberspace: Finland’s National Positions, pg.3, (2020).", ,
FIN,4.5 Must there be a causal nexus between the responsible state’s actions/efforts and the effects on the target state’s internal or external affairs? ,Silent," 
 ",, ,
FIN,4.6 Can attempts to coerce an outcome amount to prohibited intervention?      ,Silent,,, ,
FIN,4.7 Is intent a constituent element of coercion?    , Yes,"A hostile interference by cyber means may also breach the customary prohibition of intervention in the internal affairs of another State, provided that it is done with the purpose of compelling or coercing that State in relation to affairs regarding which it has free choice (so-called domaine réservé).","International Law and Cyberspace: Finland’s National Positions, pg.3, (2020).", ,
FIN,"4.8 Must the action(s) constituting coercion be designed/intended to influence outcomes in, or conduct with respect to, a matter of protected sovereign prerogative?      ",Yes,"A hostile interference by cyber means may also breach the customary prohibition of intervention in the internal affairs of another State, provided that it is done with the purpose of compelling or coercing that State in relation to affairs regarding which it has free choice (so-called domaine réservé). 
 
Compared to a violation of sovereignty, the requirement of coercive nature and that of domaine réservé make the threshold of prohibited intervention considerably higher. ","International Law and Cyberspace: Finland’s National Positions, pg.4, (2020).

", ,
FIN,4.9  Can coercion be indirect?    ,Silent, ,, ,
FIN, 4.10 Must the target state have knowledge of the coercive cyber operation constituting the purported intervention? ,Silent,,, ,
FIN,5. Does intervention include forms of persuasion or propaganda?   ,No,The requirement of coercion leaves out lesser forms of influence and persuasion that are commonplace in international relations.,"International Law and Cyberspace: Finland’s National Positions, pg.3, (2020).", ,
FIN,6. Is there a de minimis exception to the prohibition?  ,Yes,"To be comparable to a real world intervention, cyber interference must also be of a serious nature.","International Law and Cyberspace: Finland’s National Positions, pg.3, (2020).",,
FIN,"7. Must the intervention be directed at matters over which the victim state is permitted by the principle of sovereignty, to decide freely? ",Yes,provided that it is done with the purpose of compelling or coercing that State in relation to affairs regarding which it has free choice (so-called domaine réservé). ,"International Law and Cyberspace: Finland’s National Positions, pg.3, (2020).",,
FIN,7.1 Does the zone of protected sovereign prerogatives include only internal affairs? ,No,"The limitation to sovereign affairs – such as a State’s political, economic or cultural system or the direction of its foreign policy – further distinguishes prohibited intervention from measures, the purpose of which is to compel another State to comply with its international obligations","International Law and Cyberspace: Finland’s National Positions, pg.3, (2020).",,
FIN,7.2 Does the prohibition proscribe intervention in a state’s external (foreign) affairs? ,Yes,"The limitation to sovereign affairs – such as a State’s political, economic or cultural system or the direction of its foreign policy – further distinguishes prohibited intervention from measures, the purpose of which is to compel another State to comply with its international obligations
","International Law and Cyberspace: Finland’s National Positions, pg.3, (2020).",,
FIN,7.3 Is the zone of protected sovereign prerogatives referred to as domaine réservé? ,Yes,provided that it is done with the purpose of compelling or coercing that State in relation to affairs regarding which it has free choice (so-called domaine reserve),"Finland, International Law and Cyberspace: Finland’s National Positions, pg.3, (2020).
",,
FIN,"7.4 Is the domaine réservé limited to matters involving the state’s choice of a political, economic, social, and cultural system, and the formulation of foreign policy? ",Silent,,,,
FIN, 7.5 Does international law regulation over a matter of sovereign prerogative remove it from the domaine réservé?  ,Ambiguous,"The limitation to sovereign affairs – such as a State’s political, economic or cultural system or the direction of its foreign policy – further distinguishes prohibited intervention from measures, the purpose of which is to compel another State to comply with its international obligations","Finland, International Law and Cyberspace: Finland’s National Positions, pg.3, (2020).",,
FIN,7.6 Is critical infrastructure part of the domaine réservé?  ,"Silent
",,,,
FIN,7.7 Are elections part of the domaine réservé? ,Yes,"For instance, while the conduct of elections belongs undisputedly to the internal affairs of each State, all methods of electoral interference do not display the element of coercion.[1] Hacking of voter databases or manipulation of vote counts in order to alter the election results has nevertheless been recognized as a fairly clear case.  To be comparable to a real world intervention, cyber interference must also be of a serious nature. ","Finland, International Law and Cyberspace: Finland’s National Positions, pg.3, (2020).
",,
FIN, 7.8 Is the operation of legislatures a part of the domaine réservé?,Silent,,,,
FIN, 7.9 Is financial system stability part of the domaine réservé?  ,Silent,,,,
FIN,7.10 Are medical services part of the domaine réservé?  ,Silent,,,,
FRA,1. Is the prohibition of non-intervention a norm of customary international law? , Yes ," France reaffirms the obligation for States to respect international law in cyberspace, including the United Nations Charter, and in particular the principles of the sovereign equality of States, the settlement of international disputes by peaceful means and the requirement for States to refrain in their international relations from the threat or use of force against the integrity or political independence of another State or in any other manner inconsistent with the purposes of the United Nations.","International Law Applied to Operations in Cyberspace: Paper shared by France with the OEWG, 
pg.2, §1.1 (2021). ",  ,
FRA,2. Is the scope of the principle of non-intervention uncertain?    ,Silent,,,,
FRA,3. Does the prohibition of non-intervention apply to cyber-operations? ,Yes,"Many States are acquiring the capacity to prepare and conduct operations in cyberspace. When carried out to the detriment of the rights of other States, such operations may breach international law. Depending on the extent of their intrusion or their effects, they may violate the principles of sovereignty, non-intervention or even the prohibition of the threat or use of force. ","International Law Applied to Operations in Cyberspace: Paper shared by France with the OEWG, 
pg.2, §1.1 (2021). ", ,
FRA,4. Is coercion a constituent element of prohibited intervention?, Silent,  ,,,
FRA,4.1 Is coercion limited to the employment of physical force? ,Silent,,, ,
FRA,4.2 Can dictatorial demands or acts of compulsion or imposition constitute coercion?     ,Silent,,, ,
FRA,4.3 Does the deprivation of a State’s ability to control matters within its domaine réservé amount to coercion?,Silent,,, ,
FRA,4.4 Does coercion extend to any affirmative acts designed to deprive another state of its freedom of choice with regard to a matter of protected sovereign prerogative?,Silent, ,, ,
FRA,4.5 Must there be a causal nexus between the responsible state’s actions/efforts and the effects on the target state’s internal or external affairs? ,Silent," 
 ",, ,
FRA,4.6 Can attempts to coerce an outcome amount to prohibited intervention?      ,Yes,"Depending on the extent of their intrusion or their effects, they may violate the principles of sovereignty, non-intervention or even the prohibition of the threat or use of force.  ….

interference which causes or may cause harm to France’s political, economic, social and cultural system, may constitute a violation of the principle of non-intervention","International Law Applied to Operations in Cyberspace: Paper shared by France with the OEWG, 
pg. 2, §§ 1.1 -1.1.1 (2021).", ,
FRA,4.7 Is intent a constituent element of coercion?    ,Silent,,, ,
FRA,"4.8 Must the action(s) constituting coercion be designed/intended to influence outcomes in, or conduct with respect to, a matter of protected sovereign prerogative?      ",Silent, ,, ,
FRA,4.9  Can coercion be indirect?    ,Silent, ,, ,
FRA, 4.10 Must the target state have knowledge of the cyber operation constituting the purported intervention? ,Silent,,, ,
FRA,5. Does intervention include forms of persuasion or propaganda?   ,Silent,,, ,
FRA,6. Is there a de minimis exception to the prohibition?  ,Silent,,,,
FRA,"7. Must the intervention be directed at matters over which the victim state is permitted by the principle of sovereignty, to decide freely? ",Ambiguous,"Interference by digital means in the internal or external affairs of France, International law applied to operations in cyberspace, i.e. interference which causes or may cause harm to France, International law applied to operations in cyberspace’s political, economic, social and cultural system, may constitute a violation of the principle of non-intervention ","International Law Applied to Operations in Cyberspace: Paper shared by France with the OEWG,   pg. 3, § 1.1.1 (2021).",,
FRA,7.1 Does the zone of protected sovereign prerogatives include only internal affairs? ,No,"Interference by digital means in the internal or external affairs of France, International law applied to operations in cyberspace, i.e. interference which causes or may cause harm to France, International law applied to operations in cyberspace’s political, economic, social and cultural system, may constitute a violation of the principle of non-intervention","International Law Applied to Operations in Cyberspace: Paper shared by France with the OEWG,  pg. 3, § 1.1.1 (2021).", Statement mentions both internal and external affairs.,
FRA,7.2 Does the prohibition proscribe intervention in a state’s external (foreign) affairs? ,Yes,"Interference by digital means in the internal or external affairs of France, International law applied to operations in cyberspace, i.e. interference which causes or may cause harm to France, International law applied to operations in cyberspace’s political, economic, social and cultural system, may constitute a violation of the principle of non-intervention.","International Law Applied to Operations in Cyberspace: Paper shared by France with the OEWG,  pg. 3, § 1.1.1 (2021).",,
FRA,7.3 Is the zone of protected sovereign prerogatives referred to as domaine réservé? ,No,,,,
FRA,"7.4 Is the domaine réservé limited to matters involving the state’s choice of a political, economic, social, and cultural system, and the formulation of foreign policy? ",Ambiguous,"Interference by digital means in the internal or external affairs of France, International law applied to operations in cyberspace, i.e. interference which causes or may cause harm to France, International law applied to operations in cyberspace’s political, economic, social and cultural system, may constitute a violation of the principle of non-intervention.","International Law Applied to Operations in Cyberspace: Paper shared by France with the OEWG,  pg. 3, § 1.1.1 (2021).",,
FRA, 7.5 Does international law regulation over a matter of sovereign prerogative remove it from the domaine réservé?  ,Silent,,,,
FRA,7.6 Is critical infrastructure part of the domaine réservé?  ,Silent,,,,
FRA,7.7 Are elections part of the domaine réservé? ,Silent,,,,
FRA, 7.8 Is the operation of legislatures a part of the domaine réservé?,Silent,,,,
FRA, 7.9 Is financial system stability part of the domaine réservé?  ,Silent,,,,
FRA,7.10 Are medical services part of the domaine réservé?  ,Silent,,,,
DEU,1. Is the prohibition of non-intervention a norm of customary international law? , Yes,"The prohibition of a wrongful intervention between States20 is not explicitly mentioned in the UN Charter. However, it is a corollary of the sovereignty principle, can be derived from art. 2 para. 1 UN Charter and is grounded in customary international law.","Federal Government of Germany, On the Application of International Law in Cyberspace, pg.4 (2021).",,
DEU,2. Is the scope of the principle of non-intervention uncertain?    ,Yes," Generally, for State-attributable conduct to qualify as a wrongful intervention, the conduct must (1) interfere with the domaine réservé of a foreign State and (2) involve coercion. Especially the definition of the latter element requires further clarification in the cyber context. ","Federal Government of Germany, On the Application of International Law in Cyberspace, pgs.4-5 (2021).",,
DEU,3. Does the prohibition of non-intervention apply to cyber-operations? ,Yes,“Germany is of the opinion that cyber measures may constitute a prohibited intervention under international law if they are comparable in scale and effect to coercion in non-cyber contexts.”,"Federal Government of Germany, On the Application of International Law in Cyberspace, pg.5 (2021).", ,
DEU,4. Is coercion a constituent element of prohibited intervention?, Yes,"“Generally, for State-attributable conduct to qualify as a wrongful intervention, the conduct must (1) interfere with the domaine réservé of a foreign State and (2) involve coercion.” ","Federal Government of Germany, On the Application of International Law in Cyberspace, pg.5 (2021).", ,
DEU,4.1 Is coercion limited to the employment of physical force? ,No,"Malicious cyber activities will only in some cases amount to direct or indirect use of force. However, measures below this threshold may also qualify as coercive.","Federal Government of Germany, On the Application of International Law in Cyberspace, pg.5 (2021).", ,
DEU,4.2 Can dictatorial demands or acts of compulsion or imposition constitute coercion?     ,Silent,,, ,
DEU, 4.3 Does the deprivation of a State’s ability to control matters within its domaine réservé amount to coercion?,Ambiguous,"Coercion implies that a State’s internal processes regarding aspects pertaining to its domaine réservé are significantly influenced or thwarted and that its will is manifestly bent by the foreign State’s conduct. 

…it is conceivable that a State, by spreading disinformation via the internet, may deliberately incite violent political upheaval, riots and/or civil strife in a foreign country, thereby significantly impeding the orderly conduct of an election and the casting of ballots. Such activities may be comparable in scale and effect to the support of insurgents and may hence be akin to coercion in the above-mentioned sense.”","Federal Government of Germany, On the Application of International Law in Cyberspace, pg.5 (2021).", ,
DEU,4.4 Does coercion extend to any affirmative acts designed to deprive another state of its freedom of choice with regard to a matter of protected sovereign prerogative?,Silent, ,, ,
DEU,4.5 Must there be a causal nexus between the responsible state’s actions/efforts and the effects on the target state’s internal or external affairs? ,Silent,,,,
DEU,4.6 Can attempts to coerce an outcome amount to prohibited intervention?      ,Ambiguous,"“Furthermore, beyond the mentioned examples, cyber activities targeting elections may be comparable in scale and effect to coercion if they aim at and result in a substantive disturbance or even permanent change of the political system of the targeted State, i.e. by significantly eroding public trust in a State’s political organs and processes, by seriously impeding important State organs in the fulfilment of their functions or by dissuading significant groups of citizens from voting, thereby undermining the meaningfulness of an election. Due to the complexity and singularity of such scenarios, it is difficult to formulate abstract criteria. Discussions in this context are still ongoing. “ ","Federal Government of Germany, On the Application of International Law in Cyberspace, pg.6 (2021)."," “Aim at and result in” seems to imply that both are necessary. 
No firm answer provided, last 2 sentences are the reason this was coded as Ambiguous.",
DEU,4.7 Is intent a constituent element of coercion?    ,Yes,"“Moreover, the acting State must intend to intervene in the internal affairs of the target State – otherwise the scope of the non-intervention principle would be unduly broad.”","Federal Government of Germany, On the Application of International Law in Cyberspace, pg.5 (2021).", ,
DEU,"4.8 Must the action(s) constituting coercion be designed/intended to influence outcomes in, or conduct with respect to, a matter of protected sovereign prerogative?      ",Yes,"“Moreover, the acting State must intend to intervene in the internal affairs of the target State otherwise the scope of the non-intervention principle would be unduly broad.”","Federal Government of Germany, On the Application of International Law in Cyberspace, pg.5 (2021).", ,
DEU,4.9   Can coercion be indirect?    ,Ambiguous,"“However, measures below this threshold may also qualify as coercive. Generally, Germany is of the opinion that cyber measures may constitute a prohibited intervention under international law if they are comparable in scale and effect
to coercion in non-cyber contexts.”","Federal Government of Germany, On the Application of International Law in Cyberspace, pg.5 (2021).", DBH - Do we go yes b/c indirect is accepted under non-intervention generally and so would fall within the the “comparable” category?,
DEU,4.10 Must the target state have knowledge of the coercive cyber operation constituting the purported intervention? ,Silent,,, ,
DEU,5. Does intervention include forms of persuasion or propaganda?   ,Ambiguous,"Even harsher forms of communication such as pointed commentary and sharp criticism as well as (persistent) attempts to obtain, through discussion, a certain reaction or the performance of a certain measure from another State do not as such qualify as coercion. 

“…For example, it is conceivable that a State, by spreading disinformation via the internet, may deliberately incite violent political upheaval, riots and/or civil strife in a foreign country, thereby significantly impeding the orderly conduct of an election and the casting of ballots.”","Federal Government of Germany, On the Application of International Law in Cyberspace, pg.5 (2021)."," DBH cmts – statement points in different directions at points on this ...

Read this as a form of propaganda",
DEU,6. Is there a de minimis exception to the prohibition?  ,Silent,,,,
DEU,"7. Must the intervention be directed at matters over which the victim state is permitted by the principle of sovereignty, to decide freely? ",Silent,,,,
DEU,7.1 Does the zone of protected sovereign prerogatives include only internal affairs? ,Yes,"Moreover, the acting State must intend to intervene in the internal affairs of the target State – otherwise the scope of the non-intervention principle would be unduly broad.","Federal Government of Germany, On the Application of International Law in Cyberspace, pg.5 (2021).",,
DEU,7.2 Does the prohibition proscribe intervention in a state’s external (foreign) affairs? ,Silent,,,,
DEU,7.3 Is the zone of protected sovereign prerogatives referred to as domaine réservé? ,Yes,"“Generally, for State-attributable conduct to qualify as a wrongful intervention, the conduct must (1) interfere with the domaine réservé of a foreign State”","Federal Government of Germany, On the Application of International Law in Cyberspace, pg.5 (2021).",,
DEU,"7.4 Is the domaine réservé limited to matters involving the state’s choice of a political, economic, social, and cultural system, and the formulation of foreign policy? ",Ambiguous,"“By virtue of sovereignty, a State’s political independence is protected and it retains the right to freely choose its political, social, economic and cultural system. Inter alia, a State may generally decide freely which role information and communication technologies should play in its governmental, administrative and adjudicative proceedings.”","Federal Government of Germany, On the Application of International Law in Cyberspace, pg.3 (2021).",Does not necessarily limit to the listed matters.,
DEU,Does international law regulation over a matter of sovereign prerogative remove it from the domaine réservé?  ,Silent,,,,
DEU,7.6 Is critical infrastructure part of the domaine réservé?  ,Silent,,,,
DEU,7.7 Are elections part of the domaine réservé? ,Yes,"“Germany generally agrees with the opinion that malicious cyber activities targeting foreign elections may – either individually or as part of a wider campaign involving cyber and non-cyber-related tactics – constitute a wrongful intervention.”

“Also, the disabling of election infrastructure and technology such as electronic ballots, etc. by malicious cyber activities may constitute a prohibited intervention, in particular if this compromises or even prevents the holding of an election, or if the results of an election are thereby substantially modified.”","Federal Government of Germany, On the Application of International Law in Cyberspace, pg.5-6 (2021).",,
DEU, 7.8 Is the operation of legislatures a part of the domaine réservé?,Silent,,,,
DEU, 7.9 Is financial system stability part of the domaine réservé?  ,Silent,,,,
DEU,7.10 Are medical services part of the domaine réservé?  ,Silent,,,,
GUA,1. Is the prohibition of non-intervention a norm of customary international law? ,Silent,,,,
GUA,2. Is the scope of the principle of non-intervention uncertain?    ,Silent,,,,
GUA,3. Does the prohibition of non-intervention apply to cyber-operations? ,Silent,,,,
GUA,4. Is coercion a constituent element of prohibited intervention?,"Silent
", ,, ,
GUA,4.1 Is coercion limited to the employment of physical force? ,"Silent
",,, ,
GUA,4.2 Can dictatorial demands or acts of compulsion or imposition constitute coercion?     ,"Silent
",,, ,
GUA, 4.3 Does the deprivation of a State’s ability to control matters within its domaine réservé amount to coercion?,"Silent
",,, ,
GUA, 4.4 Does coercion extend to any affirmative acts designed to deprive another state of its freedom of choice with regard to a matter of protected sovereign prerogative?,"Silent
", ,, ,
GUA,4.5 Must there be a causal nexus between the responsible state’s actions/efforts and the effects on the target state’s internal or external affairs? ,"Silent
"," 
 ",, ,
GUA,4.6 Can attempts to coerce an outcome amount to prohibited intervention?      ,"Silent
", ,, ,
GUA,4.7 Is intent a constituent element of coercion?    ," Silent
",,, ,
GUA,"4.8 Must the action(s) constituting coercion be designed/intended to influence outcomes in, or conduct with respect to, a matter of protected sovereign prerogative?      ",Silent, ,, ,
GUA,4.9  Can coercion be indirect?    ,"Silent
", ,, ,
GUA, 4.10 Must the target state have knowledge of the coercive cyber operation constituting the purported intervention? ,"Silent
",,, ,
GUA,5. Does intervention include forms of persuasion or propaganda?   ,"Silent
",,, ,
GUA,6. Is there a de minimis exception to the prohibition?  ,"Silent
",,,,
GUA,"7. Must the intervention be directed at matters over which the victim state is permitted by the principle of sovereignty, to decide freely? ","Silent
",,,,
GUA,7.1 Does the zone of protected sovereign prerogatives include only internal affairs? ,"Silent
",,,,
GUA,7.2 Does the prohibition proscribe intervention in a state’s external (foreign) affairs? ,"Silent
",,,,
GUA,7.3 Is the zone of protected sovereign prerogatives referred to as domaine réservé? ,"Silent
",,,,
GUA,"7.4 Is the domaine réservé limited to matters involving the state’s choice of a political, economic, social, and cultural system, and the formulation of foreign policy? ","Silent
",,,,
GUA, 7.5 Does international law regulation over a matter of sovereign prerogative remove it from the domaine réservé?  ,"Silent
",,,,
GUA,7.6 Is critical infrastructure part of the domaine réservé?  ,"Silent
",,,,
GUA,7.7 Are elections part of the domaine réservé? ,"Silent
",,,,
GUA, 7.8 Is the operation of legislatures a part of the domaine réservé?,"Silent
",,,,
GUA, 7.9 Is financial system stability part of the domaine réservé?  ,"Silent
",,,,
GUA,7.10 Are medical services part of the domaine réservé?  ,"Silent
",,,,
GUY,1. Is the prohibition of non-intervention a norm of customary international law? , Ambiguous,"“Cyber infrastructure located in areas covered by the territorial sovereignty is protected against interference by other States. This protection is not limited to activities amounting to an unjustified use of force, to an armed attack or to a prohibited intervention.”","OAS Inter-American Juridical Committee Questionnaire - Response by Guyana, pg.5, question 8 (2019).",Guyana’s position recognizes that territorial sovereignty entails protection against activities amounting to prohibited intervention.,
GUY,2. Is the scope of the principle of non-intervention uncertain?    ,Silent, ,, ,
GUY,3. Does the prohibition of non-intervention apply to cyber-operations? ,"Ambiguous
"," “Cyber infrastructure located in areas covered by the territorial sovereignty is protected against interference by other States. This protection is not limited to activities amounting to an unjustified use of force, to an armed attack or to a prohibited intervention.”","OAS Inter-American Juridical Committee Questionnaire - Response by Guyana, pg.5, question 8 (2019)."," Although international law should apply to cyberspace, Guayana’s position acknowledges that traditional principles are difficult to apply. However, this difficulty is mentioned mainly in respect to use of force, rather than non-intervention.",
GUY,4. Is coercion a constituent element of prohibited intervention?," Silent
", ,, ,
GUY,4.1 Is coercion limited to the employment of physical force? ,"Silent
",,, ,
GUY,4.2 Can dictatorial demands or acts of compulsion or imposition constitute coercion?     ,Silent,,, ,
GUY, 4.3 Does the deprivation of a State’s ability to control matters within its domaine réservé amount to coercion?,"Silent
",,, ,
GUY, 4.4 Does coercion extend to any affirmative acts designed to deprive another state of its freedom of choice with regard to a matter of protected sovereign prerogative?,Silent, ,, ,
GUY,4.5 Must there be a causal nexus between the responsible state’s actions/efforts and the effects on the target state’s internal or external affairs? ,Silent," 
 ",, ,
GUY,4.6 Can attempts to coerce an outcome amount to prohibited intervention?      ,Silent, ,, ,
GUY,4.7 Is intent a constituent element of coercion?    , Silent,,, ,
GUY,"4.8 Must the action(s) constituting coercion be designed/intended to influence outcomes in, or conduct with respect to, a matter of protected sovereign prerogative?      ",Silent, ,, ,
GUY,4.9  Can coercion be indirect?    ,Silent, ,, ,
GUY, 4.10 Must the target state have knowledge of the coercive cyber operation constituting the purported intervention? ,Silent,,, ,
GUY,5. Does intervention include forms of persuasion or propaganda?   ,Silent,,, ,
GUY,6. Is there a de minimis exception to the prohibition?  ,Silent,,,,
GUY,"7. Must the intervention be directed at matters over which the victim state is permitted by the principle of sovereignty, to decide freely? ",Silent,,,,
GUY,7.1 Does the zone of protected sovereign prerogatives include only internal affairs? ,Silent,,,,
GUY,7.2 Does the prohibition proscribe intervention in a state’s external (foreign) affairs? ,Silent,,,,
GUY,7.3 Is the zone of protected sovereign prerogatives referred to as domaine réservé? ,Silent,,,,
GUY,"7.4 Is the domaine réservé limited to matters involving the state’s choice of a political, economic, social, and cultural system, and the formulation of foreign policy? ",Silent,,,,
GUY, 7.5 Does international law regulation over a matter of sovereign prerogative remove it from the domaine réservé?  ,Silent,,,,
GUY,7.6 Is critical infrastructure part of the domaine réservé?  ,Silent,,,,
GUY,7.7 Are elections part of the domaine réservé? ,Silent,,,,
GUY, 7.8 Is the operation of legislatures a part of the domaine réservé?,Silent,,,,
GUY, 7.9 Is financial system stability part of the domaine réservé?  ,"Silent
",,,,
GUY,7.10 Are medical services part of the domaine réservé?  ,Silent,,,,
IRN,1. Is the prohibition of non-intervention a norm of customary international law? , Yes,"1. “The principle of non-intervention, without any doubt, is an independent principle of customary international law and any measure to change the political regime such as political forceful intervention is a gross violation of this principle.”","Position Paper of the Republic of Iran, pg. 3, Art. III, ¶1 (2020)", Nournews,
IRN,2. Is the scope of the principle of non-intervention uncertain?    ,Silent, ,, ,
IRN,3. Does the prohibition of non-intervention apply to cyber-operations? ,Yes,"1. “The principle of non-intervention, without any doubt, is an independent principle of customary international law and any measure to change the political regime such as political forceful intervention is a gross violation of this principle. Measures like cyber manipulation of elections or engineering the public opinions on the eve of the elections may be constituted of the examples of gross intervention. The intervention, also, covers situations in which the non-cyber measures may occur in the cyber activities relating to the internal and external affairs of the other state. Cyber activities paralyzing websites in a state to provoke internal tensions and conflicts or sending mass messages in a widespread manner to the voters to affect the result of the elections in other states is also considered as the forbidden intervention.” ","Position Paper of the Republic of Iran, pg. 3, Art. III, ¶1(2020)











", ,
IRN,4. Is coercion a constituent element of prohibited intervention?, Ambiguous," 2. “Armed intervention and all other forms of intervention or attempt to threaten against the personality of state or political, economic, social, and cultural organs of it through cyber and any other tools are regarded as unlawful. No state may compel the other state, by resorting to cyber and other means, to use or encourage to use of political, economic, or any other measures to subject that state in exercising its sovereign rights or guaranteeing concessions from that state.”
3. “All explicit and dainty forms and complicated techniques of duress, overthrow, and outrage (whether Cyber or non-cyber) to intrigue in the political, social, or economic order of other states or destabilizing governments seeking liberalization of their own economic, political and cultural system form control or intervention of foreigners, is unlawful.”","Position Paper of the Republic of Iran, pg. 3, Art. III, ¶2-3 (2020)", Iran’s position recognizes a wide variety of techniques that may be used to compel or coerce a state into exercising sovereign rights as a form of intervention.,
IRN,4.1 Is coercion limited to the employment of physical force? ,No," 2. “Armed intervention and all other forms of intervention or attempt to threaten against the personality of state or political, economic, social, and cultural organs of it through cyber and any other tools are regarded as unlawful. No state may compel the other state, by resorting to cyber and other means, to use or encourage to use of political, economic, or any other measures to subject that state in exercising its sovereign rights or guaranteeing concessions from that state.”
3. “All explicit and dainty forms and complicated techniques of duress, overthrow, and outrage (whether Cyber or non-cyber) to intrigue in the political, social, or economic order of other states or destabilizing governments seeking liberalization of their own economic, political and cultural system form control or intervention of foreigners, is unlawful.”","Position Paper of the Republic of Iran, pg. 3, Art. III, ¶2-3 (2020)"," Iran’s position recognizes a wide variety of techniques that may be used to compel or coerce a state into exercising sovereign rights as a form of intervention, including non-physical forms of duress and intrigue.",
IRN,4.2 Can dictatorial demands or acts of compulsion or imposition constitute coercion?     ,Yes," 2. “Armed intervention and all other forms of intervention or attempt to threaten against the personality of state or political, economic, social, and cultural organs of it through cyber and any other tools are regarded as unlawful. No state may compel the other state, by resorting to cyber and other means, to use or encourage to use of political, economic, or any other measures to subject that state in exercising its sovereign rights or guaranteeing concessions from that state.”
3. “All explicit and dainty forms and complicated techniques of duress, overthrow, and outrage (whether Cyber or non-cyber) to intrigue in the political, social, or economic order of other states or destabilizing governments seeking liberalization of their own economic, political and cultural system form control or intervention of foreigners, is unlawful.”","Position Paper of the Republic of Iran, pg. 3, Art. III, ¶2-3 (2020)"," Although dictatorial demands are not specifically mentioned, Iran’s position recognizes acts of compulsion as unlawful forms of intervention. Acts of compulsion may be dainty forms or complicated techniques of duress, outrage, or intrigue.",
IRN, 4.3 Does the deprivation of a State’s ability to control matters within its domaine réservé amount to coercion?,Silent,"
",, ,
IRN, 4.4 Does coercion extend to any affirmative acts designed to deprive another state of its freedom of choice with regard to a matter of protected sovereign prerogative?,Ambiguous," 2. “Armed intervention and all other forms of intervention or attempt to threaten against the personality of state or political, economic, social, and cultural organs of it through cyber and any other tools are regarded as unlawful. No state may compel the other state, by resorting to cyber and other means, to use or encourage to use of political, economic, or any other measures to subject that state in exercising its sovereign rights or guaranteeing concessions from that state.”
3. “All explicit and dainty forms and complicated techniques of duress, overthrow, and outrage (whether Cyber or non-cyber) to intrigue in the political, social, or economic order of other states or destabilizing governments seeking liberalization of their own economic, political and cultural system form control or intervention of foreigners, is unlawful.”","Position Paper of the Republic of Iran, pg. 3, Art. III, ¶2-3 (2020)"," Iran’s position notes that acts or measures designed to affect a state’s exercise of its sovereign rights are a form of intervention. Although coercion is not explicitly defined, acts of compulsion implicate forms of intervention.",
IRN,4.5 Must there be a causal nexus between the responsible state’s actions/efforts and the effects on the target state’s internal or external affairs? ,Silent," 
 ",, ,
IRN,4.6 Can attempts to coerce an outcome amount to prohibited intervention?      ,Yes,"1. “…Cyber activities paralyzing websites in a state to provoke internal tensions and conflicts or sending mass messages in a widespread manner to the voters to affect the result of the elections in other states is also considered as the forbidden intervention.”

2. “Armed intervention and all other forms of intervention or attempt to threaten against the personality of state or political, economic, social, and cultural organs of it through cyber and any other tools are regarded as unlawful. No state may compel the other state, by resorting to cyber and other means, to use or encourage to use of political, economic, or any other measures to subject that state in exercising its sovereign rights or guaranteeing concessions from that state.” 
3. “All explicit and dainty forms and complicated techniques of duress, overthrow, and outrage (whether Cyber or non-cyber) to intrigue in the political, social, or economic order of other states or destabilizing governments seeking liberalization of their own economic, political and cultural system form control or intervention of foreigners, is unlawful.”","Position Paper of the Republic of Iran, pg. 3, Art. III, ¶1-3 (2020)"," Although coercion is not explicitly defined, acts of compulsion implicate coercive forms of intervention in Iran’s position.",
IRN,4.7 Is intent a constituent element of coercion?    , Silent ,,, ,
IRN,"4.8 Must the action(s) constituting coercion be designed/intended to influence outcomes in, or conduct with respect to, a matter of protected sovereign prerogative?      ",Ambiguous," 4. “Every state enjoys the inherent right to the full development of information system and mass media and their employment, without intervention, to advance their own political, social, economic, and cultural interests and aspirations. Any measure resulting in impediment, denying, and or restricting operation of signals and means of information transfer and providing control systems and exercising the sovereignty of the state is regarded as unlawful.”","Position Paper of the Republic of Iran, pg. 3, Art. III, ¶4 (2020)"," Although the intent to influence outcomes or conduct regarding protected sovereign prerogatives is sufficient to show intervention, Iran’s position does not clearly explain any necessary intent or design behind coercion. For example, mere tampering with information transfers in any kind of media is deemed to be unlawful, which could be construed broadly.",
IRN,4.9  Can coercion be indirect?    ,Silent,,,,
IRN, 4.10 Must the target state have knowledge of the coercive cyber operation constituting the purported intervention? ,Silent,,, ,
IRN,5. Does intervention include forms of persuasion or propaganda?   ,Yes,"1. “The principle of non-intervention, without any doubt, is an independent principle of customary international law and any measure to change the political regime such as political forceful intervention is a gross violation of this principle. Measures like cyber manipulation of elections or engineering the public opinions on the eve of the elections may be constituted of the examples of gross intervention. The intervention, also, covers situations in which the non-cyber measures may occur in the cyber activities relating to the internal and external affairs of the other state. Cyber activities paralyzing websites in a state to provoke internal tensions and conflicts or sending mass messages in a widespread manner to the voters to affect the result of the elections in other states is also considered as the forbidden intervention.”
3. “All explicit and dainty forms and complicated techniques of duress, overthrow, and outrage (whether Cyber or non-cyber) to intrigue in the political, social, or economic order of other states or destabilizing governments seeking liberalization of their own economic, political and cultural system form control or intervention of foreigners, is unlawful.”
4. “Every state enjoys the inherent right to the full development of information system and mass media and their employment, without intervention, to advance their own political, social, economic, and cultural interests and aspirations. Any measure resulting in impediment, denying, and or restricting operation of signals and means of information transfer and providing control systems and exercising the sovereignty of the state is regarded as unlawful.”","Position Paper of the Republic of Iran, pg. 3, Art. III, ¶1, 3-4 (2020)", ,
IRN,6. Is there a de minimis exception to the prohibition?  ,Silent,,,,
IRN,"7. Must the intervention be directed at matters over which the victim state is permitted by the principle of sovereignty, to decide freely? ",Silent,,,,
IRN,7.1 Does the zone of protected sovereign prerogatives include only internal affairs? ,No,"“The intervention, also, covers situations in which the non-cyber measures may occur in the cyber activities relating to the internal and external affairs of the other state.”","Position Paper of the Republic of Iran, pg. 3, Art. III, ¶1 (2020)",,
IRN,7.2 Does the prohibition proscribe intervention in a state’s external (foreign) affairs? ,Yes,"“The intervention, also, covers situations in which the non-cyber measures may occur in the cyber activities relating to the internal and external affairs of the other state.”","Position Paper of the Republic of Iran, pg. 3, Art. III, ¶1 (2020)",,
IRN,7.3 Is the zone of protected sovereign prerogatives referred to as domaine réservé? ,No,,,Iran’s position does not discuss domaine réservé.,
IRN,"7.4 Is the domaine réservé limited to matters involving the state’s choice of a political, economic, social, and cultural system, and the formulation of foreign policy? ",No,"“The Islamic Republic of Iran has developed its sovereignty fields consistent with necessary capabilities for protection of its strategic military, economic, social, cultural, and political authority.”","Position Paper of the Republic of Iran, pg. 3, Art. III, ¶1 (2020)","Although Iran’s position does not discuss domaine réservé, its fields of sovereignty are developed in accord with the protections of its strategic military, economic, social, cultural, and political authority.",
IRN, 7.5 Does international law regulation over a matter of sovereign prerogative remove it from the domaine réservé?  ,Silent,,,,
IRN,7.6 Is critical infrastructure part of the domaine réservé?  ,Silent,,,,
IRN,7.7 Are elections part of the domaine réservé? ,Yes,“Measures like cyber manipulation of elections or engineering the public opinions on the eve of the elections may be constituted of the examples of gross intervention.”,"Position Paper of the Republic of Iran, pg. 3, Art. III, ¶1 (2020)","Election interference is listed as a violation of non-intervention. However, Iran’s position does not mention whether elections are necessarily a part of domaine réservé.",
IRN, 7.8 Is the operation of legislatures a part of the domaine réservé?,Silent,,,,
IRN, 7.9 Is financial system stability part of the domaine réservé?  ,Silent,,,,
IRN,7.10 Are medical services part of the domaine réservé?  ,Silent,,,,
IRL,1. Is the prohibition of non-intervention a norm of customary international law? , Yes,"1. “International law, including the Charter of the United Nations, applies in cyberspace.”

8. “The principle of non-intervention in the internal affairs of states, a corollary of the principle of sovereignty, involves the right of every sovereign state to conduct its affairs without interference.”","
Ireland Position Paper on the Application of International Law in Cyberspace, pg. 1, ¶1; pg. 2, ¶ 8 (2023). "," Ireland’s position closely links the principle of non-intervention to the principle of sovereignty, recognizing international law under the Charter of the United Nations.",
IRL,2. Is the scope of the principle of non-intervention uncertain?    ,Silent, ,,,
IRL,3. Does the prohibition of non-intervention apply to cyber-operations? ,Yes,"8. “The principle of non-intervention in the internal affairs of states, a corollary of the principle of sovereignty, involves the right of every sovereign state to conduct its affairs
without interference. The principle of non-intervention, outside the context of use of force, applies to one state’s actions in relation to another state where two elements are
present: (i) coercion by one state of another state; and (ii) in relation to ‘matters in which each state is permitted, by the principle of state sovereignty, to decide freely.’”

9. “In order for the principle to be engaged, an intervention in the cyber context must be of sufficient seriousness, comparable in scale and effects to coercive action in a non-cyber context.”","Ireland Position Paper on the Application of International Law in Cyberspace, pg. 2, ¶¶ 8-9 (2023).", ,
IRL,4. Is coercion a constituent element of prohibited intervention?, Yes,"8. “The principle of non-intervention, outside the context of use of force, applies to one state’s actions in relation to another state where two elements are present: (i) coercion by one state of another state; and (ii) in relation to ‘matters in which each state is permitted, by the principle of state sovereignty, to decide freely.’”","Ireland Position Paper on the Application of International Law in Cyberspace, pg. 2, ¶ 8 (2023).", ,
IRL,4.1 Is coercion limited to the employment of physical force? ,Silent,,,,
IRL,4.2 Can dictatorial demands or acts of compulsion or imposition constitute coercion?     ,Silent,,,,
IRL, 4.3 Does the deprivation of a State’s ability to control matters within its domaine réservé amount to coercion?,Silent,,,,
IRL, 4.4 Does coercion extend to any affirmative acts designed to deprive another state of its freedom of choice with regard to a matter of protected sovereign prerogative?,Yes,"8. “The principle of non-intervention, outside the context of use of force, applies to one state’s actions in relation to another state where two elements are present: (i) coercion by one state of another state; and (ii) in relation to ‘matters in which each state is permitted, by the principle of state sovereignty, to decide freely.’ As regards what is encompassed by the latter element, the ICJ in the Nicaragua case provided specific examples such as the ‘choice of a political, economic, social and cultural system, and the formulation of foreign policy.’”
","Ireland Position Paper on the Application of International Law in Cyberspace, pg. 2, ¶ 8 (2023)."," Ireland’s position recognizes that coercion in relation to matters of state sovereignty is an element of intervention. Coercion that affects the free choice of a political, economic, social, and cultural system or foreign policy is thus unlawful.",
IRL,4.5 Must there be a causal nexus between the responsible state’s actions/efforts and the effects on the target state’s internal or external affairs? ,Silent," 
 ",, ,
IRL,4.6  Can attempts to coerce an outcome amount to prohibited intervention?      ,Silent,,,,
IRL,4.7 Is intent a constituent element of coercion?    , Silent,,, ,
IRL,"4.8 Must the action(s) constituting coercion be designed/intended to influence outcomes in, or conduct with respect to, a matter of protected sovereign prerogative?      ",Yes,"8. “The principle of non-intervention, outside the context of use of force, applies to one state’s actions in relation to another state where two elements are present: (i) coercion by one state of another state; and (ii) in relation to ‘matters in which each state is permitted, by the principle of state sovereignty, to decide freely.’”

9. “In order for the principle to be engaged, an intervention in the cyber context must be of sufficient seriousness, comparable in scale and effects to coercive action in a non-cyber context.”","Ireland Position Paper on the Application of International Law in Cyberspace, pg. 2, ¶¶ 8-9 (2023).", ,
IRL,4.9  Can coercion be indirect?    ,Silent,,,,
IRL, 4.10 Must the target state have knowledge of the coercive cyber operation constituting the purported intervention? ,Silent,,, ,
IRL,5. Does intervention include forms of persuasion or propaganda?   ,Ambiguous,"10. “Unlawful interventions should be distinguished from lawful forms of influence and pressure on states, such as lobbying governments or unfriendly acts. Likewise, they do not include countermeasures permitted under international law to induce a state to comply with its obligations on foot of an internationally wrongful act.”","Ireland Position Paper on the Application of International Law in Cyberspace, pg. 3, ¶ 10 (2023)."," Ireland’s position recognizes that lobbying governments or conducting unfriendly acts may be lawful forms of influence or pressure on states, rather than unlawful intervention. Ireland’s position leaves unclear whether propaganda is always a lawful form of influence.",
IRL,6. Is there a de minimis exception to the prohibition?  ,Yes,"9. “In order for the principle to be engaged, an intervention in the cyber context must be of sufficient seriousness, comparable in scale and effects to coercive action in a non-cyber context.”

10. “Unlawful interventions should be distinguished from lawful forms of influence and pressure on states, such as lobbying governments or unfriendly acts. Likewise, they do not include countermeasures permitted under international law to induce a state to comply with its obligations on foot of an internationally wrongful act.”","Ireland Position Paper on the Application of International Law in Cyberspace, pg. 2-3, ¶ 9-10 (2023).","Ireland’s position notes that an intervention may occur even in the cyber context as long as the coercive action is of sufficient seriousness, as compared to the scale and effects of non-cyber contexts, suggesting that a de minims threshold must be crossed to trigger the principle of non-intervention.",
IRL,"7. Must the intervention be directed at matters over which the victim state is permitted by the principle of sovereignty, to decide freely? ",Yes,"8. “The principle of non-intervention, outside the context of use of force, applies to one state’s actions in relation to another state where two elements are present: (i) coercion by one state of another state; and (ii) in relation to ‘matters in which each state is permitted, by the principle of state sovereignty, to decide freely.’”","Ireland Position Paper on the Application of International Law in Cyberspace, pg. 2, ¶ 8 (2023).",,
IRL,7.1 Does the zone of protected sovereign prerogatives include only internal affairs? ,No,"8. “… As regards what is encompassed by the latter element, the ICJ in the Nicaragua case provided specific examples such as the ‘choice of a political, economic, social and cultural system, and the formulation of foreign policy.’ This is often referred to as the domaine réservé of a state.”","Ireland Position Paper on the Application of International Law in Cyberspace, pg. 2, ¶ 8 (2023).",,
IRL,7.2 Does the prohibition proscribe intervention in a state’s external (foreign) affairs? ,Yes,"8. “… As regards what is encompassed by the latter element, the ICJ in the Nicaragua case provided specific examples such as the ‘choice of a political, economic, social and cultural system, and the formulation of foreign policy.’ This is often referred to as the domaine réservé of a state.”","Ireland Position Paper on the Application of International Law in Cyberspace, pg. 2, ¶ 8 (2023).",,
IRL,7.3 Is the zone of protected sovereign prerogatives referred to as domaine réservé? ,Yes,"8. “… As regards what is encompassed by the latter element, the ICJ in the Nicaragua case provided specific examples such as the ‘choice of a political, economic, social and cultural system, and the formulation of foreign policy.’ This is often referred to as the domaine réservé of a state.”","Ireland Position Paper on the Application of International Law in Cyberspace, pg. 2, ¶ 8 (2023).",,
IRL,"7.4 Is the domaine réservé limited to matters involving the state’s choice of a political, economic, social, and cultural system, and the formulation of foreign policy? ",Ambiguous,"8. “… As regards what is encompassed by the latter element, the ICJ in the Nicaragua case provided specific examples such as the ‘choice of a political, economic, social and cultural system, and the formulation of foreign policy.’ This is often referred to as the domaine réservé of a state.”","Ireland Position Paper on the Application of International Law in Cyberspace, pg. 2, ¶ 8 (2023).","Ireland’s position refers to the formulation in Nicaragua as examples of matters that fall within the domaine
réservé of a state, leaving its scope unclear. ",
IRL, 7.5 Does international law regulation over a matter of sovereign prerogative remove it from the domaine réservé?  ,Silent,,,,
IRL,7.6 Is critical infrastructure part of the domaine réservé?  ,Silent,,,,
IRL,7.7 Are elections part of the domaine réservé? ,Yes,"8. “As regards what is encompassed by the latter element, the ICJ in the Nicaragua case provided specific examples such as the ‘choice of a political, economic, social and cultural
system, and the formulation of foreign policy.’ This is often referred to as the domaine réservé of a state.”

9. “For instance, malicious cyber-operations seriously compromising healthcare systems or national elections are capable of amounting to unlawful interventions.”","Ireland Position Paper on the Application of International Law in Cyberspace, pg. 2, ¶¶ 8-9 (2023).

",,
IRL, 7.8 Is the operation of legislatures a part of the domaine réservé?,Silent,,,,
IRL, 7.9 Is financial system stability part of the domaine réservé?  ,Silent,,,,
IRL,7.10 Are medical services part of the domaine réservé?  ,Yes,"8. “As regards what is encompassed by the latter element, the ICJ in the Nicaragua case provided specific examples such as the ‘choice of a political, economic, social and cultural
system, and the formulation of foreign policy.’ This is often referred to as the domaine réservé of a state.”

9. “For instance, malicious cyber-operations seriously compromising healthcare systems or national elections are capable of amounting to unlawful interventions.”","Ireland Position Paper on the Application of International Law in Cyberspace, pg. 2, ¶¶ 8-9 (2023).


",,
ISR,1. Is the prohibition of non-intervention a norm of customary international law? ,Yes," “We concur with the various positions expressed in this regard, such as that which was presented by former U.S. State Department Legal Adviser Brian J. Egan, and more recently reiterated by U.S. Department of Defense General Counsel Paul C. Ney Jr., that a ‘cyber operation by a State that interferes with another country’s ability to hold an election or that manipulates another country’s election results would be a clear violation of the rule of non-intervention.’”","Israel’s Perspective on Key Legal and Practical Issues Concerning the Application of International Law to Cyber Operations, pg. 403 (2020)","GPC:  It does not speak to the source of the rule.  At best, this is a yes by inference.",
ISR,2. Is the scope of the principle of non-intervention uncertain?    ,Silent, ,, ,
ISR,3. Does the prohibition of non-intervention apply to cyber-operations? ,Yes," “We concur with the various positions expressed in this regard, such as that which was presented by former U.S. State Department Legal Adviser Brian J. Egan, and more recently reiterated by U.S. Department of Defense General Counsel Paul C. Ney Jr., that a ‘cyber operation by a State that interferes with another country’s ability to hold an election or that manipulates another country’s election results would be a clear violation of the rule of non-intervention.’” ","Israel’s Perspective on Key Legal and Practical Issues Concerning the Application of International Law to Cyber Operations, pg. 403 (2020)", ,
ISR,4. Is coercion a constituent element of prohibited intervention?, Ambiguous," “It has been taken to mean that State A cannot take actions to “coerce” State B in pursuing a course of action, or refraining from a course of action, in matters pertaining to State B’s core internal affairs, such as its economic or foreign policy choices. Its traditional application has focused on military intervention and support to armed groups seeking the overthrow of the regime in another State. This could presumably also relate to support given to armed groups in the cyber domain, such as providing information regarding cyber vulnerabilities of the State.”","Israel’s Perspective on Key Legal and Practical Issues Concerning the Application of International Law to Cyber Operations, pg. 403 (2020)"," Although Isarel’s perspective notes that coercion is closely related to non-intervention, the use of “could” implies a level of ambiguity, at least in the cyber domain.",
ISR,4.1 Is coercion limited to the employment of physical force? ,No,"“This could presumably also relate to support given to armed groups in the cyber domain, such as providing information regarding cyber vulnerabilities of the State.”

 “We concur with the various positions expressed in this regard . . . that a ‘cyber operation by a State that interferes with another country’s ability to hold an election or that manipulates another country’s election results would be a clear violation of the rule of non-intervention.’”
","Israel’s Perspective on Key Legal and Practical Issues Concerning the Application of International Law to Cyber Operations, pg. 403 (2020)","   GPC:  Although ISR could be more explicit, its acknowledgment that cyber manipulation (non-forcible) of elections can violate the rule demonstrates that ISR does not limit the rule to forcible measures.",
ISR,4.2 Can dictatorial demands or acts of compulsion or imposition constitute coercion?     ,Silent,,, ,
ISR, 4.3 Does the deprivation of a State’s ability to control matters within its domaine réservé amount to coercion?,Silent,,, ,
ISR, 4.4 Does coercion extend to any affirmative acts designed to deprive another state of its freedom of choice with regard to a matter of protected sovereign prerogative?,"Silent
", ,, ,
ISR,4.5 Must there be a causal nexus between the responsible state’s actions/efforts and the effects on the target state’s internal or external affairs? ,"Silent
"," 
 ",, ,
ISR,4.6 Can attempts to coerce an outcome amount to prohibited intervention?      ,Silent,,,,
ISR,4.7 Is intent a constituent element of coercion?    ," Silent
",,, ,
ISR,"4.8 Must the action(s) constituting coercion be designed/intended to influence outcomes in, or conduct with respect to, a matter of protected sovereign prerogative?      ","Silent
", ,, ,
ISR,4.9  Can coercion be indirect?    ,"Silent
", ,, ,
ISR, 4.10 Must the target state have knowledge of the coercive cyber operation constituting the purported intervention? ,"Silent
",,, ,
ISR,5. Does intervention include forms of persuasion or propaganda?   ,"Silent
",,, ,
ISR,6. Is there a de minimis exception to the prohibition?  ,"Silent
",,,,
ISR,"7. Must the intervention be directed at matters over which the victim state is permitted by the principle of sovereignty, to decide freely? ","Silent
",,,,
ISR,7.1 Does the zone of protected sovereign prerogatives include only internal affairs? ,"Silent
",,,,
ISR,7.2 Does the prohibition proscribe intervention in a state’s external (foreign) affairs? ,"Silent
",,,,
ISR,7.3 Is the zone of protected sovereign prerogatives referred to as domaine réservé? ,"Silent
",,,,
ISR,"7.4 Is the domaine réservé limited to matters involving the state’s choice of a political, economic, social, and cultural system, and the formulation of foreign policy? ","Silent
",,,,
ISR, 7.5 Does international law regulation over a matter of sovereign prerogative remove it from the domaine réservé?  ,"Silent
",,,,
ISR,7.6 Is critical infrastructure part of the domaine réservé?  ,Silent,,,,
ISR,7.7 Are elections part of the domaine réservé? ,Ambiguous,"“We concur with the various positions expressed in this regard, such as that which was presented by former U.S. State Department Legal Adviser Brian J. Egan, and more recently reiterated by U.S. DOD General Counsel Paul C. Ney, Jr. that a ‘cyber operation by a State that interferes with another country’s ability to hold an election or that manipulates another country’s election results would be a clear violation of the rule of non-intervention.’”","Israel’s Perspective on Key Legal and Practical Issues Concerning the Application of International Law to Cyber Operations, pg. 403 (2020)","Although cyber operations that manipulate another country’s election results are a clear violation of the rule of non-intervention, Israel’s perspective does not explicitly discuss  election interference in terms of a state’s domaine réservé.",
ISR, 7.8 Is the operation of legislatures a part of the domaine réservé?,"Silent
",,,,
ISR, 7.9 Is financial system stability part of the domaine réservé?  ,Silent,,,,
ISR,7.10 Are medical services part of the domaine réservé?  ,Silent,,,,
ITA,1. Is the prohibition of non-intervention a norm of customary international law? , Yes," “Italy believes that cyber operations constitutes a violation of the customary principle of nonintervention in the internal affairs of other States when a State employs coercive means to compel another State to undertake or desist from a specific action, in matters falling under its domain réservé.”","Italian Position Paper on International Law and Cyberspace, pgs. 4-5, (2021)", ,
ITA,2. Is the scope of the principle of non-intervention uncertain?    ,Ambiguous," “The accelerating pace of technological change, the unpredictable effects of its applications, as well as the difficulty to measure the coercive impact of influence activities, which are on the rise, cannot be overlooked. Therefore, Italy sees merit in continuing to deepen the study of possible violations of the principle of non-intervention in cyberspace.”","Italian Position Paper on International Law and Cyberspace, pg. 5, (2021)", GPC:  I would want to see something more explicit regarding the uncertainty of the rule’s scope.,
ITA,3. Does the prohibition of non-intervention apply to cyber-operations? ,Yes,"“Italy believes that cyber operations constitute a violation of the customary principle of nonintervention in the internal affairs of other States when a State employs coercive means to compel another State to undertake or desist from a specific action, in matters falling under its domain réservé.”","Italian Position Paper on International Law and Cyberspace, pgs. 4-5 (2021)", ,
ITA,4. Is coercion a constituent element of prohibited intervention?, Ambiguous," “Italy believes that cyber operations constitute a violation of the customary principle of nonintervention in the internal affairs of other States when a State employs coercive means to compel another State to undertake or desist from a specific action, in matters falling under its domain réservé.”","Italian Position Paper on International Law and Cyberspace, pgs. 4-5 (2021)"," GPC:  Coercion “can” constitute non-intervention, but is it a required element?  However, the use of the language “when” might persuade me to leave this as a yes.",
ITA,4.1 Is coercion limited to the employment of physical force? ,Ambiguous,"“... cyber operations constitutea violation of the customary principle of nonintervention in the internal affairs of other States when a State employs coercive means to compel another State to undertake or desist from a specific action, in matters falling under its domain réservé.”

“The accelerating pace of technological change, the unpredictable effects of its applications, as well as the difficulty to measure the coercive impact of influence activities, which are on the rise, cannot be overlooked.”","Italian Position Paper on International Law and Cyberspace, pgs. 4-5 (2021)"," Italy’s position recognizes that intervention involves coercive means to compel another state to undertake or desist from a specific action falling under its domaine réservé. Although coercion is required for intervention, Italy’s position notes that it is difficult to measure the coercive impact of influence activities, which do not employ physical force. ",
ITA,4.2 Can dictatorial demands or acts of compulsion or imposition constitute coercion?     ,Silent,,, ,
ITA, 4.3 Does the deprivation of a State’s ability to control matters within its domaine réservé amount to coercion?,Silent,,, ,
ITA, 4.4 Does coercion extend to any affirmative acts designed to deprive another state of its freedom of choice with regard to a matter of protected sovereign prerogative?,Silent,,,,
ITA,4.5 Must there be a causal nexus between the responsible state’s actions/efforts and the effects on the target state’s internal or external affairs? ,Silent," 
 ",, ,
ITA,4.6  Canattempts to coerce an outcome amount to prohibited intervention?      ,Silent, ,, ,
ITA,4.7 Is intent a constituent element of coercion?    , Silent,,, ,
ITA,"4.8 Must the action(s) constituting coercion be designed/intended to influence outcomes in, or conduct with respect to, a matter of protected sovereign prerogative?      ",Silent ,,,,
ITA,4.9  Can coercion be indirect?    ,Silent,,,,
ITA, 4.10 Must the target state have knowledge of the coercive cyber operation constituting the purported intervention? ,Silent,,, ,
ITA,5. Does intervention include forms of persuasion or propaganda?   ,Silent,,, ,
ITA,6. Is there a de minimis exception to the prohibition?  ,Silent,,,,
ITA,"7. Must the intervention be directed at matters over which the victim state is permitted by the principle of sovereignty, to decide freely? ",Silent,,,,
ITA,7.1 Does the zone of protected sovereign prerogatives include only internal affairs? ,Silent ,,,,
ITA,7.2 Does the prohibition proscribe intervention in a state’s external (foreign) affairs? ,Silent,,,,
ITA,7.3 Is the zone of protected sovereign prerogatives referred to as domaine réservé? ,Yes,"“Italy believes that cyber operations constitutes a violation of the customary principle of nonintervention in the internal affairs of other States when a State employs coercive means to compel another State to undertake or desist from a specific action, in matters falling under its domain réservé.”","Italian Position Paper on International Law and Cyberspace, pgs. 4-5 (2021)
",GPC:  Are we looking for some affirmative statement correlating the two concepts?,
ITA,"7.4 Is the domaine réservé limited to matters involving the state’s choice of a political, economic, social, and cultural system, and the formulation of foreign policy? ",Silent,,,,
ITA, 7.5 Does international law regulation over a matter of sovereign prerogative remove it from the domaine réservé?  ,Silent,,,,
ITA,7.6 Is critical infrastructure part of the domaine réservé?  ,Silent,,,,
ITA,7.7 Are elections part of the domaine réservé? ,Ambiguous,"“Therefore, Italy sees merit in continuing to deepen the study of possible violations of the principle of non-intervention in cyberspace. That is particularly the case with regard to influence activities aimed, for instance, at undermining a State’s ability to safeguard public health during a pandemic, or at manipulating voting behaviour.”","Italian Position Paper on International Law and Cyberspace, pg. 5 (2021)
","Although the need to further study the manipulation of voting behavior is noted, Italy’s position does not definitely claim that such influence activities are a violation of the principle of non-intervention.",
ITA, 7.8 Is the operation of legislatures a part of the domaine réservé?,Silent,,,,
ITA, 7.9 Is financial system stability part of the domaine réservé?  ,Silent,,,,
ITA,7.10 Are medical services part of the domaine réservé?  ,Ambiguous,"“Therefore, Italy sees merit in continuing to deepen the study of possible violations of the principle of non-intervention in cyberspace. That is particularly the case with regard to influence activities aimed, for instance, at undermining a State’s ability to safeguard public health during a pandemic, or at manipulating voting behaviour.”","Italian Position Paper on International Law and Cyberspace, pg. 5 (2021)


","Although there is a need to further study cyber operations that undermine a state’s ability to safeguard public health during a pandemic, Italy’s position does not clarify whether such influence activities constitute intervention.",
JPN,1. Is the prohibition of non-intervention a norm of customary international law? , Silent,,,,
JPN,2. Is the scope of the principle of non-intervention uncertain?    ,Yes," “As various opinions were expressed on the relationship between violation of sovereignty and unlawful intervention at the sixth GGE and the OEWG, it is desirable that a common understanding be forged through State practices and future discussions.”","Basic Position of the Government of Japan on International Law Applicable to Cyber Operations, pg. 3, § 2(2) (2021)", ,
JPN,3. Does the prohibition of non-intervention apply to cyber-operations? ,Yes,"“...a State must not intervene in matters within domestic jurisdiction of another State by cyber operations.”
 
“With respect to the principle of non-intervention, cyber operations may constitute unlawful intervention when requirements including the element of coercion, which are clarified in the Nicaragua judgement (1986), are met.”","Basic Position of the Government of Japan on International Law Applicable to Cyber Operations, pg. 2, § 2(2) (2021)", ,
JPN,4. Is coercion a constituent element of prohibited intervention?, Yes," “With respect to the principle of non-intervention, cyber operations may constitute unlawful intervention when requirements including the element of coercion, which are clarified in the Nicaragua judgement (1986), are met.”","Basic Position of the Government of Japan on International Law Applicable to Cyber Operations, pg. 2, § 2(2) (2021)", ,
JPN,4.1 Is coercion limited to the employment of physical force? ,Ambiguous,"“With respect to the principle of non-intervention, cyber operations may constitute unlawful intervention when requirements including the element of coercion, which are clarified in the Nicaragua judgement (1986), are met.”

“An act of causing physical damage or loss of functionality by means of cyber operations against critical infrastructure, including medical institutions, may constitute an unlawful intervention, depending on the circumstances...”","Basic Position of the Government of Japan on International Law Applicable to Cyber Operations, pg. 2, § 2(2) (2021)"," Japan’s position recognizes that cyber operations against critical infrastructure causing the loss of functionality may constitute unlawful intervention, suggesting physical force is not necessary for coercion.",
JPN,4.2 Can dictatorial demands or acts of compulsion or imposition constitute coercion?     ,Silent,,, ,
JPN, 4.3 Does the deprivation of a State’s ability to control matters within its domaine réservé amount to coercion?,Silent,,, ,
JPN, 4.4 Does coercion extend to any affirmative acts designed to deprive another state of its freedom of choice with regard to a matter of protected sovereign prerogative?,Silent, ,, ,
JPN,4.5 Must there be a causal nexus between the responsible state’s actions/efforts and the effects on the target state’s internal or external affairs? ,Silent," 
 ",, ,
JPN,4.6  Can attempts to coerce an outcome amount to prohibited intervention?      ,Silent,,,,
JPN,4.7 Is intent a constituent element of coercion?    , Silent,,, ,
JPN,"4.8 Must the action(s) constituting coercion be designed/intended to influence outcomes in, or conduct with respect to, a matter of protected sovereign prerogative?      ",Silent, ,, ,
JPN,4.9  Can coercion be indirect?    ,Silent, ,, ,
JPN, 4.10 Must the target state have knowledge of the coercive cyber operation constituting the purported intervention? ,Silent,,, ,
JPN,5. Does intervention include forms of persuasion or propaganda?   ,Silent,,, ,
JPN,6. Is there a de minimis exception to the prohibition?  ,Silent,,,,
JPN,"7. Must the intervention be directed at matters over which the victim state is permitted by the principle of sovereignty, to decide freely? ",Silent,,,,
JPN,7.1 Does the zone of protected sovereign prerogatives include only internal affairs? ,Silent,,,,
JPN,7.2 Does the prohibition proscribe intervention in a state’s external (foreign) affairs? ,Silent,,,,
JPN,7.3 Is the zone of protected sovereign prerogatives referred to as domaine réservé? ,No,,,,
JPN,"7.4 Is the domaine réservé limited to matters involving the state’s choice of a political, economic, social, and cultural system, and the formulation of foreign policy? ",Ambiguous,"“An act of causing physical damage or loss of functionality by means of cyber operations against critical infrastructure, including medical institutions, may constitute an unlawful intervention, depending on the circumstances, and at any rate, it may constitute a violation of sovereignty.”","Basic Position of the Government of Japan on International Law Applicable to Cyber Operations, pg. 3, § 2(2) (2021)
","Although the scope of protected sovereign prerogatives is undefined, Japan’s position recognizes that cyber operations against critical infrastructure may violate the principle of non-intervention. If critical infrastructure makes up the state’s political, economic, social, and cultural system, then cyber operations against critical infrastructure are a form of unlawful intervention.",
JPN, 7.5 Does international law regulation over a matter of sovereign prerogative remove it from the domaine réservé?  ,Silent,,,,
JPN,7.6 Is critical infrastructure part of the domaine réservé?  ,Ambiguous,"“An act of causing physical damage or loss of functionality by means of cyber operations against critical infrastructure, including medical institutions, may constitute an unlawful intervention, depending on the circumstances, and at any rate, it may constitute a violation of sovereignty.”","Basic Position of the Government of Japan on International Law Applicable to Cyber Operations, pg. 3, § 2(2) (2021)
","Japan’s position recognizes that cyber operations against critical infrastructure may violate the principle of non-intervention. However, critical infrastructure is never explicitly discussed in terms of domaine réservé.",
JPN,7.7 Are elections part of the domaine réservé? ,Silent,,,,
JPN, 7.8 Is the operation of legislatures a part of the domaine réservé?,Silent,,,,
JPN, 7.9 Is financial system stability part of the domaine réservé?  ,Silent,,,,
JPN,7.10 Are medical services part of the domaine réservé?  ,Ambiguous,"“An act of causing physical damage or loss of functionality by means of cyber operations against critical infrastructure, including medical institutions, may constitute an unlawful intervention, depending on the circumstances, and at any rate, it may constitute a violation of sovereignty.”","Basic Position of the Government of Japan on International Law Applicable to Cyber Operations, pg. 3, § 2(2) (2021)
","Japan’s position recognizes that cyber operations against medical institutions may violate the principle of non-intervention. However, medical institutions are never explicitly discussed in terms of domaine réservé.",
KAZ,1. Is the prohibition of non-intervention a norm of customary international law? ,Silent,,, ,
KAZ,2. Is the scope of the principle of non-intervention uncertain?    , Silent,,, ,
KAZ,3. Does the prohibition of non-intervention apply to cyber-operations? ,Silent,,, ,
KAZ,4. Is coercion a constituent element of prohibited intervention?," Silent 
 ", ,, ,
KAZ,4.1 Is coercion limited to the employment of physical force? ,"Silent
",,, ,
KAZ,4.2 Can dictatorial demands or acts of compulsion or imposition constitute coercion?     ," Silent
",,, ,
KAZ, 4.3 Does the deprivation of a State’s ability to control matters within its domaine réservé amount to coercion?," Silent
",,, ,
KAZ, 4.4 Does coercion extend to any affirmative acts designed to deprive another state of its freedom of choice with regard to a matter of protected sovereign prerogative?," Silent
", ,, ,
KAZ,4.5 Must there be a causal nexus between the responsible state’s actions/efforts and the effects on the target state’s internal or external affairs? ," Silent
"," 
 ",, ,
KAZ,4.6 Can attempts to coerce an outcome amount to prohibited intervention?      ," Silent
", ,, ,
KAZ,4.7 Is intent a constituent element of coercion?    , Silent  ,,, ,
KAZ,"4.8 Must the action(s) constituting coercion be designed/intended to influence outcomes in, or conduct with respect to, a matter of protected sovereign prerogative?      "," Silent
", ,, ,
KAZ,4.9  Can coercion be indirect?    , Silent, ,, ,
KAZ, 4.10 Must the target state have knowledge of the coercive cyber operation constituting the purported intervention? ," Silent
",,, ,
KAZ,5. Does intervention include forms of persuasion or propaganda?   ," Silent
",,, ,
KAZ,6. Is there a de minimis exception to the prohibition?  , Silent,,,,
KAZ,"7. Must the intervention be directed at matters over which the victim state is permitted by the principle of sovereignty, to decide freely? "," Silent
",,,,
KAZ,7.1 Does the zone of protected sovereign prerogatives include only internal affairs? ," Silent
",,,,
KAZ,7.2 Does the prohibition proscribe intervention in a state’s external (foreign) affairs? ," Silent
",,,,
KAZ,7.3 Is the zone of protected sovereign prerogatives referred to as domaine réservé? ," Silent
",,,,
KAZ,"7.4 Is the domaine réservé limited to matters involving the state’s choice of a political, economic, social, and cultural system, and the formulation of foreign policy? ", Silent,,,,
KAZ, 7.5 Does international law regulation over a matter of sovereign prerogative remove it from the domaine réservé?  , Silent,,,,
KAZ,7.6 Is critical infrastructure part of the domaine réservé?  , Silent,,,,
KAZ,7.7 Are elections part of the domaine réservé? , Silent,,,,
KAZ, 7.8 Is the operation of legislatures a part of the domaine réservé?," Silent
",,,,
KAZ, 7.9 Is financial system stability part of the domaine réservé?  , Silent,,,,
KAZ,7.10 Are medical services part of the domaine réservé?  , Silent,,,,
KEN,1. Is the prohibition of non-intervention a norm of customary international law? , Silent, ,, ,
KEN,2. Is the scope of the principle of non-intervention uncertain?    ,Silent, ,, ,
KEN,3. Does the prohibition of non-intervention apply to cyber-operations? ,Silent,  ,, ,
KEN,4. Is coercion a constituent element of prohibited intervention?,  Silent, ,, ,
KEN,4.1 Is coercion limited to the employment of physical force? ,Silent,,, ,
KEN,4.2 Can dictatorial demands or acts of compulsion or imposition constitute coercion?     ,Silent,,, ,
KEN, 4.3 Does the deprivation of a State’s ability to control matters within its domaine réservé amount to coercion?,Silent,,, ,
KEN, 4.4 Does coercion extend to any affirmative acts designed to deprive another state of its freedom of choice with regard to a matter of protected sovereign prerogative?,Silent, ,, ,
KEN,4.5 Must there be a causal nexus between the responsible state’s actions/efforts and the effects on the target state’s internal or external affairs? , Silent," 
 ",, ,
KEN,4.6  Canattempts to coerce an outcome amount to prohibited intervention?      ,Silent, ,, ,
KEN,4.7 Is intent a constituent element of coercion?    ,  Silent,,, ,
KEN,"4.8 Must the action(s) constituting coercion be designed/intended to influence outcomes in, or conduct with respect to, a matter of protected sovereign prerogative?      ",Silent, ,, ,
KEN,4.9  Can coercion be indirect?    ,Silent, ,, ,
KEN, 4.10 Must the target state have knowledge of the coercive cyber operation constituting the purported intervention? ,Silent,,, ,
KEN,5. Does intervention include forms of persuasion or propaganda?   ,Silent,,, ,
KEN,6. Is there a de minimis exception to the prohibition?  ,Silent,,,,
KEN,"7. Must the intervention be directed at matters over which the victim state is permitted by the principle of sovereignty, to decide freely? ",Silent,,,,
KEN,7.1 Does the zone of protected sovereign prerogatives include only internal affairs? ,Silent,,,,
KEN,7.2 Does the prohibition proscribe intervention in a state’s external (foreign) affairs? ,Silent,,,,
KEN,7.3 Is the zone of protected sovereign prerogatives referred to as domaine réservé? ,Silent,,,,
KEN,"7.4 Is the domaine réservé limited to matters involving the state’s choice of a political, economic, social, and cultural system, and the formulation of foreign policy? ",Silent,,,,
KEN, 7.5 Does international law regulation over a matter of sovereign prerogative remove it from the domaine réservé?  ,Silent,,,,
KEN,7.6 Is critical infrastructure part of the domaine réservé?  ,Silent,,,,
KEN,7.7 Are elections part of the domaine réservé? ,Silent,,,,
KEN, 7.8 Is the operation of legislatures a part of the domaine réservé?,Silent,,,,
KEN, 7.9 Is financial system stability part of the domaine réservé?  ,Silent,,,,
KEN,7.10 Are medical services part of the domaine réservé?  ,Silent,,,,
NLD,1. Is the prohibition of non-intervention a norm of customary international law? ,Yes," International law sets boundaries on this kind of activity by means of the non-intervention principle, which is derived from the principle of sovereignty. The non-intervention principle, like the sovereignty principle from which it stems, applies only between states","Government of the Kingdom of the Netherlands, Appendix: International law in cyberspace, pg. 3, (2019).", ,
NLD,2. Is the scope of the principle of non-intervention uncertain?    ,Yes," “The precise definition of coercion, and thus of unauthorised intervention, has not yet fully crystallized in international law.”","Government of the Kingdom of the Netherlands, Appendix: International law in cyberspace, pg. 3, (2019).",,
NLD,3. Does the prohibition of non-intervention apply to cyber-operations? ," Yes
",In this appendix the government will discuss a number of significant rules of international law that apply to states in cyberspace.,"Government of the Kingdom of the Netherlands, Appendix: International law in cyberspace, pg. 1, (2019).",,
NLD,4. Is coercion a constituent element of prohibited intervention?," Yes 
 ", Intervention is defined as interference in the internal or external affairs of another state with a view to employing coercion against that state.,"Government of the Kingdom of the Netherlands, Appendix: International law in cyberspace, pg. 3, (2019).", ,
NLD,4.1 Is coercion limited to the employment of physical force? ," Silent
",,, ,
NLD,4.2 Can dictatorial demands or acts of compulsion or imposition constitute coercion?     ," Yes
","The precise definition of coercion, and thus of unauthorised intervention, has not yet fully crystallised in international law. In essence it means compelling a state to take a course of action (whether an act or an omission) that it would not otherwise voluntarily pursue.","Government of the Kingdom of the Netherlands, Appendix: International law in cyberspace, pg. 3, (2019).", ,
NLD, 4.3 Does the deprivation of a State’s ability to control matters within its domaine réservé amount to coercion?," Silent
",,, ,
NLD, 4.4 Does coercion extend to any affirmative acts designed to deprive another state of its freedom of choice with regard to a matter of protected sovereign prerogative?," Ambiguous
","The precise definition of coercion, and thus of unauthorised intervention, has not yet fully crystallised in international law. In essence it means compelling a state to take a course of action (whether an act or an omission) that it would not otherwise voluntarily pursue.","Government of the Kingdom of the Netherlands, Appendix: International law in cyberspace, pg. 3, (2019).", ,
NLD,4.5 Must there be a causal nexus between the responsible state’s actions/efforts and the effects on the target state’s internal or external affairs? ," Silent
"," 
 ",, ,
NLD,4.6  Can attempts to coerce an outcome amount to prohibited intervention?      ," Silent
",  ,, ,
NLD,4.7 Is intent a constituent element of coercion?    , Yes ,"The goal of the intervention must be to effect change in the behaviour of the target state.
","Government of the Kingdom of the Netherlands, Appendix: International law in cyberspace, pg. 3, (2019).", ,
NLD,"4.8 Must the action(s) constituting coercion be designed/intended to influence outcomes in, or conduct with respect to, a matter of protected sovereign prerogative?      "," Yes
","The precise definition of coercion, and thus of unauthorised intervention, has not yet fully crystallised in international law. In essence it means compelling a state to take a course of action (whether an act or an omission) that it would not otherwise voluntarily pursue. The goal of the intervention must be to effect change in the behaviour of the target state.","Government of the Kingdom of the Netherlands, Appendix: International law in cyberspace, pg. 3, (2019).", ,
NLD,4.9  Can coercion be indirect?    , Silent, ,, ,
NLD, 4.10 Must the target state have knowledge of the coercive cyber operation constituting the purported intervention? ," Silent
",,, ,
NLD,5. Does intervention include forms of persuasion or propaganda?   ," No
","  The precise definition of coercion, and thus of unauthorised intervention, has not yet fully crystallised in international law. In essence it means compelling a state to take a course of action (whether an act or an omission) that it would not otherwise voluntarily pursue. The goal of the intervention must be to effect change in the behaviour of the target state.","Government of the Kingdom of the Netherlands, Appendix: International law in cyberspace, pg. 3, (2019).","“compelling” can be taken to mean persuade?

GPC:  Opposite conclusion.",
NLD,6. Is there a de minimis exception to the prohibition?  , Silent,,,,
NLD,"7. Must the intervention be directed at matters over which the victim state is permitted by the principle of sovereignty, to decide freely? ", Yes,"Intervention is defined as interference in the internal or external affairs of another state with a view 
to employing coercion against that state. Such affairs concern matters over which, in accordance 
with the principle of sovereignty, states themselves have exclusive authority.","Government of the Kingdom of the Netherlands, Appendix: International law in cyberspace, pg. 3, (2019).",,
NLD,7.1 Does the zone of protected sovereign prerogatives include only internal affairs? ," No
","Intervention is defined as interference in the internal or external affairs of another state with a view 
to employing coercion against that state. Such affairs concern matters over which, in accordance 
with the principle of sovereignty, states themselves have exclusive authority.","Government of the Kingdom of the Netherlands, Appendix: International law in cyberspace, pg. 3, (2019).",,
NLD,7.2 Does the prohibition proscribe intervention in a state’s external (foreign) affairs? ," Yes
","Intervention is defined as interference in the internal or external affairs of another state with a view 
to employing coercion against that state. Such affairs concern matters over which, in accordance 
with the principle of sovereignty, states themselves have exclusive authority.","Government of the Kingdom of the Netherlands, Appendix: International law in cyberspace, pg. 3, (2019).",,
NLD,7.3 Is the zone of protected sovereign prerogatives referred to as domaine réservé? ," No
",,,,
NLD,"7.4 Is the domaine réservé limited to matters involving the state’s choice of a political, economic, social, and cultural system, and the formulation of foreign policy? "," Silent
",,,,
NLD, 7.5 Does international law regulation over a matter of sovereign prerogative remove it from the domaine réservé?  ," Silent
",,,,
NLD,7.6 Is critical infrastructure part of the domaine réservé?  , Silent,,,,
NLD,7.7 Are elections part of the domaine réservé? , Yes,National elections are an example of internal affairs. The recognition of states and membership of international organisations are examples of external affairs.,"Government of the Kingdom of the Netherlands, Appendix: International law in cyberspace, pg. 3, (2019).",Does it matter that Netherlands does not speak in terms of DR?,
NLD, 7.8 Is the operation of legislatures a part of the domaine réservé?," Silent
",,,,
NLD, 7.9 Is financial system stability part of the domaine réservé?  ," Silent
",,,,
NLD,7.10 Are medical services part of the domaine réservé?  , Silent,,,,
NZL,1. Is the prohibition of non-intervention a norm of customary international law? , Yes," “International law applies online as it does offline. Applicable international law includes: the United Nations Charter...” Malicious state cyber activity may be inconsistent with the rule of non-intervention. Such activity will violate the
rule of non-intervention if...”
","The Application of International Law to State Activity in Cyberspace, pg. 2, ¶3 (2025)

The Application of International Law to 
State Activity in Cyberspace, pg.1, ¶ 3 (2020)", Doesn’t explicitly say so in the non-intervention section but does so in other sections,
NZL,2. Is the scope of the principle of non-intervention uncertain?    ,"
Silent","“Malicious state cyber activity may be inconsistent with the rule of non-intervention. Such activity will violate the
rule of non-intervention if...”","The Application of International Law to State Activity in Cyberspace, pg. 3, ¶9 (2025)

The Application of International Law to 
State Activity in Cyberspace, pg.2, ¶ 9 (2020)", ,
NZL,3. Does the prohibition of non-intervention apply to cyber-operations? ,Yes,"“Malicious state cyber activity may be inconsistent with the rule of non-intervention. Such activity will violate the
rule of non-intervention if it:
a. has significant effects on a matter which falls within the target state’s inherently sovereign functions / domaine réservé (e.g. the right freely to choose its political, economic, social and cultural system, or matters such as taxation, national security, policing, border control, and the formulation of foreign policy);
and
b. is coercive (i.e. there is an intention to deprive the target state of control over matters falling within the
scope of its inherently sovereign functions). Coercion can be direct or indirect and may range from dictatorial threats to more subtle means of control. While the coercive intention of the state actor is a critical element of the rule, intention may in some circumstances be inferred from the effects of cyber activity.”","The Application of International Law to State Activity in Cyberspace, pg. 3, ¶9 (2025)

The Application of International Law to 
State Activity in Cyberspace, pg.2, ¶ 9 (2020)", ,
NZL,4. Is coercion a constituent element of prohibited intervention?, Yes," “...b. is coercive (i.e. there is an intention to deprive the target state of control over matters falling within the scope of its inherently sovereign functions). Coercion can be direct or indirect and may range from dictatorial threats to more subtle means of control. While the coercive intention of the state actor is a critical element of the rule, intention may in some circumstances be inferred from the effects of cyber activity.”","The Application of International Law to State Activity in Cyberspace, pg. 3, ¶9b (2025)

The Application of International Law to 
State Activity in Cyberspace, pg.2, ¶ 9b (2020)", ,
NZL,4.1 Is coercion limited to the employment of physical force? ,"
 No","“...b. is coercive (i.e. there is an intention to deprive the target state of control over matters falling within the scope of its inherently sovereign functions). Coercion can be direct or indirect and may range from dictatorial threats to more subtle means of control. While the coercive intention of the state actor is a critical element of the rule, intention may in some circumstances be inferred from the effects of cyber activity.” ","The Application of International Law to State Activity in Cyberspace, pg. 3, ¶9b (2025)

The Application of International Law to 
State Activity in Cyberspace, pg.2, ¶ 9b (2020)"," Ambiguous about physical force requirement but wording it as intention to deprive the state of control over matters falling within their scope could include use of physical force 
[dictatorial threat is not force]",
NZL,4.2 Can dictatorial demands or acts of compulsion or imposition constitute coercion?     ,Yes,"“...b. is coercive (i.e. there is an intention to deprive the target state of control over matters falling within the scope of its inherently sovereign functions). Coercion can be direct or indirect and may range from dictatorial threats to more subtle means of control. While the coercive intention of the state actor is a critical element of the rule, intention may in some circumstances be inferred from the effects of cyber activity.” ","The Application of International Law to State Activity in Cyberspace, pg. 3, ¶9b (2025)

The Application of International Law to 
State Activity in Cyberspace, pg.2, ¶ 9b (2020)", ,
NZL, 4.3 Does the deprivation of a State’s ability to control matters within its domaine réservé amount to coercion?,Yes,"“...b. is coercive (i.e. there is an intention to deprive the target state of control over matters falling within the
scope of its inherently sovereign functions). Coercion can be direct or indirect and may range from dictatorial threats to more subtle means of control. While the coercive intention of the state actor is a critical element of the rule, intention may in some circumstances be inferred from the effects of cyber activity.” ","The Application of International Law to State Activity in Cyberspace, pg. 3, ¶9b (2025)

The Application of International Law to 
State Activity in Cyberspace, pg.2, ¶ 9b (2020)", ,
NZL, 4.4 Does coercion extend to any affirmative acts designed to deprive another state of its freedom of choice with regard to a matter of protected sovereign prerogative?,Yes," “...b. is coercive (i.e. there is an intention to deprive the target state of control over matters falling within the scope of its inherently sovereign functions). Coercion can be direct or indirect and may range from dictatorial threats to more subtle means of control. While the coercive intention of the state actor is a critical element of the rule, intention may in some circumstances be inferred from the effects of cyber activity.” ","The Application of International Law to State Activity in Cyberspace, pg. 3, ¶9b (2025)

The Application of International Law to 
State Activity in Cyberspace, pg.2, ¶ 9b (2020)"," We may want in the future to revisit this question and revise and recode this question later on ...
",
NZL,4.5 Must there be a causal nexus between the responsible state’s actions/efforts and the effects on the target state’s internal or external affairs? ," 

Silent"," “…While the coercive intention of the state actor is a critical element of the rule, intention may in some circumstances be inferred from the effects of cyber activity”
 ","The Application of International Law to State Activity in Cyberspace, pg. 3, ¶9b (2025)

The Application of International Law to 
State Activity in Cyberspace, pg.2, ¶ 9b (2020)", d. Quoted language is non-responsive ... we’ll want at some point to reconfirm it’s not addressed elsewhere in the statement,
NZL,4.6 Can attempts to coerce an outcome amount to prohibited intervention?      ,Silent," “Examples of malicious cyber activity that might violate the non-intervention rule include: a cyber operation that
deliberately manipulates the vote tally in an election or deprives a significant part of the electorate of the ability
to vote;...” ","The Application of International Law to State Activity in Cyberspace, pg. 3-4, ¶10 (2025)

The Application of International Law to 
State Activity in Cyberspace, pg.2, ¶ 10 (2020)", ,
NZL,4.7 Is intent a constituent element of coercion?    , Yes,"“...b. is coercive (i.e. there is an intention to deprive the target state of control over matters falling within the scope of its inherently sovereign functions). Coercion can be direct or indirect and may range from dictatorial threats to more subtle means of control. While the coercive intention of the state actor is a critical element of the rule, intention may in some circumstances be inferred from the effects of cyber activity.” ","The Application of International Law to State Activity in Cyberspace, pg. 3, ¶9b (2025)

The Application of International Law to 
State Activity in Cyberspace, pg.2, ¶ 9b (2020)", ,
NZL,"4.8 Must the action(s) constituting coercion be designed/intended to influence outcomes in, or conduct with respect to, a matter of protected sovereign prerogative?      ",Yes," “...b. is coercive (i.e. there is an intention to deprive the target state of control over matters falling within the scope of its inherently sovereign functions). Coercion can be direct or indirect and may range from dictatorial threats to more subtle means of control. While the coercive intention of the state actor is a critical element of the rule, intention may in some circumstances be inferred from the effects of cyber activity.” ","The Application of International Law to State Activity in Cyberspace, pg. 3, ¶9b (2025)

The Application of International Law to 
State Activity in Cyberspace, pg.2, ¶ 9b (2020)", Here is another question/coding we may want to revisit in peer review ...,
NZL,4.9  Can coercion be indirect?    ,Yes, “Coercion can be direct or indirect and may range from dictatorial threats to more subtle means of control.” ,"The Application of International Law to State Activity in Cyberspace, pg. 3, ¶9 (2025)

The Application of International Law to 
State Activity in Cyberspace, pg.2, ¶ 9 (2020)", ,
NZL, 4.10 Must the target state have knowledge of the coercive cyber operation constituting the purported intervention? ,Silent,,, ,
NZL,5. Does intervention include forms of persuasion or propaganda?   ,Silent,,, ,
NZL,6. Is there a de minimis exception to the prohibition?  ,Silent,,,,
NZL,"7. Must the intervention be directed at matters over which the victim state is permitted by the principle of sovereignty, to decide freely? ",Yes,"“Malicious state cyber activity may be inconsistent with the rule of non-intervention. Such activity will violate the rule of non-intervention if it:
a. has significant effects on a matter which falls within the target state’s inherently sovereign functions / domaine réservé (e.g. the right freely to choose its political, economic, social and cultural system, or matters such as taxation, national security, policing, border control, and the formulation of foreign policy);...”","The Application of International Law to State Activity in Cyberspace, pg. 3, ¶9 (2025)

The Application of International Law to 
State Activity in Cyberspace, pg.2, ¶ 9 (2020)",,
NZL,7.1 Does the zone of protected sovereign prerogatives include only internal affairs? ,No,"“...a. has significant effects on a matter which falls within the target state’s inherently sovereign functions / domaine réservé (e.g. the right freely to choose its political, economic, social and cultural system, or matters such as taxation, national security, policing, border control, and the formulation of foreign policy);...”","The Application of International Law to State Activity in Cyberspace, pg. 3, ¶9a (2025)

The Application of International Law to 
State Activity in Cyberspace, pg.2, ¶ 9a (2020)",,
NZL,7.2 Does the prohibition proscribe intervention in a state’s external (foreign) affairs? ,Yes,"“...a. has significant effects on a matter which falls within the target state’s inherently sovereign functions / domaine réservé (e.g. the right freely to choose its political, economic, social and cultural system, or matters such as taxation, national security, policing, border control, and the formulation of foreign policy);...”
","The Application of International Law to State Activity in Cyberspace, pg. 3, ¶9a (2025)

The Application of International Law to 
State Activity in Cyberspace, pg.2, ¶ 9a (2020)",,
NZL,7.3 Is the zone of protected sovereign prerogatives referred to as domaine réservé? ,Yes,"“...a. has significant effects on a matter which falls within the target state’s inherently sovereign functions /
domaine réservé (e.g. the right freely to choose its political, economic, social and cultural system, or matters such as taxation, national security, policing, border control, and the formulation of foreign policy);...” ","The Application of International Law to State Activity in Cyberspace, pg. 3, ¶9a (2025)

The Application of International Law to 
State Activity in Cyberspace, pg.2, ¶ 9a (2020)",,
NZL,"7.4 Is the domaine réservé limited to matters involving the state’s choice of a political, economic, social, and cultural system, and the formulation of foreign policy? ",No,"“Malicious state cyber activity may be inconsistent with the rule of non-intervention. Such activity will violate the rule of non-intervention if it: 
a. has significant effects on a matter which falls within the target state’s inherently sovereign functions / domaine réservé (e.g. the right freely to choose its political, economic, social and cultural system, or matters such as taxation, national security, policing, border control, and the formulation of foreign policy);...”","The Application of International Law to State Activity in Cyberspace, pg. 3, ¶9 (2025)

The Application of International Law to 
State Activity in Cyberspace, pg.2, ¶ 9 (2020)",,
NZL, 7.5 Does international law regulation over a matter of sovereign prerogative remove it from the domaine réservé?  ,Silent,,,,
NZL,7.6 Is critical infrastructure part of the domaine réservé?  ,Yes,"“Examples of malicious cyber activity that might violate the non-intervention rule include: a cyber operation that deliberately manipulates the vote tally in an election or deprives a significant part of the electorate of the ability to vote; a prolonged and coordinated cyber disinformation operation that significantly undermines a state’s public health efforts during a pandemic; and cyber activity deliberately causing significant damage to, or loss of functionality in, a state’s critical infrastructure, including – for example – its healthcare system, financial system, or its electricity or telecommunications network.” ","The Application of International Law to State Activity in Cyberspace, pg. 3-4, ¶10 (2025)

The Application of International Law to 
State Activity in Cyberspace, pg.2, ¶ 10 (2020)",,
NZL,7.7 Are elections part of the domaine réservé? ,Yes,“Examples of malicious cyber activity that might violate the non-intervention rule include: a cyber operation that deliberately manipulates the vote tally in an election or deprives a significant part of the electorate of the ability to vote,...” ,"The Application of International Law to State Activity in Cyberspace, pg. 3-4, ¶10 (2025)

The Application of International Law to 
State Activity in Cyberspace, pg.2, ¶ 10 (2020)",
NZL, 7.8 Is the operation of legislatures a part of the domaine réservé?,Yes,"“...a. has significant effects on a matter which falls within the target state’s inherently sovereign functions / domaine réservé (e.g. the right freely to choose its political, economic, social and cultural system, or matters such as taxation, national security, policing, border control, and the formulation of foreign policy);...”","The Application of International Law to State Activity in Cyberspace, pg. 3, ¶9 (2025)

The Application of International Law to 
State Activity in Cyberspace, pg.2, ¶ 9 (2020)",,
NZL, 7.9 Is financial system stability part of the domaine réservé?  ,Yes,"“...and cyber activity deliberately causing significant damage to, or loss of functionality in, a state’s critical infrastructure, including – for example – its healthcare system, financial system, or its electricity or telecommunications network.”
","The Application of International Law to State Activity in Cyberspace, pg. 3-4, ¶10 (2025)

The Application of International Law to 
State Activity in Cyberspace, pg.2, ¶ 10 (2020)",,
NZL,7.10 Are medical services part of the domaine réservé?  ,Yes,"“Examples of malicious cyber activity...; a prolonged and coordinated cyber disinformation operation that significantly undermines a state’s public health efforts during a pandemic; and cyber activity deliberately causing significant damage to, or loss of functionality in, a state’s critical infrastructure, including – for example – its healthcare system, financial system, or its electricity or telecommunications network.” ","The Application of International Law to State Activity in Cyberspace, pg. 3-4, ¶10 (2025)

The Application of International Law to 
State Activity in Cyberspace, pg.2, ¶ 10 (2020)",,
NOR,1. Is the prohibition of non-intervention a norm of customary international law? , Yes," “Accordingly, a State must not carry out cyber operations in breach of the prohibition of intervention, according to customary international law.""","Norwegian Positions on Selected Questions of International Law Relating to Cyberspace, pg. 4, § 3.2 (2021)

Norway, UNGA Official Compendium of Voluntary National Contributions, pg. 68 (2021).", ,
NOR,2. Is the scope of the principle of non-intervention uncertain?    ,Silent, , , ,
NOR,3. Does the prohibition of non-intervention apply to cyber-operations? ,Yes, “The prohibition of intervention applies to a State’s cyber operations as it does to other State activities.”,"Norwegian Positions on Selected Questions of International Law Relating to Cyberspace, pg. 4, § 3.2 (2021)

Norway, UNGA Official Compendium of Voluntary National Contributions, pg. 68 (2021).", ,
NOR,4. Is coercion a constituent element of prohibited intervention?,Yes,“The constituent element of coercion means that cyber activities that are merely influential or persuasive will not qualify as illegal intervention.”,"Norwegian Positions on Selected Questions of International Law Relating to Cyberspace, pg. 4, § 3.2 (2021)

Norway, UNGA Official Compendium of Voluntary National Contributions, pg. 69 (2021).",,
NOR,4.1 Is coercion limited to the employment of physical force? ,No,"“A cyber operation must therefore not be carried out to compel the target State to take a course of action, whether by act or omission, in a way that it would not otherwise voluntarily have pursued (coercion) in matters relating to its internal or external affairs (domaine réservé) – such as a State’s political, economic, social or cultural system or the formulation of its foreign policy.”","Norwegian Positions on Selected Questions of International Law Relating to Cyberspace, pg. 4, § 3.2 (2021)

Norway, UNGA Official Compendium of Voluntary National Contributions, pg. 68-69 (2021).", ,
NOR,4.2 Can dictatorial demands or acts of compulsion or imposition constitute coercion?     ,Silent,, , ,
NOR,4.3 Does the deprivation of a State’s ability to control matters within its domaine réservé amount to coercion?,Yes,"“A cyber operation must therefore not be carried out to compel the target State to take a course of action, whether by act or omission, in a way that it would not otherwise voluntarily have pursued (coercion) in matters relating to its internal or external affairs (domaine réservé) – such as a State’s political, economic, social or cultural system or the formulation of its foreign policy.”","Norwegian Positions on Selected Questions of International Law Relating to Cyberspace, pg. 4, § 3.2 (2021)

Norway, UNGA Official Compendium of Voluntary National Contributions, pg. 68-69 (2021).", ,
NOR,4.4 Does coercion extend to any affirmative acts designed to deprive another state of its freedom of choice with regard to a matter of protected sovereign prerogative?,Silent, , , ,
NOR,4.5 Must there be a causal nexus between the responsible state’s actions/efforts and the effects on the target state’s internal or external affairs? ,Silent," 
 ", , ,
NOR,4.6 Can attempts to coerce an outcome amount to prohibited intervention?      ,Ambiguous,"“Thus, carrying out cyber operations with the intent of altering election results in another State, for example by manipulating election systems or unduly influencing public opinion through the dissemination of confidential information obtained through cyber operations (‘hack and leak’), would be in violation of the prohibition of intervention.”","Norwegian Positions on Selected Questions of International Law Relating to Cyberspace, pg. 4, § 3.2 (2021)

Norway, UNGA Official Compendium of Voluntary National Contributions, pg. 69 (2021).","This seems to imply coercion but does not mention it explicitly 

I would still say this is ambiguous because the threshold is not completely fleshed out, so attempts to coerce an outcome could be prohibited. ",
NOR,4.7 Is intent a constituent element of coercion?    , Silent,, , ,
NOR,"4.8 Must the action(s) constituting coercion be designed/intended to influence outcomes in, or conduct with respect to, a matter of protected sovereign prerogative?      ",, , , ,
NOR,4.9  Can coercion be indirect?    ,Silent, , , ,
NOR, 4.10 Must the target state have knowledge of the coercive cyber operation constituting the purported intervention? ,Silent,, , ,
NOR,5. Does intervention include forms of persuasion or propaganda?   ,No,“The constituent element of coercion means that cyber activities that are merely influential or persuasive will not qualify as illegal intervention.”,"Norwegian Positions on Selected Questions of International Law Relating to Cyberspace, pg. 4, § 3.2 (2021)

Norway, UNGA Official Compendium of Voluntary National Contributions, pg. 69 (2021).", ,
NOR,6. Is there a de minimis exception to the prohibition?  ,Silent, , , ,
NOR,"7. Must the intervention be directed at matters over which the victim state is permitted by the principle of sovereignty, to decide freely? ","Silent
 ", , , ,
NOR,7.1 Does the zone of protected sovereign prerogatives include only internal affairs? ,No,"“A cyber operation must therefore not be carried out to compel the target State to take a course of action, whether by act or omission, in a way that it would not otherwise voluntarily have pursued (coercion) in matters relating to its internal or external affairs (domaine réservé)”","Norwegian Positions on Selected Questions of International Law Relating to Cyberspace, pg. 4, § 3.2 (2021)

Norway, UNGA Official Compendium of Voluntary National Contributions, pg. 68-69 (2021).", ,
NOR,7.2 Does the prohibition proscribe intervention in a state’s external (foreign) affairs? ,Yes,"“A cyber operation must therefore not be carried out to compel the target State to take a course of action, whether by act or omission, in a way that it would not otherwise voluntarily have pursued (coercion) in matters relating to its internal or external affairs (domaine réservé)”","Norwegian Positions on Selected Questions of International Law Relating to Cyberspace, pg. 4, § 3.2 (2021)

Norway, UNGA Official Compendium of Voluntary National Contributions, pg. 68-69 (2021).", ,
NOR,7.3 Is the zone of protected sovereign prerogatives referred to as domaine réservé? ,Yes,“...matters relating to its internal or external affairs (domaine réservé)”,"Norwegian Positions on Selected Questions of International Law Relating to Cyberspace, pg. 4, § 3.2 (2021)

Norway, UNGA Official Compendium of Voluntary National Contributions, pg. 68 (2021).", ,
NOR,"7.4 Is the domaine réservé limited to matters involving the state’s choice of a political, economic, social, and cultural system, and the formulation of foreign policy? ",Ambiguous,"“...matters relating to its internal or external affairs (domaine réservé) – such as a State’s political, economic, social or cultural system or the formulation of its foreign policy.”","Norwegian Positions on Selected Questions of International Law Relating to Cyberspace, pg. 4, § 3.2 (2021)

Norway, UNGA Official Compendium of Voluntary National Contributions, pg. 68 (2021).",Inclusive of the stated matters but not explicitly stated as “limited to”, the matters are introduced as affairs “Such as...”
NOR, 7.5 Does international law regulation over a matter of sovereign prerogative remove it from the domaine réservé?  ,Silent, , , ,
NOR,7.6 Is critical infrastructure part of the domaine réservé?  ,Yes,“...would be in violation of the prohibition of intervention. Another example is a cyber operation deliberately causing a temporary shutdown of the target State’s critical infrastructure...”,"Norwegian Positions on Selected Questions of International Law Relating to Cyberspace, pg. 4-5, § 3.2 (2021)

Norway, UNGA Official Compendium of Voluntary National Contributions, pg. 69 (2021).", ,
NOR,7.7 Are elections part of the domaine réservé? ,Yes,“Holding elections is an example of a matter within a State’s domaine réservé.”,"Norwegian Positions on Selected Questions of International Law Relating to Cyberspace, pg. 4, § 3.2 (2021)

Norway, UNGA Official Compendium of Voluntary National Contributions, pg. 69 (2021).", ,
NOR, 7.8 Is the operation of legislatures a part of the domaine réservé?,Silent, , , ,
NOR, 7.9 Is financial system stability part of the domaine réservé?  ,Silent, , , ,
NOR,7.10 Are medical services part of the domaine réservé?  ,Silent, , ,,
PAK,1. Is the prohibition of non-intervention a norm of customary international law? , Yes,"“Pakistan believes that the principles of non-use of force, sovereign equality of all nations, non-interventionism, and peaceful settlement of disputes, as enshrined in the UN Charter, continue to apply in cyberspace as in the physical world.”","Pakistan’s Position on the Application of International Law in Cyberspace, pg. 3, ¶ 6 (2023)
", ,
PAK,2. Is the scope of the principle of non-intervention uncertain?    ,Silent, ,, ,
PAK,3. Does the prohibition of non-intervention apply to cyber-operations? ,Yes,"“Pakistan believes that the principles of non-use of force, sovereign equality of all nations, non-interventionism, and peaceful settlement of disputes, as enshrined in the UN Charter, continue to apply in cyberspace as in the physical world.”","Pakistan’s Position on the Application of International Law in Cyberspace, pg. 3, ¶ 6 (2023)
", ,
PAK,4. Is coercion a constituent element of prohibited intervention?," Silent
", ,, ,
PAK,4.1 Is coercion limited to the employment of physical force? ,"Silent
",,, ,
PAK,4.2 Can dictatorial demands or acts of compulsion or imposition constitute coercion?     ,"Silent
",,, ,
PAK, 4.3 Does the deprivation of a State’s ability to control matters within its domaine réservé amount to coercion?,"Silent
",,, ,
PAK, 4.4 Does coercion extend to any affirmative acts designed to deprive another state of its freedom of choice with regard to a matter of protected sovereign prerogative?,"Silent
", ,, ,
PAK,4.5 Must there be a causal nexus between the responsible state’s actions/efforts and the effects on the target state’s internal or external affairs? ,"Silent
"," 
 ",,,
PAK,4.6 Can attempts to coerce an outcome amount to prohibited intervention?      ,"Silent
", ,,,
PAK,4.7 Is intent a constituent element of coercion?    ,"Silent
",,,,
PAK,"4.8 Must the action(s) constituting coercion be designed/intended to influence outcomes in, or conduct with respect to, a matter of protected sovereign prerogative?      ","Silent
", ,,,
PAK,4.9  Can coercion be indirect?    ,"Silent
", ,,,
PAK, 4.10 Must the target state have knowledge of the coercive cyber operation constituting the purported intervention? ,"Silent
",,,,
PAK,5. Does intervention include forms of persuasion or propaganda?   ,"Silent
",,,,
PAK,6. Is there a de minimis exception to the prohibition?  ,"Silent
",,,,
PAK,"7. Must the intervention be directed at matters over which the victim state is permitted by the principle of sovereignty, to decide freely? ","Silent
",,,,
PAK,7.1 Does the zone of protected sovereign prerogatives include only internal affairs? ,"Silent
",,,,
PAK,7.2 Does the prohibition proscribe intervention in a state’s external (foreign) affairs? ,"Silent
",,,,
PAK,7.3 Is the zone of protected sovereign prerogatives referred to as domaine réservé? ,"Silent
",,,,
PAK,"7.4 Is the domaine réservé limited to matters involving the state’s choice of a political, economic, social, and cultural system, and the formulation of foreign policy? ","Silent
",,,,
PAK, 7.5 Does international law regulation over a matter of sovereign prerogative remove it from the domaine réservé?  ,"Silent
",,,,
PAK,7.6 Is critical infrastructure part of the domaine réservé?  ,"Silent
",,,,
PAK,7.7 Are elections part of the domaine réservé? ,"Silent
",,,,
PAK, 7.8 Is the operation of legislatures a part of the domaine réservé?,"Silent
",,,,
PAK, 7.9 Is financial system stability part of the domaine réservé?  ,"Silent
",,,,
PAK,7.10 Are medical services part of the domaine réservé?  ,"Silent
",,,,
PER,1. Is the prohibition of non-intervention a norm of customary international law? , Silent, ,, ,
PER,2. Is the scope of the principle of non-intervention uncertain?    ,Silent, ,, ,
PER,3. Does the prohibition of non-intervention apply to cyber-operations? ,"Silent
", ,, ,
PER,4. Is coercion a constituent element of prohibited intervention?," Silent
", ,, ,
PER,4.1 Is coercion limited to the employment of physical force? ,"Silent
",,, ,
PER,4.2 Can dictatorial demands or acts of compulsion or imposition constitute coercion?     ,"Silent
",,, ,
PER, 4.3 Does the deprivation of a State’s ability to control matters within its domaine réservé amount to coercion?,"Silent
",,, ,
PER, 4.4 Does coercion extend to any affirmative acts designed to deprive another state of its freedom of choice with regard to a matter of protected sovereign prerogative?,"Silent
", ,, ,
PER,4.5 Must there be a causal nexus between the responsible state’s actions/efforts and the effects on the target state’s internal or external affairs? ,"Silent
"," 
 ",,,
PER,4.6 Can attempts to coerce an outcome amount to prohibited intervention?      ,"Silent
", ,,,
PER,4.7 Is intent a constituent element of coercion?    , ,,,,
PER,"4.8 Must the action(s) constituting coercion be designed/intended to influence outcomes in, or conduct with respect to, a matter of protected sovereign prerogative?      ","Silent
", ,,,
PER,4.9  Can coercion be indirect?    ,"Silent
", ,,,
PER, 4.10 Must the target state have knowledge of the coercive cyber operation constituting the purported intervention? ,"Silent
",,,,
PER,5. Does intervention include forms of persuasion or propaganda?   ,"Silent
",,,,
PER,6. Is there a de minimis exception to the prohibition?  ,"Silent
",,,,
PER,"7. Must the intervention be directed at matters over which the victim state is permitted by the principle of sovereignty, to decide freely? ","Silent
",,,,
PER,7.1 Does the zone of protected sovereign prerogatives include only internal affairs? ,"Silent
",,,,
PER,7.2 Does the prohibition proscribe intervention in a state’s external (foreign) affairs? ,"Silent
",,,,
PER,7.3 Is the zone of protected sovereign prerogatives referred to as domaine réservé? ,"Silent
",,,,
PER,"7.4 Is the domaine réservé limited to matters involving the state’s choice of a political, economic, social, and cultural system, and the formulation of foreign policy? ","Silent
Silent
",,,,
PER, 7.5 Does international law regulation over a matter of sovereign prerogative remove it from the domaine réservé?  ,"Silent
",,,,
PER,7.6 Is critical infrastructure part of the domaine réservé?  ,"Silent
",,,,
PER,7.7 Are elections part of the domaine réservé? ,"Silent
",,,,
PER, 7.8 Is the operation of legislatures a part of the domaine réservé?,"Silent
",,,,
PER, 7.9 Is financial system stability part of the domaine réservé?  ,"Silent
",,,,
PER,7.10 Are medical services part of the domaine réservé?  ,"Silent
",,,,
POL,1. Is the prohibition of non-intervention a norm of customary international law? , Yes,“Intervention in internal or external affairs of another state that fall under its domestic jurisdiction is an action that contravenes international law.”,"The Republic of Poland’s position on the application of international law in cyberspace, pg. 4, § 3 (2022)","No explicit mention of CIL, but seems implied?",
POL,2. Is the scope of the principle of non-intervention uncertain?    ,Yes," “To be in breach of international law, an intervention must include the element of coercion that aims at influencing the state’s decisions belonging to its domaine réservé, i.e. the area of state activity that remains its exclusive competence under the principle of sovereignty.”

“There is no universally acceptable definition of ‘coercion’”","The Republic of Poland’s position on the application of international law in cyberspace, pg. 4 § 3 (2022)", Defines Non-Intervention as being based in Coercion but states that Coercion is not standardized. ,
POL,3. Does the prohibition of non-intervention apply to cyber-operations? ,Yes," “A cyber operation that adversely affects the functioning and security of the political, economic, military or social system of a state, potentially leading to the state‘s conduct that would not occur otherwise, may be considered a prohibited intervention.”","The Republic of Poland’s position on the application of international law in cyberspace, pg. 4 § 3 (2022)", ,
POL,4. Is coercion a constituent element of prohibited intervention?, Yes,"“To be in breach of international law, an intervention must include the element of coercion...”","The Republic of Poland’s position on the application of international law in cyberspace, pg. 4 § 3 (2022)", ,
POL,4.1 Is coercion limited to the employment of physical force? ,No,"“To be in breach of international law, an intervention must include the element of coercion that aims at influencing the state’s decisions belonging to its domaine réservé”

“A cyber operation that adversely affects the functioning and security of the political, economic, military or social system of a state, potentially leading to the state‘s conduct that would not occur otherwise, may be considered a prohibited intervention.”

“In particular, any action in cyberspace that would prevent the filing of tax returns online or any interference with ICT systems that would prevent a reliable and timely conduct of democratic elections would be a violation of international law.”","The Republic of Poland’s position on the application of international law in cyberspace, pg. 4 § 3 (2022)"," Not limited to physical force or effects, e.g. tax return cyber infrastructure intervention.",
POL,4.2 Can dictatorial demands or acts of compulsion or imposition constitute coercion?     ,Silent,,, Not specifically mentioned,
POL, 4.3 Does the deprivation of a State’s ability to control matters within its domaine réservé amount to coercion?,Yes,"“To be in breach of international law, an intervention must include the element of coercion that aims at influencing the state’s decisions belonging to its domaine réservé, i.e. the area of state activity that remains its exclusive competence under the principle of sovereignty.”","The Republic of Poland’s position on the application of international law in cyberspace, pg. 4 § 3 (2022)", ,
POL, 4.4 Does coercion extend to any affirmative acts designed to deprive another state of its freedom of choice with regard to a matter of protected sovereign prerogative?,Yes," “A cyber operation that adversely affects the functioning and security of the political, economic, military or social system of a state, potentially leading to the state‘s conduct that would not occur otherwise, may be considered a prohibited intervention.”","The Republic of Poland’s position on the application of international law in cyberspace, pg. 4 § 3 (2022)", ,
POL,4.5 Must there be a causal nexus between the responsible state’s actions/efforts and the effects on the target state’s internal or external affairs? ,Silent," 
 ",, ,
POL,4.6 Can attempts to coerce an outcome amount to prohibited intervention?      ,Yes," “A cyber operation that adversely affects the functioning and security of the political, economic, military or social system of a state, potentially leading to the state‘s conduct that would not occur otherwise, may be considered a prohibited intervention.”","The Republic of Poland’s position on the application of international law in cyberspace, pg. 4 § 3 (2022)", ,
POL,4.7 Is intent a constituent element of coercion?    ,Silent ,,, ,
POL,"4.8 Must the action(s) constituting coercion be designed/intended to influence outcomes in, or conduct with respect to, a matter of protected sovereign prerogative?      ",Yes,"“To be in breach of international law, an intervention must include the element of coercion that aims at influencing the state’s decisions belonging to its domaine réservé, i.e. the area of state activity that remains its exclusive competence under the principle of sovereignty.”","The Republic of Poland’s position on the application of international law in cyberspace, pg. 4 § 3 (2022)", ,
POL,4.9  Can coercion be indirect?    ,Silent, ,, ,
POL, 4.10 Must the target state have knowledge of the coercive cyber operation constituting the purported intervention? ,Silent,,"The Republic of Poland’s position on the application of international law in cyberspace, pg. 4 § 3 (2022)", Poland does not address this questions explicitly.,
POL,5. Does intervention include forms of persuasion or propaganda?   ,Ambiguous,"“It should also be noted that a wide-scale and targeted disinformation campaign may also contravene the principle of non-intervention, in particular when it results in civil unrest that requires specific responses on the part of the state.”","The Republic of Poland’s position on the application of international law in cyberspace, pg. 4 § 3 (2022)", Disinformation campaign seems to hint at persuasion and propaganda. ,
POL,6. Is there a de minimis exception to the prohibition?  ,Silent,,,,
POL,"7. Must the intervention be directed at matters over which the victim state is permitted by the principle of sovereignty, to decide freely? ",Yes,"“To be in breach of international law, an intervention must include the element of coercion that aims at influencing the state’s decisions belonging to its domaine réservé, i.e. the area of state activity that remains its exclusive competence under the principle of sovereignty.”","The Republic of Poland’s position on the application of international law in cyberspace, pg. 4 § 3 (2022)",,
POL,7.1 Does the zone of protected sovereign prerogatives include only internal affairs? ,No,“Intervention in internal or external affairs of another state that fall under its domestic jurisdiction is an action that contravenes international law.”,"The Republic of Poland’s position on the application of international law in cyberspace, pg. 4 § 3 (2022)",,
POL,7.2 Does the prohibition proscribe intervention in a state’s external (foreign) affairs? ,Yes,“Intervention in internal or external affairs of another state that fall under its domestic jurisdiction is an action that contravenes international law.”,"The Republic of Poland’s position on the application of international law in cyberspace, pg. 4 § 3 (2022)",,
POL,7.3 Is the zone of protected sovereign prerogatives referred to as domaine réservé? ,Yes,"“...belonging to its domaine réservé, i.e. the area of state activity that remains its exclusive competence under the principle of sovereignty.”","The Republic of Poland’s position on the application of international law in cyberspace, pg. 4 § 3 (2022)",,
POL,"7.4 Is the domaine réservé limited to matters involving the state’s choice of a political, economic, social, and cultural system, and the formulation of foreign policy? ",Ambiguous,"“A cyber operation that adversely affects the functioning and security of the political, economic, military or social system of a state, potentially leading to the state‘s conduct that would not occur otherwise, may be considered a prohibited intervention.”","The Republic of Poland’s position on the application of international law in cyberspace, pg. 4 § 3 (2022)","Limitation to these aspects is not stated, but inclusion is. Military is also mentioned. To the degree that is not included in political/foreign policy, then it is not limited.",
POL, 7.5 Does international law regulation over a matter of sovereign prerogative remove it from the domaine réservé?  ,Silent,,,,
POL,7.6 Is critical infrastructure part of the domaine réservé?  ,Ambiguous,“...the Republic of Poland takes the position that the violation of a state‘s sovereignty may occur both in the event of an attack against state infrastructure and against private infrastructure.”,"The Republic of Poland’s position on the application of international law in cyberspace, pg. 4 § 3 (2022)",Refers to infrastructure as part of the state’s sovereignty but not necessarily domaine reserve.,
POL,7.7 Are elections part of the domaine réservé? ,Yes,"“To be in breach of international law, an intervention must include the element of coercion that aims at influencing the state’s decisions belonging to its domaine réservé,...”

“A cyber operation that adversely affects the functioning and security of the political, economic, military or social system of a state, potentially leading to the state‘s conduct that would not occur otherwise, may be considered a prohibited intervention. In particular, any action in cyberspace that would prevent the filing of tax returns online or any interference with ICT systems that would prevent a reliable and timely conduct of democratic elections would be a violation of international law.”","
The Republic of Poland’s position on the application of international law in cyberspace, pg. 4, ¶ 4 (2022)

",Implied since violation of domaine reserve necessary for violation and interference with election is violation. ,
POL, 7.8 Is the operation of legislatures a part of the domaine réservé?,Yes,"“Similarly, depriving the parliament working remotely of the possibility of voting online to adopt a law or modifying the outcome of such voting would also be such a violation.”","The Republic of Poland’s position on the application of international law in cyberspace, pg. 4 § 3 (2022)",Seems implied that Parliament is part of the domaine reserve.,
POL, 7.9 Is financial system stability part of the domaine réservé?  ,Ambiguous,"“A cyber operation that adversely affects the functioning and security of the political, economic, military or social system of a state, potentially leading to the state‘s conduct that would not occur otherwise, may be considered a prohibited intervention.”","The Republic of Poland’s position on the application of international law in cyberspace, pg. 4 § 3 (2022)","If cyber operations impacting economy is a prohibited intervention because economy is part of domaine reserve, then YES.",
POL,7.10 Are medical services part of the domaine réservé?  ,Silent,,,,
KOR,1. Is the prohibition of non-intervention a norm of customary international law? , Yes,"“As a logical consequence of the principle of sovereign equality, no State may intervene in the domestic affairs of another. This principle is explicitly codified in Article 2(7) of the UN Charter and has been affirmed in international jurisprudence. This principle applies equally in cyberspace”","National Position of the Republic of Korea on the Application of International Law in Cyberspace, pg.3, §2 (2025)", ,
KOR,2. Is the scope of the principle of non-intervention uncertain?    , Silent, , , ,
KOR,3. Does the prohibition of non-intervention apply to cyber-operations? , Yes,"“As a logical consequence of the principle of sovereign equality, no State may intervene in the domestic affairs of another. This principle is explicitly codified in Article 2(7) of the UN Charter and has been affirmed in international jurisprudence. This principle applies equally in cyberspace”","National Position of the Republic of Korea on the Application of International Law in Cyberspace, pg.3, §2 (2025)", ,
KOR,4. Is coercion a constituent element of prohibited intervention?,Silent,,,,
KOR,4.1 Is coercion limited to the employment of physical force? ,Silent,,,,
KOR,4.2 Can dictatorial demands or acts of compulsion or imposition constitute coercion?     ,Silent,,,,
KOR, 4.3 Does the deprivation of a State’s ability to control matters within its domaine réservé amount to coercion?,Silent,,,,
KOR, 4.4 Does coercion extend to any affirmative acts designed to deprive another state of its freedom of choice with regard to a matter of protected sovereign prerogative?,Silent,,,,
KOR,4.5 Must there be a causal nexus between the responsible state’s actions/efforts and the effects on the target state’s internal or external affairs? ,Silent,,,,
KOR,4.6  Canattempts to coerce an outcome amount to prohibited intervention?      ,Silent,,,,
KOR,4.7 Is intent a constituent element of coercion?    ,Silent,,,,
KOR,"4.8 Must the action(s) constituting coercion be designed/intended to influence outcomes in, or conduct with respect to, a matter of protected sovereign prerogative?      ",Silent,,,,
KOR,4.9  Can coercion be indirect?    ,Silent,,,,
KOR, 4.10 Must the target state have knowledge of the coercive cyber operation constituting the purported intervention? ,Silent,,,,
KOR,5. Does intervention include forms of persuasion or propaganda?   ,Silent,,,,
KOR,6. Is there a de minimis exception to the prohibition?  ,Silent,,,,
KOR,"7. Must the intervention be directed at matters over which the victim state is permitted by the principle of sovereignty, to decide freely? ",Silent,,,,
KOR,7.1 Does the zone of protected sovereign prerogatives include only internal affairs? ,Silent,,,,
KOR,7.2 Does the prohibition proscribe intervention in a state’s external (foreign) affairs? ,Silent,,,,
KOR,7.3 Is the zone of protected sovereign prerogatives referred to as domaine réservé? ,Silent,,,,
KOR,"7.4 Is the domaine réservé limited to matters involving the state’s choice of a political, economic, social, and cultural system, and the formulation of foreign policy? ",Silent,,,,
KOR, 7.5 Does international law regulation over a matter of sovereign prerogative remove it from the domaine réservé?  ,Silent,,,,
KOR,7.6 Is critical infrastructure part of the domaine réservé?  ,Silent,,,,
KOR,7.7 Are elections part of the domaine réservé? ,Silent,,,,
KOR, 7.8 Is the operation of legislatures a part of the domaine réservé?,Silent,,,,
KOR, 7.9 Is financial system stability part of the domaine réservé?  ,Silent,,,,
KOR,7.10 Are medical services part of the domaine réservé?  ,Silent,,,,
ROU,1. Is the prohibition of non-intervention a norm of customary international law? , Yes," “According to international law, States are under the duty not to intervene in matters within the domestic jurisdiction of any State, in accordance with the Charter...”"," Romania, UNGA Official Compendium of Voluntary National Contributions, pg. 77, ¶ 2 (2021)", ,
ROU,2. Is the scope of the principle of non-intervention uncertain?    ,Silent, ,, ,
ROU,3. Does the prohibition of non-intervention apply to cyber-operations? ,Silent, ,, ,
ROU,4. Is coercion a constituent element of prohibited intervention?, Yes,"“In order for such intervention to be illegal under international law, it must be coerced, meaning that the goal of the intervention must be to effectively change the behavior of the target State...”","Romania, UNGA Official Compendium of Voluntary National Contributions, pg. 77,  ¶ 3 (2021)", ,
ROU,4.1 Is coercion limited to the employment of physical force? ,Silent,,, ,
ROU,4.2 Can dictatorial demands or acts of compulsion or imposition constitute coercion?     ,Silent,,, ,
ROU, 4.3 Does the deprivation of a State’s ability to control matters within its domaine réservé amount to coercion?,Ambiguous,"“In other words, the following criteria must be met in order for an act to qualify as prohibited intervention under international law: 
the act must bear on those matters in which States may decide freely (internal and external affairs – the domain reservé of States)...”","Romania, UNGA Official Compendium of Voluntary National Contributions, pg. 77,  ¶ 4 (2021)", Domaine reserve deprivations are 1 of the 3 criteria listed for a violation,
ROU, 4.4 Does coercion extend to any affirmative acts designed to deprive another state of its freedom of choice with regard to a matter of protected sovereign prerogative?,Silent, ,, ,
ROU,4.5 Must there be a causal nexus between the responsible state’s actions/efforts and the effects on the target state’s internal or external affairs? ,Yes," “...there has to be a causal nexus between the coercive act and the effect on the internal or external affairs of the target State.”
 "," Romania, UNGA Official Compendium of Voluntary National Contributions, pg. 77,  ¶ 4 (2021)", ,
ROU,4.6 Can attempts to coerce an outcome amount to prohibited intervention?      , Yes," “In other words, the following criteria must be met in order for an act to qualify as prohibited intervention under international law:
✓ the act must bear on those matters in which States may decide freely (internal
and external affairs – the domain reservé of States);
✓ the act must be coercive in nature;
✓ there has to be a causal nexus between the coercive act and the effect on the internal or external affairs of the target State.”","Romania, UNGA Official Compendium of Voluntary National Contributions, pg. 77,  ¶ 4 (2021)"," Coercion alone is not enough. It is 1 of 3 criteria, but not enough on its own",
ROU,4.7 Is intent a constituent element of coercion?    ,Ambiguous,"“In order for such intervention to be illegal under international law, it must be coerced, meaning that the goal of the intervention must be to effectively change the behavior of the target State; the incidence of coercion must be assessed on a case-by-case basis, in order to determine the violation of the principle of non-intervention.”","Romania, UNGA Official Compendium of Voluntary National Contributions, pg. 77,  ¶ 3 (2021)",Intervention itself must have intent, unclear regarding coercion. 
ROU,"4.8 Must the action(s) constituting coercion be designed/intended to influence outcomes in, or conduct with respect to, a matter of protected sovereign prerogative?      ",Silent, ,, ,
ROU,4.9  Can coercion be indirect?    ,Silent, ,, ,
ROU, 4.10 Must the target state have knowledge of the coercive cyber operation constituting the purported intervention? ,Silent,,, Romania does not the discuss the need for knowledge of the operation.,
ROU,5. Does intervention include forms of persuasion or propaganda?   ,Silent,,, ,
ROU,6. Is there a de minimis exception to the prohibition?  ,Silent,,,,
ROU,"7. Must the intervention be directed at matters over which the victim state is permitted by the principle of sovereignty, to decide freely? ",Yes,“...the act must bear on those matters in which States may decide freely (internal and external affairs – the domain reservé of States) ...”,"Romania, UNGA Official Compendium of Voluntary National Contributions, pg. 77,  ¶ 4 (2021)",,
ROU,7.1 Does the zone of protected sovereign prerogatives include only internal affairs? ,No,"“...depending on the situation, interference in the internal or external affairs ... may constitute a violation of the principle of non-intervention.”","Romania, UNGA Official Compendium of Voluntary National Contributions, pg. 77,  ¶ 5 (2021)",,
ROU,7.2 Does the prohibition proscribe intervention in a state’s external (foreign) affairs? ,Yes,"“...depending on the situation, interference in the internal or external affairs ... may constitute a violation of the principle of non-intervention.”","Romania, UNGA Official Compendium of Voluntary National Contributions, pg. 77,  ¶ 5 (2021)",,
ROU,7.3 Is the zone of protected sovereign prerogatives referred to as domaine réservé? ,Yes,“the act must bear on those matters in which States may decide freely (internal and external affairs – the domain reservé of States)...”,"Romania, UNGA Official Compendium of Voluntary National Contributions, pg. 77,  ¶ 4 (2021)",,
ROU,"7.4 Is the domaine réservé limited to matters involving the state’s choice of a political, economic, social, and cultural system, and the formulation of foreign policy? ",Ambiguous,"“...interference in the internal or external affairs of Romania (that is interference which causes or may cause harm to Romania ’s economic, political, social and/ or cultural system)...”","Romania, UNGA Official Compendium of Voluntary National Contributions, pg. 77,  ¶ 5 (2021)",Does not necessarily limit to those areas,
ROU, 7.5 Does international law regulation over a matter of sovereign prerogative remove it from the domaine réservé?  ,Silent,,,,
ROU,7.6 Is critical infrastructure part of the domaine réservé?  ,Silent,,,,
ROU,7.7 Are elections part of the domaine réservé? ,Ambiguous,“...the principle of prohibition of the intervention in the internal affairs of another State should be addressed (situations of tampering with the electoral processes in other States are relevant as a discussion under this principle).”,"Romania, UNGA Official Compendium of Voluntary National Contributions, pg. 77, ¶ 1 (2021)",,
ROU, 7.8 Is the operation of legislatures a part of the domaine réservé?,Silent,,,,
ROU, 7.9 Is financial system stability part of the domaine réservé?  ,Silent,,,,
ROU,7.10 Are medical services part of the domaine réservé?  ,Silent,,,,
RUS,1. Is the prohibition of non-intervention a norm of customary international law? , Yes," “Russia assumes that, for the present, the international community has reached consensus on the applicability of the universally accepted principles and norms of international law...”
“These include, in particular, the principles of sovereign equality of States, non-use of force and threat of force, settlement of international disputes by peaceful means, non-interference into internal affairs of States...”","Russian Federation, UNGA Official Compendium of Voluntary National Contributions, pg. 79, ¶ 6 (2021)", ,
RUS,2. Is the scope of the principle of non-intervention uncertain?    ,Silent, ,, ,
RUS,3. Does the prohibition of non-intervention apply to cyber-operations? ,Ambiguous," “It is presumed that international obligations of States, including those stemming from international treaties as the main sources of international law, are applicable in information space. 

“At the same time, given the specific legal nature of the information environment, notably, the fact that activities therein can be anonymous, the application of international law to the use of information and communications technologies (ICTs) should not be automatic and should not be carried out by simple extrapolation. There is a need to substantively discuss the issue of how specific instruments of the existing international law apply to the ICT-sphere...""","Russian Federation, UNGA Official Compendium of Voluntary National Contributions, pgs. 79 - 80, (2021)", ,
RUS,4. Is coercion a constituent element of prohibited intervention?,Silent, ,, ,
RUS,4.1 Is coercion limited to the employment of physical force? ,"Silent
",,, ,
RUS,4.2 Can dictatorial demands or acts of compulsion or imposition constitute coercion?     ,"Silent
",,, ,
RUS, 4.3 Does the deprivation of a State’s ability to control matters within its domaine réservé amount to coercion?,"Silent
",,, ,
RUS, 4.4 Does coercion extend to any affirmative acts designed to deprive another state of its freedom of choice with regard to a matter of protected sovereign prerogative?,"Silent
", ,,,
RUS,4.5 Must there be a causal nexus between the responsible state’s actions/efforts and the effects on the target state’s internal or external affairs? ,"Silent
"," 
 ",,,
RUS,4.6 Can attempts to coerce an outcome amount to prohibited intervention?      ,"Silent
", ,,,
RUS,4.7 Is intent a constituent element of coercion?    ,Silent  ,,,,
RUS,"4.8 Must the action(s) constituting coercion be designed/intended to influence outcomes in, or conduct with respect to, a matter of protected sovereign prerogative?      ","Silent
", ,,,
RUS,4.9 Can coercion be indirect?    ,Silent, ,,,
RUS, 4.10 Must the target state have knowledge of the coercive cyber operation constituting the purported intervention? ,"Silent
",,,,
RUS,5. Does intervention include forms of persuasion or propaganda?   ,"Silent
",,,,
RUS,6. Is there a de minimis exception to the prohibition?  ,Silent,,,,
RUS,"7. Must the intervention be directed at matters over which the victim state is permitted by the principle of sovereignty, to decide freely? ","Silent
",,,,
RUS,7.1 Does the zone of protected sovereign prerogatives include only internal affairs? ,Ambiguous,"“These include, in particular, the principles of
sovereign equality of States, non-use of force and threat of force, settlement of international disputes by peaceful means, non-interference into internal affairs of States...”","Russian Federation, UNGA Official Compendium of Voluntary National Contributions, pg. 79, ¶ 6 (2021)",No explicit mention of whether or not external affairs included,
RUS,7.2 Does the prohibition proscribe intervention in a state’s external (foreign) affairs? ,Silent,,,,
RUS,7.3 Is the zone of protected sovereign prerogatives referred to as domaine réservé? ,"Silent
",,,,
RUS,"7.4 Is the domaine réservé limited to matters involving the state’s choice of a political, economic, social, and cultural system, and the formulation of foreign policy? ","Silent
",,,,
RUS, 7.5 Does international law regulation over a matter of sovereign prerogative remove it from the domaine réservé?  ,"Silent
",,,,
RUS,7.6 Is critical infrastructure part of the domaine réservé?  ,Silent,,,,
RUS,7.7 Are elections part of the domaine réservé? ,Silent,,,,
RUS, 7.8 Is the operation of legislatures a part of the domaine réservé?,"Silent
",,,,
RUS, 7.9 Is financial system stability part of the domaine réservé?  ,Silent,,,,
RUS,7.10 Are medical services part of the domaine réservé?  ,Silent,,,,
SGP,1. Is the prohibition of non-intervention a norm of customary international law? , Yes,"“Singapore affirms that the following key principles enshrined in the UN Charter apply in cyberspace as they do in the physical world, and are of fundamental importance to small States, such as Singapore:
• First, the principles of State sovereignty and sovereign equality of all States. Singapore’s position is that a cyber operation could, in certain circumstances, amount to a violation of sovereignty.
• Second, and as a corollary of the first, the principle of non-intervention in each other’s internal affairs. Singapore affirms that the principle of non-intervention in the internal affairs of other States applies to cyberspace.”","Singapore, UNGA Official Compendium of Voluntary National Contributions, pg. 83, ¶ 5 (2021)", ,
SGP,2. Is the scope of the principle of non-intervention uncertain?    ,No?, ,, ,
SGP,3. Does the prohibition of non-intervention apply to cyber-operations? ,Yes,"“Singapore affirms that the following key principles enshrined in the UN Charter apply in cyberspace as they do in the physical world, and are of fundamental importance to small States, such as Singapore:
• First, the principles of State sovereignty and sovereign equality of all States. Singapore’s position is that a cyber operation could, in certain circumstances, amount to a violation of sovereignty.
• Second, and as a corollary of the first, the principle of non-intervention in each other’s internal affairs. Singapore affirms that the principle of non-intervention in the internal affairs of other States applies to cyberspace.”","Singapore, UNGA Official Compendium of Voluntary National Contributions, pg. 83, ¶ 5 (2021)", ,
SGP,4. Is coercion a constituent element of prohibited intervention?, Yes,"“In Singapore’s view, intervention necessarily
involves an element of coercion.” ","Singapore, UNGA Official Compendium of Voluntary National Contributions, pg. 83, ¶ 5 (2021)", ,
SGP,4.1 Is coercion limited to the employment of physical force? ,Ambiguous,"“In Singapore’s view, intervention necessarily involves an element of coercion. As non-exhaustive examples, where there is interference in Singapore’s electoral processes through cyber means, or cyber-attacks against our infrastructure in an attempt to coerce our government to take or forbear a certain course of action on a matter ordinarily within its sovereign prerogative, these instances will constitute a violation of the principle of non-intervention.”","Singapore, UNGA Official Compendium of Voluntary National Contributions, pg. 83, ¶ 5 (2021)", ,
SGP,4.2 Can dictatorial demands or acts of compulsion or imposition constitute coercion?     ,Yes?,"“A prohibited intervention by one State against another must have a bearing on matters in which the victim State is permitted, by the principle of State sovereignty, to decide
freely, including its choice of a political, economic, social and cultural system, and the formulation of foreign policy. In Singapore’s view, intervention necessarily involves an element of coercion.”
“...or cyber-attacks against our infrastructure in an attempt to coerce our government to take or forbear a certain course of action on a matter ordinarily within its sovereign prerogative, these instances will constitute a violation of the principle of non-intervention.”","Singapore, UNGA Official Compendium of Voluntary National Contributions, pg. 83, ¶ 5 (2021)", ,
SGP, 4.3 Does the deprivation of a State’s ability to control matters within its domaine réservé amount to coercion?,Yes,"“In Singapore’s view, intervention necessarily involves an element of coercion. As non-exhaustive examples, where there is interference in Singapore’s electoral processes through cyber means, or cyber-attacks against our infrastructure in an attempt to coerce our government to take or forbear a certain course of action on a matter ordinarily within its sovereign prerogative, these instances will constitute a violation of the principle of non-intervention.”","Singapore, UNGA Official Compendium of Voluntary National Contributions, pg. 83, ¶ 5 (2021)", ,
SGP, 4.4 Does coercion extend to any affirmative acts designed to deprive another state of its freedom of choice with regard to a matter of protected sovereign prerogative?,Ambiguous,"“In Singapore’s view, intervention necessarily
involves an element of coercion. As non-exhaustive examples, where there is interference in Singapore’s electoral processes through cyber means, or cyber-attacks
against our infrastructure in an attempt to coerce our government to take or forbear a certain course of action on a matter ordinarily within its sovereign prerogative, these
instances will constitute a violation of the principle of non-intervention.” ","Singapore, UNGA Official Compendium of Voluntary National Contributions, pg. 83, ¶ 5 (2021)", ,
SGP,4.5 Must there be a causal nexus between the responsible state’s actions/efforts and the effects on the target state’s internal or external affairs? ,Silent," 
 ",, ,
SGP,4.6 Can attempts to coerce an outcome amount to prohibited intervention?      ,Yes,"“In Singapore’s view, intervention necessarily involves an element of coercion. As non-exhaustive examples, where there is interference in Singapore’s electoral processes through cyber means, or cyber-attacks against our infrastructure in an attempt to coerce our government to take or forbear a certain course of action on a matter ordinarily within its sovereign prerogative, these instances will constitute a violation of the principle of non-intervention.”","Singapore, UNGA Official Compendium of Voluntary National Contributions, pg. 83, ¶ 5 (2021)", ,
SGP,4.7 Is intent a constituent element of coercion?    , Silent,,, ,
SGP,"4.8 Must the action(s) constituting coercion be designed/intended to influence outcomes in, or conduct with respect to, a matter of protected sovereign prerogative?      ",Yes,"“A prohibited intervention by one State against another must have a bearing on matters in which the victim State is permitted, by the principle of State sovereignty, to decide
freely, including its choice of a political, economic, social and cultural system, and the formulation of foreign policy.”","Singapore, UNGA Official Compendium of Voluntary National Contributions, pg. 83, ¶ 5 (2021)", ,
SGP,4.9  Can coercion be indirect?    ,Ambiguous, ,, ,
SGP, 4.10 Must the target state have knowledge of the coercive cyber operation constituting the purported intervention? ,Silent,,, Singapore does not address this directly,
SGP,5. Does intervention include forms of persuasion or propaganda?   ,Silent,,, ,
SGP,6. Is there a de minimis exception to the prohibition?  ,Silent,,,,
SGP,"7. Must the intervention be directed at matters over which the victim state is permitted by the principle of sovereignty, to decide freely? ",Yes,"“A prohibited intervention by one State against another must have a bearing on matters in which the victim State is permitted, by the principle of State sovereignty, to decide
freely, including its choice of a political, economic, social and cultural system, and the formulation of foreign policy.”","Singapore, UNGA Official Compendium of Voluntary National Contributions, pg. 83, ¶ 5 (2021)",,
SGP,7.1 Does the zone of protected sovereign prerogatives include only internal affairs? ,No,"“...Singapore affirms that the principle of non-intervention in the internal affairs of other States applies to cyberspace.”

“A prohibited intervention by one State against another must have a bearing on matters in which the victim State is permitted, by the principle of State sovereignty, to decide
freely, including its choice of a political, economic, social and cultural system, and the formulation of foreign policy.”
","Singapore, UNGA Official Compendium of Voluntary National Contributions, pg. 83, ¶ 5 (2021)",,
SGP,7.2 Does the prohibition proscribe intervention in a state’s external (foreign) affairs? ,Yes,"“A prohibited intervention by one State against another must have a bearing on matters in which the victim State is permitted, by the principle of State sovereignty, to decide
freely, including its choice of a political, economic, social and cultural system, and the formulation of foreign policy.”","Singapore, UNGA Official Compendium of Voluntary National Contributions, pg. 83, ¶ 5 (2021)",,
SGP,7.3 Is the zone of protected sovereign prerogatives referred to as domaine réservé? ,No,,,,
SGP,"7.4 Is the domaine réservé limited to matters involving the state’s choice of a political, economic, social, and cultural system, and the formulation of foreign policy? ",Ambiguous,"“A prohibited intervention by one State against another must have a bearing on matters in which the victim State is permitted, by the principle of State sovereignty, to decide
freely, including its choice of a political, economic, social and cultural system, and the formulation of foreign policy.”","Singapore, UNGA Official Compendium of Voluntary National Contributions, pg. 83, ¶ 5 (2021)",,
SGP, 7.5 Does international law regulation over a matter of sovereign prerogative remove it from the domaine réservé?  ,Silent,,,,
SGP,7.6 Is critical infrastructure part of the domaine réservé?  ,Yes,"“As non-exhaustive examples, where there is interference in Singapore’s electoral processes through cyber means, or cyber-attacks against our infrastructure in an attempt to coerce our government to take or forbear a certain course of action on a matter ordinarily within its sovereign prerogative, these instances will constitute a violation of the principle of non-intervention.”","Singapore, UNGA Official Compendium of Voluntary National Contributions, pg. 83, ¶ 5 (2021)",,
SGP,7.7 Are elections part of the domaine réservé? ,Yes,"“As non-exhaustive examples, where there is interference in Singapore’s electoral processes through cyber means, or cyber-attacks against our infrastructure in an attempt to coerce our government to take or forbear a certain course of action on a matter ordinarily within its sovereign prerogative, these instances will constitute a violation of the principle of non-intervention.”","Singapore, UNGA Official Compendium of Voluntary National Contributions, pg. 83, ¶ 5 (2021)",,
SGP, 7.8 Is the operation of legislatures a part of the domaine réservé?,Ambiguous,"“A prohibited intervention by one State against another must have a bearing on matters in which the victim State is permitted, by the principle of State sovereignty, to decide
freely, including its choice of a political, economic, social and cultural system, and the formulation of foreign policy.”","Singapore, UNGA Official Compendium of Voluntary National Contributions, pg. 83, ¶ 5 (2021)",,
SGP, 7.9 Is financial system stability part of the domaine réservé?  ,Ambiguous,"“A prohibited intervention by one State against another must have a bearing on matters in which the victim State is permitted, by the principle of State sovereignty, to decide
freely, including its choice of a political, economic, social and cultural system, and the formulation of foreign policy.”","
Singapore, UNGA Official Compendium of Voluntary National Contributions, pg. 83, ¶ 5 (2021)",,
SGP,7.10 Are medical services part of the domaine réservé?  ,Ambiguous,"“A prohibited intervention by one State against another must have a bearing on matters in which the victim State is permitted, by the principle of State sovereignty, to decide
freely, including its choice of a political, economic, social and cultural system, and the formulation of foreign policy.”","Singapore, UNGA Official Compendium of Voluntary National Contributions, pg. 83, ¶ 5 (2021)",,
SWE,1. Is the prohibition of non-intervention a norm of customary international law? , Yes, “The principle of non-intervention is a fundamental principle of international law also applicable in cyberspace.”,"Sweden’s Position Paper on the Application of International Law in Cyberspace, pg. 2, (2022)", Doesn’t explicitly mention CIL,
SWE,2. Is the scope of the principle of non-intervention uncertain?    ,Ambiguous," “The prohibition of intervention is generally understood to include two elements: intervening in matters in which each State is permitted to decide freely, and the involvement of coercion.”","Sweden’s Position Paper on the Application of International Law in Cyberspace, pg. 3, (2022)", ,
SWE,3. Does the prohibition of non-intervention apply to cyber-operations? ,Yes,“The principle of non-intervention is a fundamental principle of international law also applicable in cyberspace.”,"Sweden’s Position Paper on the Application of International Law in Cyberspace, pg. 3, (2022)", ,
SWE,4. Is coercion a constituent element of prohibited intervention?, Yes," “The prohibition of intervention is generally understood to include two elements: intervening in matters in which each State is permitted to decide freely, and the involvement of coercion. These elements were confirmed by the International Court of Justice (ICJ) in the Nicaragua case.”","Sweden’s Position Paper on the Application of International Law in Cyberspace, pg. 3, (2022)", ,
SWE,4.1 Is coercion limited to the employment of physical force? ,Silent,,, ,
SWE,4.2 Can dictatorial demands or acts of compulsion or imposition constitute coercion?     ,Silent,,, ,
SWE, 4.3 Does the deprivation of a State’s ability to control matters within its domaine réservé amount to coercion?,Silent,,, ,
SWE, 4.4 Does coercion extend to any affirmative acts designed to deprive another state of its freedom of choice with regard to a matter of protected sovereign prerogative?,Silent, ,, ,
SWE,4.5 Must there be a causal nexus between the responsible state’s actions/efforts and the effects on the target state’s internal or external affairs? ,Silent," 
 ",, ,
SWE,4.6 Can attempts to coerce an outcome amount to prohibited intervention?      ,Silent, ,,,
SWE,4.7 Is intent a constituent element of coercion?    , Silent,,,,
SWE,"4.8 Must the action(s) constituting coercion be designed/intended to influence outcomes in, or conduct with respect to, a matter of protected sovereign prerogative?      ",Silent, ,,,
SWE,4.9  Can coercion be indirect?    ,Silent, ,,,
SWE, 4.10 Must the target state have knowledge of the coercive cyber operation constituting the purported intervention? ,Silent,,,,
SWE,5. Does intervention include forms of persuasion or propaganda?   ,Ambiguous,"“While coercion is not defined in international law, it must be distinguished from other acts that would not qualify as coercion, such as criticism or other ways of influencing through diplomatic means.”","Sweden’s Position Paper on the Application of International Law in Cyberspace, pg. 3, (2022)", ,
SWE,6. Is there a de minimis exception to the prohibition?  ,Silent,,"Sweden’s Position Paper on the Application of International Law in Cyberspace, pg. 3, (2022)",,
SWE,"7. Must the intervention be directed at matters over which the victim state is permitted by the principle of sovereignty, to decide freely? ",Yes,"“The prohibition of intervention is generally understood to include two elements: intervening in matters in which each State is permitted to decide freely""","Sweden’s Position Paper on the Application of International Law in Cyberspace, pg. 3, (2022)",,
SWE,7.1 Does the zone of protected sovereign prerogatives include only internal affairs? ,Ambiguous,"“In the Friendly Relations Declaration, the principle of non-intervention is explained as ‘No State or group of States has the right to intervene, directly or indirectly, for any reason whatever, in the internal or external affairs of any other State.’”","Sweden’s Position Paper on the Application of International Law in Cyberspace, pg. 2-3, (2022)","Quoted, but not stated explicitly as the belief held by Sweden",
SWE,7.2 Does the prohibition proscribe intervention in a state’s external (foreign) affairs? ,Ambiguous,Same reasoning as above,,,
SWE,7.3 Is the zone of protected sovereign prerogatives referred to as domaine réservé? ,No,,,,
SWE,"7.4 Is the domaine réservé limited to matters involving the state’s choice of a political, economic, social, and cultural system, and the formulation of foreign policy? ",Silent,,,,
SWE, 7.5 Does international law regulation over a matter of sovereign prerogative remove it from the domaine réservé?  ,Silent,,,,
SWE,7.6 Is critical infrastructure part of the domaine réservé?  ,Silent,,,,
SWE,7.7 Are elections part of the domaine réservé? ,Silent,,,,
SWE, 7.8 Is the operation of legislatures a part of the domaine réservé?,Silent,,,,
SWE, 7.9 Is financial system stability part of the domaine réservé?  ,Silent,,,,
SWE,7.10 Are medical services part of the domaine réservé?  ,Silent,,,,
CHE,1. Is the prohibition of non-intervention a norm of customary international law? , Yes, “The principle of non-intervention is the corollary of the sovereign equality of all states (Art. 2 ¶ 1 UN Charter) and is considered customary international law.”,"Switzerland's position paper on the application of international law in cyberspace: Annex to UN GGE, pg. 3, §3 (2021)

Switzerland, UNGA Official Compendium of Voluntary National Contributions, pg. 87, ¶ 4 (2021)", ,
CHE,2. Is the scope of the principle of non-intervention uncertain?    ,Silent, ,, ,
CHE,3. Does the prohibition of non-intervention apply to cyber-operations? ,Yes, “The prohibition of intervention is also applicable to cyberspace.”,"Switzerland's position paper on the application of international law in cyberspace: Annex to UN GGE, pg. 3, §3 (2021)

Switzerland, UNGA Official Compendium of Voluntary National Contributions, pg. 88, ¶ 2 (2021)", ,
CHE,4. Is coercion a constituent element of prohibited intervention?, Yes,"“In this context, intervention is understood to be the direct or indirect interference by one sovereign state in the internal or external affairs of another using coercive measures.”","Switzerland's position paper on the application of international law in cyberspace: Annex to UN GGE, pg. 3, §3 (2021)

Switzerland, UNGA Official Compendium of Voluntary National Contributions, pg. 87, ¶ 4 (2021)
", ,
CHE,4.1 Is coercion limited to the employment of physical force? ,Silent,,, ,
CHE,4.2 Can dictatorial demands or acts of compulsion or imposition constitute coercion?     ,Silent,,, ,
CHE,4.3 Does the deprivation of a State’s ability to control matters within its domaine réservé amount to coercion?,Yes,"“In this context, intervention is understood to be the direct or indirect interference by one sovereign state in the internal or external affairs of another using coercive measures. It covers those areas where the state has exclusive jurisdiction (known as domaine réservé).”","Switzerland's position paper on the application of international law in cyberspace: Annex to UN GGE, pg. 3, §3 (2021)

Switzerland, UNGA Official Compendium of Voluntary National Contributions, pg. 87, ¶ 4 (2021)", ,
CHE,4.4 Does coercion extend to any affirmative acts designed to deprive another state of its freedom of choice with regard to a matter of protected sovereign prerogative?,Silent, ,, ,
CHE,4.5 Must there be a causal nexus between the responsible state’s actions/efforts and the effects on the target state’s internal or external affairs? ,Yes," “The latter must be coercive in nature, i.e. through its intervention a state seeks to cause another to act (or refrain from acting) in a way it would not otherwise.”","Switzerland's position paper on the application of international law in cyberspace: Annex to UN GGE, pg. 3, §3 (2021)

Switzerland, UNGA Official Compendium of Voluntary National Contributions, pg. 87-88, ¶ 4 (2021)", ,
CHE,4.6 Can attempts to coerce an outcome amount to prohibited intervention?      ,Yes,"“An infringement of sovereignty and a prohibited intervention are not the same. The latter must be coercive in nature, i.e. through its intervention a state seeks to cause another to act (or refrain from acting) in a way it would not otherwise.”","Switzerland's position paper on the application of international law in cyberspace: Annex to UN GGE, pg. 3, §3 (2021)

Switzerland, UNGA Official Compendium of Voluntary National Contributions, pg. 87-88, ¶ 4 (2021)", ,
CHE,4.7 Is intent a constituent element of coercion?    ,Silent,,, ,
CHE,"4.8 Must the action(s) constituting coercion be designed/intended to influence outcomes in, or conduct with respect to, a matter of protected sovereign prerogative?      ",Silent, ,, ,
CHE,4.9  Can coercion be indirect?    ,Ambiguous,"“In this context, intervention is understood to be the direct or indirect interference by one sovereign state in the internal or external affairs of another using coercive measures.”  ","Switzerland's position paper on the application of international law in cyberspace: Annex to UN GGE, pg. 3, §3 (2021)

Switzerland, UNGA Official Compendium of Voluntary National Contributions, pg. 87, ¶ 4 (2021)",Intervention can be indirect, does not specifically talk about coercion in that regard
CHE, 4.10 Must the target state have knowledge of the coercive cyber operation constituting the purported intervention? ,Silent,,,,
CHE,5. Does intervention include forms of persuasion or propaganda?   ,Silent,,, ,
CHE,6. Is there a de minimis exception to the prohibition?  ,Silent,,,,
CHE,"7. Must the intervention be directed at matters over which the victim state is permitted by the principle of sovereignty, to decide freely? ",Yes,“...intervention is understood to be the direct or indirect interference by one sovereign state in the internal or external affairs of another using coercive measures. It covers those areas where the state has exclusive jurisdiction (known as domaine réservé).”,"Switzerland's position paper on the application of international law in cyberspace: Annex to UN GGE, pg. 3, §3 (2021)

Switzerland, UNGA Official Compendium of Voluntary National Contributions, pg. 87, ¶ 4 (2021)",,
CHE,7.1 Does the zone of protected sovereign prerogatives include only internal affairs? ,No,"“In this context, intervention is understood to be the direct or indirect interference by one sovereign state in the internal or external affairs of another using coercive measures. It covers those areas where the state has exclusive jurisdiction (known as domaine réservé).”","Switzerland's position paper on the application of international law in cyberspace: Annex to UN GGE, pg. 3, §3 (2021)

Switzerland, UNGA Official Compendium of Voluntary National Contributions, pg. 87, ¶ 4 (2021)",,
CHE,7.2 Does the prohibition proscribe intervention in a state’s external (foreign) affairs? ,Yes,"“In this context, intervention is understood to be the direct or indirect interference by one sovereign state in the internal or external affairs of another using coercive measures. It covers those areas where the state has exclusive jurisdiction (known as domaine réservé).”","Switzerland's position paper on the application of international law in cyberspace: Annex to UN GGE, pg. 3, §3 (2021)

Switzerland, UNGA Official Compendium of Voluntary National Contributions, pg. 87, ¶ 4 (2021)",,
CHE,7.3 Is the zone of protected sovereign prerogatives referred to as domaine réservé? ,Yes,“It covers those areas where the state has exclusive jurisdiction (known as domaine réservé).”,"Switzerland's position paper on the application of international law in cyberspace: Annex to UN GGE, pg. 3, §3 (2021)

Switzerland, UNGA Official Compendium of Voluntary National Contributions, pg. 87, ¶ 4 (2021)",,
CHE,"7.4 Is the domaine réservé limited to matters involving the state’s choice of a political, economic, social, and cultural system, and the formulation of foreign policy? ",Silent,,,,
CHE, 7.5 Does international law regulation over a matter of sovereign prerogative remove it from the domaine réservé?  ,Silent,,,,
CHE,7.6 Is critical infrastructure part of the domaine réservé?  ,Silent,,,,
CHE,7.7 Are elections part of the domaine réservé? ,Silent,,,,
CHE, 7.8 Is the operation of legislatures a part of the domaine réservé?,Silent,,,,
CHE, 7.9 Is financial system stability part of the domaine réservé?  ,Ambiguous,"“The distinction between exerting influence, which is permissible, and coercion, which is not, must be determined on a case-by-case basis. This is particularly true of economic coercion, which could be the case if a company that is systemically relevant was paralysed through a cyber operation.”","Switzerland's position paper on the application of international law in cyberspace: Annex to UN GGE, pg. 3, §3 (2021)

Switzerland, UNGA Official Compendium of Voluntary National Contributions, pg. 88, ¶ 2 (2021)",,
CHE,7.10 Are medical services part of the domaine réservé?  ,Silent,,,,
THA,1. Is the prohibition of non-intervention a norm of customary international law? ,Yes,"The prohibition of intervention is a fundamental principle of international law, firmly established in customary international law, and a direct corollary of the principle of sovereignty","Thailand’s National Position on the Application of International Law in Cyberspace, pg. 4, ¶15 (2025)", ,
THA,2. Is the scope of the principle of non-intervention uncertain?    ,Yes,"The International Court of Justice (ICJ) affirmed this principle in the Case Concerning Military and Paramilitary Activities in and Against Nicaragua (Nicaragua v. United States of America), emphasizing that coercion constitutes the essence of an unlawful intervention. While the precise meaning of “coercion” remains under discussion among States, the ICJ clarified that direct or indirect coercive measures, including the threat or use of force, may constitute unlawful intervention.","Thailand’s National Position on the Application of International Law in Cyberspace, pg. 4, ¶16 (2025)", Thailand states that “coercion” itself is currently under discussion and that ties into the principle of intervention,
THA,3. Does the prohibition of non-intervention apply to cyber-operations? ,Yes,Thailand affirms that the prohibition of intervention applies in full to cyberspace,"Thailand’s National Position on the Application of International Law in Cyberspace, pg. 5, ¶17 (2025)", ,
THA,4. Is coercion a constituent element of prohibited intervention?,Yes,"The International Court of Justice (ICJ) affirmed this principle in the Case Concerning Military and Paramilitary Activities in and Against Nicaragua (Nicaragua v. United States of America), emphasizing that coercion constitutes the essence of an unlawful intervention. ","Thailand’s National Position on the Application of International Law in Cyberspace, pg. 4, ¶16 (2025)",,
THA,4.1 Is coercion limited to the employment of physical force? ,"No
","The 1970 Declaration on Principles of International Law Concerning Friendly Relations and Co-operation among States in accordance with the Charter of the United Nations further recognizes that coercion can also arise through non-forcible means, such as economic or political pressure aimed at compelling a State to alter its conduct.","Thailand’s National Position on the Application of International Law in Cyberspace, pg. 4, ¶16 (2025)", ,
THA,4.2 Can dictatorial demands or acts of compulsion or imposition constitute coercion?     ,Ambiguous,"The 1970 Declaration on Principles of International Law Concerning Friendly Relations and Co-operation among States in accordance with the Charter of the United Nations further recognizes that coercion can also arise through non-forcible means, such as economic or political pressure aimed at compelling a State to alter its conduct.","Thailand’s National Position on the Application of International Law in Cyberspace, pg. 4, ¶16 (2025)"," GPC:  Could be yes, but the quoted language does not clearly reference the traditional “dictatorial” language",
THA, 4.3 Does the deprivation of a State’s ability to control matters within its domaine réservé amount to coercion?,Yes,"Coercion may arise where a cyber operation undermines a State’s sovereign functions or impairs its ability to exercise its reserved domain (domaine réservé) freely, even without an explicit demand, demonstrable motive, or intention to compel. ","Thailand’s National Position on the Application of International Law in Cyberspace, pg. 5, ¶18 (2025)", ,
THA, 4.4 Does coercion extend to any affirmative acts designed to deprive another state of its freedom of choice with regard to a matter of protected sovereign prerogative?,Yes,"Coercion may arise where a cyber operation undermines a State’s sovereign functions or impairs its ability to exercise its reserved domain (domaine réservé) freely, even without an explicit demand, demonstrable motive, or intention to compel.","Thailand’s National Position on the Application of International Law in Cyberspace, pg. 5, ¶18 (2025)", ,
THA,4.5 Must there be a causal nexus between the responsible state’s actions/efforts and the effects on the target state’s internal or external affairs? ,"
Silent or Ambiguous","Thailand affirms that the prohibition of intervention applies in full to cyberspace. It prohibits cyber operations that intervene with a State’s 

While the precise meaning of ""coercion"" remains under discussion among States, the ICJ clarified that direct or indirect coercive measures, including the threat
or use of force, may constitute unlawful intervention. ","Thailand’s National Position on the Application of International Law in Cyberspace, pg. 5, ¶17 (2025)","Could also be yes based on 4.4 [we don’t think either of the quoted citations support the affirmative answer; please remove and clean up)

GPC:  Recognition of indirect coercive measures might imply lack of direct causality requirement.",
THA,4.6 Can attempts to coerce an outcome amount to prohibited intervention?      ,"
Silent",,https://tuprd-my.sharepoint.com/:b:/r/personal/tup46628_temple_edu/Documents/iLIT%20Projects/iLIT%20RA%20Files/Working%20Folders%20%5BActive%20Projects%5D/Cyber/National%20Cyber%20Statements/Source%20Materials/National%20Statements/Thailand/Thailand%20(2025).pdf?csf=1&web=1&e=ewS4QM, Ditto,
THA,4.7 Is intent a constituent element of coercion?    ,No,"Coercion may arise... even without an explicit demand, demonstrable motive, or intention to compel.","Thailand’s National Position on the Application of International Law in Cyberspace, pg. 5, ¶18 (2025)", ,
THA,"4.8 Must the action(s) constituting coercion be designed/intended to influence outcomes in, or conduct with respect to, a matter of protected sovereign prerogative?      ",No,"Thailand affirms that coercion must be assessed on a case-by-case basis, taking into account the nature, scale, consequences, and context of a cyber operation. Coercion may arise where a cyber operation undermines a State’s sovereign functions or impairs its ability to exercise its reserved domain (domaine réservé) freely, even without an explicit demand, demonstrable motive, or intention to compel. The assessment should focus primarily on the practical effects and severity of the interference","Thailand’s National Position on the Application of International Law in Cyberspace, pg. 5, ¶18 (2025)", ,
THA,4.9 Can coercion be indirect?    ,Yes,"… the ICJ clarified that direct or indirect coercive measures, including the threat or use of force, may constitute unlawful intervention","Thailand’s National Position on the Application of International Law in Cyberspace, pg. 4, ¶16 (2025)", ,
THA, 4.10 Must the target state have knowledge of the coercive cyber operation constituting the purported intervention? ,Silent ,,,,
THA,5. Does intervention include forms of persuasion or propaganda?   ,Silent,,,,
THA,6. Is there a de minimis exception to the prohibition?  ,"
Silent",,https://tuprd-my.sharepoint.com/:b:/r/personal/tup46628_temple_edu/Documents/iLIT%20Projects/iLIT%20RA%20Files/Working%20Folders%20%5BActive%20Projects%5D/Cyber/National%20Cyber%20Statements/Source%20Materials/National%20Statements/Thailand/Thailand%20(2025).pdf?csf=1&web=1&e=ewS4QM,,
THA,"7. Must the intervention be directed at matters over which the victim state is permitted by the principle of sovereignty, to decide freely? ","
Ambiguous","15. …which obligate States to respect the sovereign rights of other States in matters within their exclusive jurisdiction, including political, economic, social, and foreign policy affairs

17. …It prohibits cyber operations that intervene with a State’s domaine réservé, particularly where such operations target sovereign governmental functions or essential public services.

18. Coercion may arise where a cyber operation undermines a State’s sovereign functions or impairs its ability to exercise its reserved domain (domaine réservé) freely,","Thailand, National Position on the Application of International Law in Cyberspace, pg. 4-5, ¶¶ 15,17 (2025)",,
THA,7.1 Does the zone of protected sovereign prerogatives include only internal affairs? ,No,"Articles 2(1) and 2(7) of the Charter of the United Nations and Article 2(2) of the ASEAN Charter, which obligate States to respect the sovereign rights of other States in matters within their exclusive jurisdiction, including political, economic, social, and foreign policy affairs","Thailand’s National Position on the Application of International Law in Cyberspace, pg. 4, ¶15 (2025)",,
THA,7.2 Does the prohibition proscribe intervention in a state’s external (foreign) affairs? ,Yes,"Articles 2(1) and 2(7) of the Charter of the United Nations and Article 2(2) of the ASEAN Charter, which obligate States to respect the sovereign rights of other States in matters within their exclusive jurisdiction, including political, economic, social, and foreign policy affairs","Thailand’s National Position on the Application of International Law in Cyberspace, pg. 4, ¶15 (2025)",,
THA,7.3 Is the zone of protected sovereign prerogatives referred to as domaine réservé? ,Yes,"Thailand affirms that the prohibition of intervention applies in full to cyberspace. It prohibits cyber operations that intervene with a State’s domaine réservé, particularly where such operations target sovereign governmental functions or essential public services","Thailand’s National Position on the Application of International Law in Cyberspace, pg. 5, ¶17 (2025)",,
THA,"7.4 Is the domaine réservé limited to matters involving the state’s choice of a political, economic, social, and cultural system, and the formulation of foreign policy? ",No,"It prohibits cyber operations that intervene with a State’s domaine réservé, particularly where such operations target sovereign governmental functions or essential public services.","Thailand’s National Position on the Application of International Law in Cyberspace, pg. 5, ¶17 (2025)",,
THA, 7.5 Does international law regulation over a matter of sovereign prerogative remove it from the domaine réservé?  ,Silent,,,,
THA,7.6 Is critical infrastructure part of the domaine réservé?  ,Yes,"17. … It prohibits cyber operations that intervene with a State’s domaine réservé, particularly where such operations target sovereign governmental functions or essential public services.

18. Coercion may arise where a cyber operation
undermines a State’s sovereign functions or impairs its ability to exercise its reserved domain (domaine réservé) freely, even without an explicit demand, demonstrable motive, or intention to compel.","Thailand’s National Position on the Application of International Law in Cyberspace, pg. 5, ¶17-18 (2025)","There is no explicit mention of if critical infrastructure is a part of the domaine reserve however, essential essential public services and state sovereign functions can be critical infrastrcture",
THA,7.7 Are elections part of the domaine réservé? ,Yes,"As non-exhaustive examples, coercive cyber operations that significantly impair Thailand’s capacity to conduct elections, maintain public administration, deliver essential services, or uphold internal security will constitute unlawful intervention under international law","Thailand’s National Position on the Application of International Law in Cyberspace, pg. 5, ¶17 (2025)",,
THA, 7.8 Is the operation of legislatures a part of the domaine réservé?,Yes,"It prohibits cyber operations that intervene with a State’s domaine réservé, particularly where such operations target sovereign governmental functions or essential public services","Thailand’s National Position on the Application of International Law in Cyberspace, pg. 5, ¶17 (2025)",It can be argued that operations of legislatures falls under sovereign governmental functions,
THA, 7.9 Is financial system stability part of the domaine réservé?  ,Silent,,"
",,
THA,7.10 Are medical services part of the domaine réservé?  ,Silent,,,,
GBR,1. Is the prohibition of non-intervention a norm of customary international law? , Yes,"“The rule on non-intervention. Turning now to the law, one of the rules of customary international law which is of particular importance in this area is the rule on non-intervention. Customary international law is the general practice of states accepted as law.”

“Below the threshold of the threat or use of force, the customary international law rule prohibiting interventions in the domestic affairs of States applies to States’ operations in cyberspace as it does to their other activities.”
","Attorney General Suella Braverman: International Law in Future Frontiers, pg. 6 (2022)



United Kingdom, UNGA Official Compendium of Voluntary National Contributions, pg. 116, ¶ 8 (2021)", ,
GBR,2. Is the scope of the principle of non-intervention uncertain?    ,Yes,"“The UK’s position is that the rule on non-intervention provides a clearly established basis in international law for assessing the legality of state conduct in cyberspace during peacetime.”

“As the UK has noted previously, while the precise boundaries of this rule continue to be the subject of on-going debate, it provides a clearly established basis
in international law for assessing the legality of State conduct.”

“Through the principle of non-intervention, it is clear that the international community has set a boundary at which interference in another state’s sovereign freedoms is considered internationally wrongful and as such, in breach of international law, giving rise to the right to take action which may otherwise be unlawful in response. As I have already mentioned, the precise parameters of this principle remain the subject of ongoing debate in the international law community, but a further contested are amongst those engaged in the application of international law to cyber space is the regulation of activities that fall below the threshold of a prohibited intervention, but nonetheless may be perceived as affecting the territorial sovereignty of another state without that state’s prior consent.”","Attorney General Suella Braverman: International Law in Future Frontiers, pg. 6 (2022)


United Kingdom, UNGA Official Compendium of Voluntary National Contributions, pg. 116, ¶ 9  (2021)



Attorney General Jeremy Wright: Cyber and International Law in the 21st Century, pg. 7 (2018)
", ,
GBR,3. Does the prohibition of non-intervention apply to cyber-operations? ,Yes,"“This rule [non-intervention] is particularly important in cyberspace for two main reasons.


“Thus the use of hostile cyber operations to manipulate the electoral system in another State to alter the results of an election, to undermine the stability of another State’s financial system or to target the essential medical services of another State could all, depending on the circumstances, be in violation of the international law prohibition on intervention.”

“First, there is the rule prohibiting interventions in the domestic affairs of states both under Article 2(7) of the Charter and in customary international law. This prohibition means that any activity in cyber space which reaches the level of such an intervention is unlawful.”","Attorney General Suella Braverman: International Law in Future Frontiers, pg. 6 (2022)


United Kingdom, UNGA Official Compendium of Voluntary National Contributions, pg. 116, ¶ 9 (2021)




Attorney General Jeremy Wright: Cyber and International Law in the 21st Century, pg. 7 (2018)", ,
GBR,4. Is coercion a constituent element of prohibited intervention?, Yes,"“A core element of the non-intervention rule is that the offensive behaviour must be coercive.”


“As set out by the International Court of Justice in its judgment in the Nicaragua case, the purpose of the rule on non-intervention is to ensure that all States remain free from external coercive intervention in matters affecting a State’s powers, which are at the heart of a State’s sovereignty such as the freedom to choose its own political, social, economic and cultural system.”

“As set out by the International Court of Justice in its judgment in the Nicaragua case, the purpose of this principle is to ensure that all states remain free
from external, coercive intervention in the matters of government which are at the heart of a state’s sovereignty, such as the freedom to choose its own political, social, economic and cultural system.”","Attorney General Suella Braverman: International Law in Future Frontiers, pg. 6 (2022)

United Kingdom, UNGA Official Compendium of Voluntary National Contributions, pg. 116, ¶ 8  (2021)




Attorney General Jeremy Wright: Cyber and International Law in the 21st Century, pg. 7 (2018)", ,
GBR,4.1 Is coercion limited to the employment of physical force? ,No,"“Imagine, for example, a cyber operation to delay another state’s election or to prevent it from distributing tax revenues to fund essential services. To my mind, these are certainly forms of coercion.”

“Thus the use of hostile cyber operations to manipulate the electoral system in another State to alter the results
of an election, to undermine the stability of another State’s financial system or to target the essential medical services of another State could all, depending on the circumstances, be in violation of the international law prohibition on intervention.”

“But the practical application of the principle in this context would be the use by a hostile state of cyber operations to manipulate the electoral system to alter the results of an election in another state, intervention in the fundamental operation of Parliament, or in the stability of our financial system. Such acts must surely be a breach of the prohibition on intervention in the domestic affairs of states.”","Attorney General Suella Braverman: International Law in Future Frontiers, pg. 7 (2022)


United Kingdom, UNGA Official Compendium of Voluntary National Contributions, pg. 116-17, ¶ 9 (2021)




Attorney General Jeremy Wright: Cyber and International Law in the 21st Century, pg. 6 (2018)
", ,
GBR,4.2 Can dictatorial demands or acts of compulsion or imposition constitute coercion?     ,Yes,"“But I want to be clear that coercion can be broader than this. In essence, an intervention in the affairs of another state will be unlawful if it is forcible, dictatorial or otherwise coercive, depriving a state of its freedom of control over matters, which it is permitted to decide freely by the principle of state sovereignty.”","Attorney General Suella Braverman: International Law in Future Frontiers, pg. 7 (2022)", ,
GBR, 4.3 Does the deprivation of a State’s ability to control matters within its domaine réservé amount to coercion?,Yes,"“But I want to be clear that coercion can be broader than this. In essence, an intervention in the affairs of another state will be unlawful if it is forcible, dictatorial or otherwise coercive, depriving a state of its freedom of control over matters, which it is permitted to decide freely by the principle of state sovereignty.”","Attorney General Suella Braverman: International Law in Future Frontiers, pg. 7 (2022)", ,
GBR, 4.4 Does coercion extend to any affirmative acts designed to deprive another state of its freedom of choice with regard to a matter of protected sovereign prerogative?,Silent, ,, ,
GBR,4.5 Must there be a causal nexus between the responsible state’s actions/efforts and the effects on the target state’s internal or external affairs? ,Silent," 
 ",,,
GBR,4.6 Can attempts to coerce an outcome amount to prohibited intervention?      ,Ambiguous,  . . . we should be ready to consider whether disruptive cyber behaviours are coercive even where it might not be possible to point to a specific course of conduct which a State has been forced into or prevented from taking.,"Attorney General Suella Braverman: International Law in Future Frontiers, pg.  (2022)",GPC:  Could be read to mean a result is imposed or it could mean a result is attempted,
GBR,4.7 Is intent a constituent element of coercion?    ,Silent,,,,
GBR,"4.8 Must the action(s) constituting coercion be designed/intended to influence outcomes in, or conduct with respect to, a matter of protected sovereign prerogative?      ",Silent, ,,,
GBR,4.9 Can coercion be indirect?    ,Silent, ,,,
GBR, 4.10 Must the target state have knowledge of the coercive cyber operation constituting the purported intervention? ,Silent,,,,
GBR,5. Does intervention include forms of persuasion or propaganda?   ,Silent,,, ,
GBR,6. Is there a de minimis exception to the prohibition?  ,Silent,,,,
GBR,"7. Must the intervention be directed at matters over which the victim state is permitted by the principle of sovereignty, to decide freely? ",Yes,"“A prohibited intervention must accordingly be one bearing on matters in which each state is permitted, by the principle of state sovereignty, to decide freely.”

“As set out by the International Court of Justice in its judgment in the Nicaragua case, the purpose of the rule on non-intervention is to ensure that all States remain free from external coercive intervention in matters affecting a State’s powers, which are at the heart of a State’s sovereignty such as the freedom to choose its own political, social, economic and cultural system.”

“As set out by the International Court of Justice in its judgment in the Nicaragua case, the purpose of the rule on non-intervention is to ensure that all States remain free from external coercive intervention in matters affecting a State’s powers, which are at the heart of a State’s sovereignty such as the freedom to choose its own political, social, economic and cultural system.”","Attorney General Suella Braverman: International Law in Future Frontiers, pg. 6 (2022)

United Kingdom, UNGA Official Compendium of Voluntary National Contributions, pg. 116, ¶ 8  (2021)





Attorney General Jeremy Wright: Cyber and International Law in the 21st Century, pg. 6 (2018)",,
GBR,7.1 Does the zone of protected sovereign prerogatives include only internal affairs? ,No,"“According to the court in that case, all states, or groups of states, are forbidden from intervening, ‘directly or indirectly in internal or external affairs of other states.’”","Attorney General Suella Braverman: International Law in Future Frontiers, pg. 6 (2022)","Quoting ICJ without stating it as UK’s stance
GPC:  Classic ICJ formulation adopted into the speech",
GBR,7.2 Does the prohibition proscribe intervention in a state’s external (foreign) affairs? ,Yes,"“According to the court in that case, all states, or groups of states, are forbidden from intervening, ‘directly or indirectly in internal or external affairs of other states.’”","Attorney General Suella Braverman: International Law in Future Frontiers, pg. 6 (2022)","Quoting ICJ without stating it as UK’s stance
GPC:  Same",
GBR,7.3 Is the zone of protected sovereign prerogatives referred to as domaine réservé? ,Silent,,,,
GBR,"7.4 Is the domaine réservé limited to matters involving the state’s choice of a political, economic, social, and cultural system, and the formulation of foreign policy? ", No,"“A prohibited intervention must accordingly be one bearing on matters in which each state is permitted, by the principle of state sovereignty, to decide freely. One of these is the choice of a political, economic, social and cultural system and the formulation of foreign policy.”

“As set out by the International Court of Justice in its judgment in the Nicaragua case, the purpose of the rule on non-intervention is to ensure that all States remain free from external coercive intervention in matters affecting a State’s powers, which are at the heart of a State’s sovereignty such as the freedom to choose its own political, social, economic and cultural system.”

“As set out by the International Court of Justice in its judgment in the Nicaragua case, the purpose of the rule on non-intervention is to ensure that all States remain free from external coercive intervention in matters affecting a State’s powers, which are at the heart of a State’s sovereignty such as the freedom to choose its own political, social, economic and cultural system.”","Attorney General Suella Braverman: International Law in Future Frontiers, pg. 6 (2022)



United Kingdom, UNGA Official Compendium of Voluntary National Contributions, pg. 116, ¶ 8 (2021)




Attorney General Jeremy Wright: Cyber and International Law in the 21st Century, pg. 6 (2018)","Unsure if the domaine reserve is necessarily limited to these matters
GPC:  “One of these” indicates a non-exhuastive list.",
GBR, 7.5 Does international law regulation over a matter of sovereign prerogative remove it from the domaine réservé?  ,Silent,,,,
GBR,7.6 Is critical infrastructure part of the domaine réservé?  ,Yes,“Ensuring the provision of essential medical services and secure and reliable energy supply to a population are sovereign functions of a state.”,"Attorney General Suella Braverman: International Law in Future Frontiers, pg. 8 (2022)",,
GBR,7.7 Are elections part of the domaine réservé? ,Yes,"“However, covert cyber operations by a foreign state, which coercively interfere with free and fair elections, or electoral processes, would constitute a prohibited intervention”","Attorney General Suella Braverman: International Law in Future Frontiers, pg. 9 (2022)
",,
GBR, 7.8 Is the operation of legislatures a part of the domaine réservé?,Silent,,,,
GBR, 7.9 Is financial system stability part of the domaine réservé?  ,Yes,"“Turning to economic stability, covert cyber operations by a foreign state that coercively interfere with a state’s freedom to manage its domestic economy or to ensure provision of domestic financial services crucial to the state’s financial system, would also breach the rule on non-intervention. Such cyber operations could include disruption to the networks controlling a state’s fundamental ability to conduct monetary policy or to raise and distribute revenue, for instance through taxation, or disruption to systems, which support lending, saving and insurance across the economy...”

“Thus the use of hostile cyber operations to manipulate the electoral system in another State to alter the results
of an election, to undermine the stability of another State’s financial system or to target the essential medical services of another State could all, depending on the circumstances, be in violation of the international law prohibition on intervention.”

“But the practical application of the principle in this context would be the use by a hostile state of cyber operations to manipulate the electoral system to alter the results of an election in another state, intervention in the fundamental operation of Parliament, or in the stability of our financial system. Such acts must surely be a breach of the prohibition on intervention in the domestic affairs of states.”","Attorney General Suella Braverman: International Law in Future Frontiers, pg. 8 (2022)









United Kingdom, UNGA Official Compendium of Voluntary National Contributions, pg. 116-17, ¶ 9 (2021)




Attorney General Jeremy Wright: Cyber and International Law in the 21st Century, pg. 6 (2018)",,
GBR,7.10 Are medical services part of the domaine réservé?  ,Yes,"“Ensuring the provision of essential medical services and secure and reliable energy supply to a population are sovereign functions of a state.”


“Thus the use of hostile cyber operations to manipulate the electoral system in another State to alter the results
of an election, to undermine the stability of another State’s financial system or to target the essential medical services of another State could all, depending on the circumstances, be in violation of the international law prohibition on intervention.”","Attorney General Suella Braverman: International Law in Future Frontiers, pg. 8 (2022)


United Kingdom, UNGA Official Compendium of Voluntary National Contributions, pg. 116-17, ¶ 9 (2021)
",,
USA,1. Is the prohibition of non-intervention a norm of customary international law? ,Yes ,"





“Among other international legal principles, the 2015 GGE report acknowledges the principle of non-intervention in the internal affairs of other States. As
articulated by the International Court of Justice (ICJ) in its judgment on the merits in the Nicaragua Case, this rule of customary international law forbids States from engaging in coercive action that bears on a matter that each State is entitled, by the principle of State sovereignty, to decide freely, such as the choice of a political, economic, social, and cultural system.”

“Relatedly, consider the challenges we face in clarifying the international law prohibition on unlawful intervention. As articulated by the International Court of Justice (ICJ) in its judgment on the merits in the Nicaragua Case, this rule of customary international law forbids States from engaging in coercive action that bears on a matter that each State is entitled, by the principle of State sovereignty, to decide freely, such as the choice of a political, economic, social, and cultural system. This is generally viewed as a relatively narrow rule of customary international law...”","https://tuprd-my.sharepoint.com/:b:/r/personal/tup46628_temple_edu/Documents/iLIT%20Projects/iLIT%20RA%20Files/Working%20Folders%20%5BActive%20Projects%5D/Cyber/National%20Cyber%20Statements/Source%20Materials/National%20Statements/United%20States/United%20States_2023_DOD%20General%20Counsel%20Remarks%20at%20U.S.%20Cyber%20Command%20Legal%20Conference%20_%20U.S.%20Department%20of%20Defense%20_%20Speech.pdf?csf=1&web=1&e=C0T3x1

United States, UNGA Official Compendium of Voluntary National Contributions, pg. 139-40, § III.A., ¶4 (2021)






Brian J. Egan, International Law and Stability in Cyberspace, pg. 174-175 (2016)", GPC:  Reference only sources that represent view of gov’t as a whole.,
USA,2. Is the scope of the principle of non-intervention uncertain?    , Uncertain,"




This is generally viewed as a relatively narrow rule of customary international law, but States’ cyber activities could run afoul of this prohibition. . . . For increased transparency, States need to do more work to clarify how the international law on non-intervention applies to States’ activities in cyberspace.

This is generally viewed as a relatively narrow
rule of customary international law, but States’ cyber activities could run afoul of this
prohibition.
","https://tuprd-my.sharepoint.com/:b:/r/personal/tup46628_temple_edu/Documents/iLIT%20Projects/iLIT%20RA%20Files/Working%20Folders%20%5BActive%20Projects%5D/Cyber/National%20Cyber%20Statements/Source%20Materials/National%20Statements/United%20States/United%20States_2024.pdf?csf=1&web=1&e=mVl8S9















Brian J. Egan, International Law and Stability in Cyberspace, pg. 175 (2016)


United States, UNGA Official Compendium of Voluntary National Contributions, pg. 139-40, § III.A., ¶4 (2021)
"," GPC:  This is a law review article.  Why is this even cited?


















GPC:  This is a DoD position.  Neither does it say the rule is uncertain.  It says it narrow.




GPC:  Egan (and compendium) describe the rule as narrow.  He indicates not that the scope of the rule is uncertain, but that states need to clarify its application to cyber.",
USA,3. Does the prohibition of non-intervention apply to cyber-operations? ,Yes,"


“…is generally viewed as a relatively narrow rule of customary international law, but States’ cyber activities could run afoul of this Prohibition."" 



“For example, a cyber operation by a State that interferes with another country’s ability to hold an election or that manipulates another country’s election results would be a clear violation of the rule of non-intervention.”
","https://tuprd-my.sharepoint.com/:b:/r/personal/tup46628_temple_edu/Documents/iLIT%20Projects/iLIT%20RA%20Files/Working%20Folders%20%5BActive%20Projects%5D/Cyber/National%20Cyber%20Statements/Source%20Materials/National%20Statements/United%20States/United%20States_2023_DOD%20General%20Counsel%20Remarks%20at%20U.S.%20Cyber%20Command%20Legal%20Conference%20_%20U.S.%20Department%20of%20Defense%20_%20Speech.pdf?csf=1&web=1&e=C0T3x1


United States, UNGA Official Compendium of Voluntary National Contributions, pg. 139-40, § III.A., ¶4 (2021)

Brian J. Egan, International Law and Stability in Cyberspace, pg. 175 (2016)", ,
USA,4. Is coercion a constituent element of prohibited intervention?, Yes ,"---
Among other international legal principles, the 2015 GGE report acknowledges the principle of non-intervention in the internal affairs of other States. As articulated by the International Court of Justice (ICJ) in its judgment on the merits in the Nicaragua Case, this rule of customary international law forbids States from engaging in coercive action that bears on a matter that each State is entitled, by the principle of State sovereignty, to decide freely, such as the choice of a political, economic, social, and cultural system.”
---
“...this rule of customary international law forbids States from engaging in coercive action that bears on a matter that each State is entitled, by the principle of State sovereignty, to decide freely, such as the choice of a political, economic, social, and cultural system.”","https://tuprd-my.sharepoint.com/:b:/r/personal/tup46628_temple_edu/Documents/iLIT%20Projects/iLIT%20RA%20Files/Working%20Folders%20%5BActive%20Projects%5D/Cyber/National%20Cyber%20Statements/Source%20Materials/National%20Statements/United%20States/United%20States_2023_DOD%20General%20Counsel%20Remarks%20at%20U.S.%20Cyber%20Command%20Legal%20Conference%20_%20U.S.%20Department%20of%20Defense%20_%20Speech.pdf?csf=1&web=1&e=C0T3x1











United States, UNGA Official Compendium of Voluntary National Contributions, pg. 139-40, § III.A., ¶4 (2021)






Brian J. Egan, International Law and Stability in Cyberspace, pg. 175 (2016)

", ,
USA,4.1 Is coercion limited to the employment of physical force? ,"
No","f---
“For example, a cyber operation by a State that interferes with another country’s ability to hold an election or that manipulates another country’s election results would be a clear violation of the rule of non-intervention.”","https://tuprd-my.sharepoint.com/:b:/r/personal/tup46628_temple_edu/Documents/iLIT%20Projects/iLIT%20RA%20Files/Working%20Folders%20%5BActive%20Projects%5D/Cyber/National%20Cyber%20Statements/Source%20Materials/National%20Statements/United%20States/United%20States_2024.pdf?csf=1&web=1&e=mVl8S9









United States, UNGA Official Compendium of Voluntary National Contributions, pg. 139-40, § III.A., ¶4 (2021)", ,
USA,4.2 Can dictatorial demands or acts of compulsion or imposition constitute coercion?     ,Silent,,, ,
USA,4.3 Does the deprivation of a State’s ability to control matters within its domaine réservé amount to coercion?,Silent,,, ,
USA,4.4 Does coercion extend to any affirmative acts designed to deprive another state of its freedom of choice with regard to a matter of protected sovereign prerogative?,Silent, ,, ,
USA,4.5 Must there be a causal nexus between the responsible state’s actions/efforts and the effects on the target state’s internal or external affairs? ,Silent," 
 ",, ,
USA,4.6 Can attempts to coerce an outcome amount to prohibited intervention?      ,Silent,"

--
","
", ,
USA,4.7 Is intent a constituent element of coercion?    ,Silent,,, ,
USA,"4.8 Must the action(s) constituting coercion be designed/intended to influence outcomes in, or conduct with respect to, a matter of protected sovereign prerogative?      ",Silent, ,,,
USA,4.9   Can coercion be indirect?    ,Silent, ,,,
USA,4.10 Must the target state have knowledge of the coercive cyber operation constituting the purported intervention? ,Silent,,,,
USA,5. Does intervention include forms of persuasion or propaganda?   ,Silent,"--

",https://tuprd-my.sharepoint.com/:b:/r/personal/tup46628_temple_edu/Documents/iLIT%20Projects/iLIT%20RA%20Files/Working%20Folders%20%5BActive%20Projects%5D/Cyber/National%20Cyber%20Statements/Source%20Materials/National%20Statements/United%20States/United%20States_2021%20UNGA%20Submission_%20Official%20compendium%20of%20voluntary%20national%20contributions.pdf?csf=1&web=1&e=qsCzWS, ,
USA,6. Is there a de minimis exception to the prohibition?  ,Silent,"Although the scope of prohibited intervention is generally understood to be relatively narrow, certain peacetime activities of States in cyberspace could run afoul of this high threshold.





---



In certain circumstances, one State’s non-consensual cyber operation in another State’s territory, even if it falls below the threshold of a use of force or nonintervention, could also violate international law.



---

“As an initial matter, remote cyber operations involving computers or other networked devices located on another State’s territory do not constitute a per se violation of international law. In other words, there is no absolute prohibition on such operations as a matter of international law. This is perhaps most clear where such activities in another State’s territory have no effects or de minimis effects.” ",https://tuprd-my.sharepoint.com/:b:/r/personal/tup46628_temple_edu/Documents/iLIT%20Projects/iLIT%20RA%20Files/Working%20Folders%20%5BActive%20Projects%5D/Cyber/National%20Cyber%20Statements/Source%20Materials/National%20Statements/United%20States/United%20States_2023_DOD%20General%20Counsel%20Remarks%20at%20U.S.%20Cyber%20Command%20Legal%20Conference%20_%20U.S.%20Department%20of%20Defense%20_%20Speech.pdf?csf=1&web=1&e=C0T3x1,,
USA,"7. Must the intervention be directed at matters over which the victim state is permitted by the principle of sovereignty, to decide freely? ",Yes,"I---
As articulated by the International Court of Justice (ICJ) in its judgment on the merits in the Nicaragua Case, this rule of customary international law forbids States from engaging in coercive action that bears on a matter that each State is entitled, by the principle of State sovereignty, to decide freely, such as the choice of a political, economic, social, and cultural system. This is generally viewed as a relatively narrow rule of customary international law...”
---
“As articulated by the International Court of Justice (ICJ) in its judgment on the merits in the Nicaragua Case, this rule [Non-intervention] of customary international law forbids States from engaging in coercive action that bears on a matter that each State is entitled, by the principle of State sovereignty, to decide freely, such as the choice of a political, economic, social, and cultural system. This is generally viewed as a relatively narrow rule of customary international law, but States’ cyber activities could run afoul of this Prohibition.”","



United States, UNGA Official Compendium of Voluntary National Contributions, pg. 139-40, § III.A., ¶4 (2021)




Brian J. Egan, International Law and Stability in Cyberspace, pg. 174-75 (2016)",,
USA,7.1 Does the zone of protected sovereign prerogatives include only internal affairs? ,Silent,,https://tuprd-my.sharepoint.com/:b:/r/personal/tup46628_temple_edu/Documents/iLIT%20Projects/iLIT%20RA%20Files/Working%20Folders%20%5BActive%20Projects%5D/Cyber/National%20Cyber%20Statements/Source%20Materials/National%20Statements/United%20States/United%20States_2021%20UNGA%20Submission_%20Official%20compendium%20of%20voluntary%20national%20contributions.pdf?csf=1&web=1&e=qsCzWS,,
USA,7.2 Does the prohibition proscribe intervention in a state’s external (foreign) affairs? ,Silent,,,,
USA,7.3 Is the zone of protected sovereign prerogatives referred to as domaine réservé? , Silent,,https://tuprd-my.sharepoint.com/:b:/r/personal/tup46628_temple_edu/Documents/iLIT%20Projects/iLIT%20RA%20Files/Working%20Folders%20%5BActive%20Projects%5D/Cyber/National%20Cyber%20Statements/Source%20Materials/National%20Statements/United%20States/United%20States_2023_DOD%20General%20Counsel%20Remarks%20at%20U.S.%20Cyber%20Command%20Legal%20Conference%20_%20U.S.%20Department%20of%20Defense%20_%20Speech.pdf?csf=1&web=1&e=C0T3x1,,
USA,"7.4 Is the domaine réservé limited to matters involving the state’s choice of a political, economic, social, and cultural system, and the formulation of foreign policy? ",No,"As articulated by the International Court of Justice (ICJ) in its judgment on the merits in the Nicaragua Case, this rule of customary international law forbids States from 
engaging in coercive action that bears on a matter that each State is entitled, by the principle of State sovereignty, to decide freely, such as the choice of a political, economic, social, and cultural system.
","United States, UNGA Official Compendium of Voluntary National Contributions, pg. 139-40, § III.A., ¶4 (2021)
",GPC:  Adopts ICJ’s “such as” non-exhaustive list.,
USA,Does international law regulation over a matter of sovereign prerogative remove it from the domaine réservé?  ,Silent,,,,
USA,7.6 Is critical infrastructure part of the domaine réservé?  ,Silent,"The United States in 2021 ---
","https://tuprd-my.sharepoint.com/:b:/r/personal/tup46628_temple_edu/Documents/iLIT%20Projects/iLIT%20RA%20Files/Working%20Folders%20%5BActive%20Projects%5D/Cyber/National%20Cyber%20Statements/Source%20Materials/National%20Statements/United%20States/United%20States_2021%20UNGA%20Submission_%20Official%20compendium%20of%20voluntary%20national%20contributions.pdf?csf=1&web=1&e=qsCzWS
","








GPC:  Wrong law.",
USA,7.7 Are elections part of the domaine réservé? ,Yes,"

--
“For example, a cyber operation by a State that interferes with another country’s ability to hold an election or that manipulates another country’s election results would be a clear violation of the rule of non-intervention.”"," Conference, pg. 8, § III.a.i (2023)

United States, UNGA Official Compendium of Voluntary National Contributions, pg. 139-40, § III.A., ¶4 (2021)
",,
USA,7.8 Is the operation of legislatures a part of the domaine réservé?,Silent,,,,
USA,7.9 Is financial system stability part of the domaine réservé?  ,Silent,,,,
USA,7.10 Are medical services part of the domaine réservé?  ,Yes,"“In this respect, certain aspects of a 

----

Further, a cyber operation that attempts to interfere coercively with a State’s ability to protect the health of its population--for example, through vaccine research or running cyber-controlled ventilators within its territories during a pandemic--could be considered a violation of the rule of non-intervention.","https://tuprd-my.sharepoint.com/:b:/r/personal/tup46628_temple_edu/Documents/iLIT%20Projects/iLIT%20RA%20Files/Working%20Folders%20%5BActive%20Projects%5D/Cyber/National%20Cyber%20Statements/Source%20Materials/National%20Statements/United%20States/United%20States_2023_DOD%20General%20Counsel%20Remarks%20at%20U.S.%20Cyber%20Command%20Legal%20Conference%20_%20U.S.%20Department%20of%20Defense%20_%20Speech.pdf?csf=1&web=1&e=C0T3x1


United States, UNGA Official Compendium of Voluntary National Contributions, pg. 139-40, § III.A., ¶4 (2021)",,
