ISO,Question,Answer,Citation,Pincite ,Comment,,
AU,1. Is sovereignty a foundational principle of the international legal order?,Yes,"Sovereignty is an attribute of States. By virtue of sovereignty, States enjoy, under international law, territorial sovereignty, and supremacy in their internal and external affairs. States are also under an obligation to uphold principles of international law including the duty not to infringe on the independence of other States or to violate their territorial sovereignty.¶... The obligation to respect the territorial sovereignty of States is a primary rule that is firmly established in international law, which applies to State conductin cyberspace.","Common African Position on the Application of International Law to the Use of Information and Communication Technologies in Cyberspace, pg. 2 ¶¶ 12-13 (2024) ¶",This can be reasonably inferred from the AU statement,,
AU,2. Does sovereignty confer on states authority over cyber infrastructure located in their respective territories and over the actions they take with respect to that infrastructure?,Yes,"By virtue of territorial sovereignty, States are entitled to exercise jurisdiction, including legislative, adjudicative, and enforcement authority, over the components of cyberspace that are located on their territory.","Common African Position on the Application of International Law to the Use of Information and Communication Technologies in Cyberspace, pg. 2 § II, ¶ 14 (2024) ¶",,,
AU,"2(a) Does sovereignty encompass the right of a State to protect cyber infrastructure and safeguard cyber activity that is located in, or takes place on, its territory?",Yes,"By virtue of territorial sovereignty, States are entitled, within the limits established by the applicable rules of international law, to exercise exclusive control over their land territory and its appurtenances, including the airspace and maritime zones that are subject to the sovereignty of the State. . . ¶¶By virtue of territorial sovereignty, States are entitled to exercise jurisdiction, including legislative, adjudicative, and enforcement authority, over the components of cyberspace that are located on their territory.¶","Common African Position on the Application of International Law to the Use of Information and Communication Technologies in Cyberspace, pg. 2 § II, ¶ 13, 14; pg. 10 § X, ¶ 66 (2024) ",,,
AU,2(b) Is the exercise of such sovereign authority subject to international human rights law and other fundamental freedoms?,Yes,"As a corollary of territorial sovereignty, States shall protect, in accordance with the applicable rules of international law, especially international human rights law and, when applicable, international humanitarian law, natural and legal persons located on their territory against unlawful uses of ICTs in cyberspace that are attributable to foreign States or non-State actors.¶...¶The African Union further affirms that IHRL requires States to protect the freedom of expression online, including the right to seek, receive, and impart information and ideas and to disseminate opinions through ICTs. Any restrictions imposed by States on these rights must be provided by law and must be limited to what is strictly necessary in a democratic society to respect and protect the rights or reputations of others and to protect national security, public order, public health, or morals...¶The African Union is of the view that responsible behavior in relation to the use of ICTs in cyberspace requires States to ensure that their conduct does not infringe on the human rights of individuals or peoples in other States.","Common African Position on the Application of International Law to the Use of Information and Communication Technologies in Cyberspace, pg. 3 § II, ¶ 18 (2024) ",,,
AU,"3. Is sovereignty a stand-alone, primary rule of international law, the breach of which can incur international responsibility?",Yes,"13. ...The obligation to respect the territorial sovereignty of States is a primary rule that is firmly established in international law, which applies to State conduct in cyberspace. ","Common African Position on the Application of International Law to the Use of Information and Communication Technologies in Cyberspace, pg. 2 § II, ¶ 13 (2024) ",,,
AU,3(a) Can violations of sovereignty not amounting to prohibited interventions constitute internationally wrongful acts?  ,Yes,"The African Union affirms that by virtue of territorial sovereignty, any unauthorized access by a State into the ICT infrastructure located on the territory of a foreign State is unlawful.¶ ","Common African Position on the Application of International Law to the Use of Information and Communication Technologies in Cyberspace, pg. 3 § II, ¶ 16",,,
AU,4. Does the State indicate how to identify a violation of any stand-alone sovereignty rule?,Yes,"16. The African Union affirms that by virtue of territorial sovereignty, any unauthorized access by a State into the ICT infrastructure located on the territory of a foreign State is unlawful. Therefore, the African Union emphasizes that the obligation to respect the territorial sovereignty of States, as it applies in cyberspace, does not include a de minimis threshold of harmful effects below which an unauthorized access by a State into the ICT infrastructure located on the territory of a foreign State would not be unlawful. The African Union further affirms that cyber operations that are attributable to a State against ICT infrastructure located on the territory of a foreign State that causes effects, such as loss or impairment of functionality, on the territory of a third State, may constitute a breach of the territorial sovereignty of that latter State.¶","Common African Position on the Application of International Law to the Use of Information and Communication Technologies in Cyberspace, pg. 2 § II, ¶ 16;19 (2024) ¶",,,
AU,4(a) Is there a de minimis threshold below which a violation of sovereignty would not occur?,No ,"Therefore, the African Union emphasizes that the obligation to respect the territorial sovereignty of States, as it applies in cyberspace, does not include a de minimis threshold of harmful effects below which an unauthorized access by a State into the ICT infrastructure located on the territory of a foreign State would not be unlawful. The African Union further affirms that cyber operations that are attributable to a State against ICT infrastructure located on the territory of a foreign State that causes effects, such as loss or impairment of functionality, on the territory of a third State, may constitute a breach of the territorial sovereignty of that latter State.¶","Common African Position on the Application of International Law to the Use of Information and Communication Technologies in Cyberspace, pg. 2 § II, ¶ 16;19 (2024) ¶",,,
AU,"5. Is it a violation of territorial sovereignty for an organ of a State, or others whose conduct is attributable to the State, to conduct non-consensual cyber operations while physically present on another State’s territory against that State or entities or persons on its territory?",Yes,"16. The African Union affirms that by virtue of territorial sovereignty, any unauthorized access by a State into the ICT infrastructure located on the territory of a foreign State is unlawful. Therefore, the African Union emphasizes that the obligation to respect the territorial sovereignty of States, as it applies in cyberspace, does not include a de minimis threshold of harmful effects below which an unauthorized access by a State into the ICT infrastructure located on the territory of a foreign State would not be unlawful.","Common African Position on the Application of International Law to the Use of Information and Communication Technologies in Cyberspace, pg. 2 § II, ¶ 16;19 (2024) ",This can be reasonable inferred from the Statement. ,,
AU,6. Can state cyber operations that cause physical effects in another state’s territory constitute a violation of sovereignty as a rule?,Yes,"16. ... The African Union further affirms that cyber operations that are attributable to a State against ICT infrastructure located on the territory of a foreign State that causes effects, such as loss or impairment of functionality, on the territory of a third State, may constitute a breach of the territorial sovereignty of that latter State","Common African Position on the Application of International Law to the Use of Information and Communication Technologies in Cyberspace, pg. 2 § II, ¶ 16 (2024) ",,,
AU,6(a) Do any physical effects constitute a violation?,Yes,"16. The African Union affirms that by virtue of territorial sovereignty, any unauthorized access by a State into the ICT infrastructure located on the territory of a foreign State is unlawful. Therefore, the African Union emphasizes that the obligation to respect the territorial sovereignty of States, as it applies in cyberspace, does not include a de minimis threshold of harmful effects below which an unauthorized access by a State into the ICT infrastructure located on the territory of a foreign State would not be unlawful. . . ¶¶The African Union further affirms that cyber operations that are attributable to a State against ICT infrastructure located on the territory of a foreign State that causes effects, such as loss or impairment of functionality, on the territory of a third State, may constitute a breach of the territorial sovereignty of that latter State","Common African Position on the Application of International Law to the Use of Information and Communication Technologies in Cyberspace, pg. 2 § II, ¶ 16 (2024)",,,
AU,"6(b) Must the effects involve physical damage to computer infrastructure or other tangible things, or injury to persons, to constitute a violation of sovereignty as a rule?",No,"16. ... The African Union further affirms that cyber operations that are attributable to a State against ICT infrastructure located on the territory of a foreign State that causes effects, such as loss or impairment of functionality, on the territory of a third State, may constitute a breach of the territorial sovereignty of that latter State","Common African Position on the Application of International Law to the Use of Information and Communication Technologies in Cyberspace, pg. 2 § II, ¶ 16 (2024) ",,,
AU,6(b)(i) Must the effect of a cyber operation to computer infrastructure require repair or replacement of physical components to qualify as damage?,Silent,,,The statement does not speak on whether to qualify effects as damage ,,
AU,6(c) Do only cyber operations generating significant physical effects within another State’s territory constitute a violation?,No,"Therefore, the African Union emphasizes that the obligation to respect the territorial sovereignty of States, as it applies in cyberspace, does not include a de minimis threshold of harmful effects below which an unauthorized access by a State into the ICT infrastructure located on the territory of a foreign State would not be unlawful. The African Union further affirms that cyber operations that are attributable to a State against ICT infrastructure located on the territory of a foreign State that causes effects, such as loss or impairment of functionality, on the territory of a third State, may constitute a breach of the territorial sovereignty of that latter State.","Common African Position on the Application of International Law to the Use of Information and Communication Technologies in Cyberspace, pg. 2 § II, ¶ 16 (2024) ",,,
AU,7. Can state cyber operations that cause a loss to computer functionality in another State’s territory constitute a violation of sovereignty as a rule?,Yes,"16. ...The African Union further affirms that cyber operations that are attributable to a State against ICT infrastructure located on the territory of a foreign State that causes effects, such as loss or impairment of functionality, on the territory of a third State, may constitute a breach of the territorial sovereignty of that latter State.","Common African Position on the Application of International Law to the Use of Information and Communication Technologies in Cyberspace, pg. 2 § II, ¶ 16 (2024) ",,,
AU,7(a) Is the rule violated by a cyber operation generating any functionality losses within another state’s territory?,Ambiguous,"16. ...The African Union further affirms that cyber operations that are attributable to a State against ICT infrastructure located on the territory of a foreign State that causes effects, such as loss or impairment of functionality, on the territory of a third State, may constitute a breach of the territorial sovereignty of that latter State.","Common African Position on the Application of International Law to the Use of Information and Communication Technologies in Cyberspace, pg. 2 § II, ¶ 16 (2024) ","Although the statement discusses “any” unauthorized access as a violation without a de minimis threshold, it also indicates that losses of functionality “may” (rather than “will”) violate the rule; hence it is ambiguous on this question.",,
AU,7(b) Is the rule violated by a cyber operation generating significant functionality losses within another state’s territory?,Ambiguous,"Therefore, the African Union emphasizes that the obligation to respect the territorial sovereignty of States, as it applies in cyberspace, does not include a de minimis threshold of harmful effects below which an unauthorized access by a State into the ICT infrastructure located on the territory of a foreign State would not be unlawful. The African Union further affirms that cyber operations that are attributable to a State against ICT infrastructure located on the territory of a foreign State that causes effects, such as loss or impairment of functionality, on the territory of a third State, may constitute a breach of the territorial sovereignty of that latter State.","Common African Position on the Application of International Law to the Use of Information and Communication Technologies in Cyberspace, pg. 2 § II, ¶ 16 (2024) ",See previous comment¶,,
AU,7(c) Is the rule violated by a cyber operation generating systemic functionality losses within another state’s territory?,Ambiguous,"Therefore, the African Union emphasizes that the obligation to respect the territorial sovereignty of States, as it applies in cyberspace, does not include a de minimis threshold of harmful effects below which an unauthorized access by a State into the ICT infrastructure located on the territory of a foreign State would not be unlawful. The African Union further affirms that cyber operations that are attributable to a State against ICT infrastructure located on the territory of a foreign State that causes effects, such as loss or impairment of functionality, on the territory of a third State, may constitute a breach of the territorial sovereignty of that latter State.","Common African Position on the Application of International Law to the Use of Information and Communication Technologies in Cyberspace, pg. 2 § II, ¶ 16 (2024) ",See previous comment¶,,
AU,8. Can state cyber operations that interfere with another state’s “inherent governmental functions” constitute a violation of sovereignty as a rule?,Silent,,,,,
AU,9. Must there be proximate causation between the state cyber operation and the effects or interference prohibited by sovereignty as a rule?  ,Ambiguous,"The African Union further affirms that cyber operations that are attributable to a State against ICT infrastructure located on the territory of a foreign State that causes effects, such as loss or impairment of functionality, on the territory of a third State, may constitute a breach of the territorial sovereignty of that latter State.","Common African Position on the Application of International Law to the Use of Information and Communication Technologies in Cyberspace, pg. 2 § II, ¶ 16 (2024) ¶","Although the legal language of proximate causation is not used, the position paper recognizes effects caused by a state cyber operation as a potential breach of territorial sovereignty.",,
AU,9(a) Must the state cyber operation generate prohibited effects directly?,Silent,,,,,
AU,9(b) Do prohibited effects indirectly generated by a state cyber operation constitute a violation of sovereignty as a rule?,Silent¶,,,,,
AU,10. Can state cyber operations that deny access to or degrade data in the control of another State constitute a violation of sovereignty as a rule?,Yes,"... certain activities undertaken by States, such as the transnational interception of communications, indiscriminate surveillance and data misuse, may constitute a violation of the right to privacy of individuals who are subjected to such conduct, in addition to potentially violating the territorial sovereignty of States on the territory of which such interception occurs.","Common African Position on the Application of International Law to the Use of Information and Communication Technologies in Cyberspace, pg. 9 §VIII, ¶ 55 (2024) ","If state cyber operations entail data misuse that denies access to or degrades data in control of another state, then they may constitute a violation of sovereignty. ",,
AU,10(a) Do state sponsored ransomware operations violate the sovereignty of another State?,Silent,,https://tuprd-my.sharepoint.com/:b:/g/personal/tup46628_temple_edu/ETwMPww1ZUFJgXVs0fxOMpQBRD9fVdBSgjaaurAz57yp0A?email=pekham.basu@temple.edu&e=Ghw6mP,,,
AU,10(b) Can state cyber operations against data residing in cloud servers outside of a State’s territorial jurisdiction constitute a violation of sovereignty that state’s sovereignty?¶¶,Silent,,https://tuprd-my.sharepoint.com/:b:/g/personal/tup46628_temple_edu/ETwMPww1ZUFJgXVs0fxOMpQBRD9fVdBSgjaaurAz57yp0A?email=pekham.basu@temple.edu&e=Ghw6mP,,,
AU,10(c) Does the exercise of one State’s law enforcement tools via cyber means in the networks or systems of another State’s territory violate the sovereignty of the latter State?,Yes,"15. The African Union affirms that international law, as it applies to the use of ICTs in cyberspace, does not permit a State to exercise enforcement authority on the territory of a foreign State in response to unlawful cyber activities that emanate from the territory of that foreign State. This applies even if the exercise of such enforcement authority by a State does not have harmful effects, whether virtual or physical, on the territory of a foreign State.¶ ","Common African Position on the Application of International Law to the Use of Information and Communication Technologies in Cyberspace, pg. 3 § II, ¶ 17 (2024) ¶","The position paper takes a stand against the use of law enforcement tools via cyber means on the territory of another state even in response to unlawful cyber activities. Although the rule of territorial sovereignty is directly mentioned as being at risk by provisions that allow the exercise of law enforcement tools in the systems of another state, it is not clear whether such activity is a violation.¶",,
AU,11. Do State cyber operations that interfere at any level with critical infrastructure in another State constitute a violation of sovereignty as a rule?¶,Ambiguous,"The African Union affirms that by virtue of territorial sovereignty, any unauthorized access by a State into the ICT infrastructure located on the territory of a foreign State is unlawful. Therefore, the African Union emphasizes that the obligation to respect the territorial sovereignty of States, as it applies in cyberspace, does not include a de minimis threshold of harmful effects below which an unauthorized access by a State into the ICT infrastructure located on the territory of a foreign State would not be unlawful. The African Union further affirms that cyber operations that are attributable to a State against ICT infrastructure located on the territory of a foreign State that causes effects, such as loss or impairment of functionality, on the territory of a third State, may constitute a breach of the territorial sovereignty of that latter State.","Common African Position on the Application of International Law to the Use of Information and Communication Technologies in Cyberspace, pg. 3 § II, ¶ 16 (2024) ","The question isn’t just about unauthorized access but any interference; and since there are ways to interfere without access (e.g., DDoS), we think it’s ambiguous; also the reference to ICT infrastructure is not “critical”? This is ambiguous because although the national position mentions “any unauthorized access” in para 16, it does not specifically use the language of ‘interference.’",,
AU,12. Can State cyber operations that cause significant national economic impacts for another State constitute a violation of sovereignty as a rule?,Silent,,,,,
AU,13. Does cyber espionage by one State in or transiting networks or hardware resident in another State constitute a violation of sovereignty as a rule?,Ambiguous,"The African Union is of the view that responsible behavior in relation to the use of ICTs in cyberspace requires States to ensure that their conduct does not infringe on the human rights of individuals or peoples in other States. In particular, certain activities undertaken by States, such as the transnational interception of communications, indiscriminate surveillance and data misuse, may constitute a violation of the right to privacy of individuals who are subjected to such conduct, in addition to potentially violating the territorial sovereignty of States on the territory of which such interception occurs.¶","Common African Position on the Application of International Law to the Use of Information and Communication Technologies in Cyberspace, pg. 9 §VIII, ¶ 55 (2024) ","Espionage is discussed in the section on human rights (by reference to interception and surveillance, etc.) but makes reference to such activities “potentially” violating sovereignty.",,
AU,13(a) Can gaining unauthorized access to computer systems or data within a State’s sovereign control violate the rules of sovereignty?,Yes,"14 … The jurisdiction of States also applies extraterritorially to ICTs located onaircraft and ships flying the State's flag and satellites and other spacecraft in outer space registered by the State…¶¶16. The African Union affirms that by virtue of territorial sovereignty, any unauthorized access by a State into the ICT infrastructure located on the territory of a foreign State is unlawful.¶","Common African Position on the Application of International Law to the Use of Information and Communication Technologies in Cyberspace, pg. 3 § II, ¶ 16 (2024) ",,,
AU,14. Are violations of sovereignty assessed on a case-by-case basis?,Silent,,,,,
AUS,1. Is sovereignty a foundational principle of the international legal order?,Silent, ,,,,
AUS,2  Does sovereignty confer on states authority over cyber infrastructure located in their respective territories and over the actions they take with respect to that infrastructure? ,Yes.,"To the extent that a State enjoys the right to exercise sovereignty over objects and activities within its territory, it necessarily shoulders corresponding responsibilities to ensure those objects and activities are not used to harm other States. ","Australia, UNGA Official Compendium of Voluntary National Contributions, pg. 7, §3, ¶¶1-2 (2021).","Australia’s position on the application of international law to cyberspace, as reiterated in the official compendium, recognizes but does not positively define the extent of sovereign authority over ICT infrastructure. The scope of authority and associated obligations is vague.¶",,
AUS,"2(a) Does sovereignty encompass the right of a state to protect cyber infrastructure and safeguard cyber activity that is located in, or takes place on, its territory?",Yes,"To the extent that a State enjoys the right to exercise sovereignty over objects and activities within its territory, it necessarily shoulders corresponding responsibilities to ensure those objects and activities are not used to harm other States.  ","Australia, UNGA Official Compendium of Voluntary National Contributions, pg. 7, §3, ¶ 2 (2021).",,,
AUS,2(b) Is the exercise of such sovereign authority subject to international human rights law and other fundamental freedoms?,Yes,"International human rights law (IHRL) also applies to the use of cyberspace. States have obligations to protect relevant human rights of individuals under their jurisdiction, including the right to privacy, where those rights are exercised or realised through or in cyberspace. Subject to lawful derogations and limitations, states must ensure without distinction individuals’ rights to privacy, freedom of expression and freedom of association online",UNGA Addendum [complete and double check pinpoint cite],,,
AUS,"3. Is sovereignty a stand-alone, primary rule of international law, the breach of which can incur international responsibility?",Silent,,,,,
AUS,3(a) Can violations of sovereignty not amounting to prohibited interventions constitute internationally wrongful acts?  ,Silent,,,,,
AUS,4. Does the State indicate how to identify a violation of any stand-alone sovereignty rule?,Silent,,,,,
AUS,4(a) Is there a de minimis threshold below which a violation of sovereignty would not occur?,Silent,,,,,
AUS,"5. Is it a violation of territorial sovereignty for an organ of a State, or others whose conduct is attributable to the State, to conduct non-consensual cyber operations while physically present on another State’s territory against that State or entities or persons on its territory?",Silent,,,,,
AUS,6. Can state cyber operations that cause physical effects in another state’s territory constitute a violation of sovereignty as a rule?,Silent,,,,,
AUS,6(a) Do any physical effects constitute a violation?,Silent,,,,,
AUS,"6(b) Must the effects involve physical damage to computer infrastructure or other tangible things, or injury to persons, to constitute a violation of sovereignty as a rule?",Silent,,,,,
AUS,6(b)(i) Must the effect of a cyber operation to computer infrastructure require repair or replacement of physical components to qualify as damage?,Silent,,,,,
AUS,6(c) Do only cyber operations generating significant physical effects within another State’s territory constitute a violation?,Silent,,,,,
AUS,7 Can state cyber operations that cause a loss to computer functionality in another State’s territory constitute a violation of sovereignty as a rule?,Silent,,,,,
AUS,7(a) Is the rule violated by a cyber operation generating any functionality losses within another state’s territory?,Silent,,,,,
AUS,7(b) Is the rule violated by a cyber operation generating significant functionality losses within another state’s territory?,Silent,,,,,
AUS,7(c) Is the rule violated by a cyber operation generating systemic functionality losses within another state’s territory?,Silent,,,,,
AUS,8. Can state cyber operations that interfere with another state’s “inherent governmental functions” constitute a violation of sovereignty as a rule?,Silent,,,,,
AUS,9. Must there be proximate causation between the state cyber operation and the effects or interference prohibited by sovereignty as a rule?  ,Silent,,,,,
AUS,9(a) Must the state cyber operation generate prohibited effects directly?,Silent,,,,,
AUS,9(b) Do prohibited effects indirectly generated by a state cyber operation constitute a violation of sovereignty as a rule?,Silent,,,,,
AUS,10. Can state cyber operations that deny access to or degrade data in the control of another State constitute a violation of sovereignty as a rule?,Silent,,,,,
AUS,10(a) Do state sponsored ransomware operations violate the sovereignty of another State?,Silent,,,,,
AUS,10(b) Can state cyber operations against data residing in cloud servers outside of a State’s territorial jurisdiction constitute a violation of sovereignty as a rule?,Silent,,,,,
AUS,10(c) Does the exercise of one State’s law enforcement tools via cyber means in the networks or systems of another State’s territory violate the sovereignty of the latter State?,Silent,,,,,
AUS,11. Do State cyber operations that interfere at any level with critical infrastructure in another State constitute a violation of sovereignty as a rule?¶,Silent,,,,,
AUS,12. Can State cyber operations that cause significant national economic impacts for another State constitute a violation of sovereignty as a rule?,Silent,,,,,
AUS,13. Does cyber espionage by one State in or transiting networks or hardware resident in another State constitute a violation of sovereignty as a rule?,Silent,,,,,
AUS,13(a) Can gaining unauthorized access to computer systems or data within a State’s sovereign control violate the rules of sovereignty?,Silent ,,,,,
AUS,14. Are violations of sovereignty assessed on a case-by-case basis?,Silent,,,,,
AUT,1. Is sovereignty a foundational principle of the international legal order?¶,Yes,Austria takes the position that respect for state sovereignty is a binding rule of customary international law that also applies to cyber activities. ,"Position Paper of the Republic of Austria: Cyber Activities and International Law. pg. 4 § 3, ¶1 (2024) ",The principle can be reasonably inferred from the Statement, ,
AUT,2. Does sovereignty confer on states authority over cyber infrastructure located in their respective territories and over the actions they take with respect to that infrastructure?,Yes ,"States exercise sovereignty over ICT infrastructure on, and persons engaged in cyber activities in, their territory.¶¶",Position Paper of the Republic of Austria: Cyber Activities and International Law. pg. 4 § 3 (2024),,,
AUT,"2(a) Does sovereignty encompass the right of a State to protect cyber infrastructure and safeguard cyber activity that is located in, or takes place on, its territory?",Yes ,"State sovereignty entails specific rights – such as a state’s right to exercise exclusive jurisdiction over ICT infrastructure on, and persons engaged in cyber activities in, their territory … ","Position Paper of the Republic of Austria: Cyber Activities and International Law. pg. 4 § 3, ¶2 (2024)",The principle can be reasonably inferred from the Statement,,
AUT,2(b) Is the exercise of such sovereign authority subject to international human rights law and other fundamental freedoms?,Yes,"A state’s sovereignty must not be used as a pretext for a state to infringe its human rights obligations, including on data protection and privacy, freedom of expression, and freedom of information.","Position Paper of the Republic of Austria: Cyber Activities and International Law. pg. 4 § 3, ¶2 (2024)",,,
AUT,"3. Is sovereignty a stand-alone, primary rule of international law, the breach of which can incur international responsibility?",Yes,"Austria takes the position that respect for state sovereignty is a binding rule of customary international law that also applies to cyber activities. This means that a cyber activity may violate a state’s sovereignty, even if it does not reach the threshold of, inter alia, an unlawful intervention or threat or use of force. The violation of state sovereignty, through cyber activities of a state or attributable to it, entails the international responsibility of the acting state","Position Paper of the Republic of Austria: Cyber Activities and International Law. pg. 4 § 3, ¶1 (2024)",,,
AUT,3(a) Can violations of sovereignty not amounting to prohibited interventions constitute internationally wrongful acts?  ,Yes,"This means that a cyber activity may violate a state’s sovereignty, even if it does not reach the threshold of, inter alia, an unlawful intervention or threat or use of force. The violation of state sovereignty, through cyber activi- ties of a state or attributable to it, entails the international responsibility of the acting state.","Position Paper of the Republic of Austria: Cyber Activities and International Law. pg. 4 § 3, ¶2 (2024)",,,
AUT,4. Does the State indicate how to identify a violation of any stand-alone sovereignty rule?,Yes,"A cyber activity violates the sovereignty of another state when it violates a state’s territorial integrity, as well as when it constitutes an interference with or usurpation of an inherently governmental function of a state. Cyber activities that result in physical damage or injury certainly constitute a violation of state sovereignty. Other – only limited – intrusions leading to, e.g. the temporary loss of functionality of critical infrastructure within a state or a cyber activity that temporarily prevents access to essential governmental services, may also constitute a violation of sovereignty. Similarly, cyber espionage activities, including industrial cyber espionage against corporations, within a state’s territory may also violate the state’s sovereignty.","Position Paper of the Republic of Austria: Cyber Activities and International Law. pg. 4 § 3, ¶3 (2024)",,,
AUT,4(a) Is there a de minimis threshold below which a violation of sovereignty would not occur?,Silent,,,,,
AUT,"5. Is it a violation of territorial sovereignty for an organ of a State, or others whose conduct is attributable to the State, to conduct non-consensual cyber operations while physically present on another State’s territory against that State or entities or persons on its territory?",Silent,,,,,
AUT,6. Can state cyber operations that cause physical effects in another state’s territory constitute a violation of sovereignty as a rule?,Yes,…Cyber activities that result in physical damage or injury certainly constitute a violation of state sovereignty.,"Position Paper of the Republic of Austria: Cyber Activities and International Law. pg. 4 § 3, ¶3 (2024)",,,
AUT,6(a) Do any physical effects constitute a violation?,Ambiguous,"Cyber activities that result in physical damage or injury certainly constitute a violation of state sovereignty. Other – only limited – intrusions leading to, e.g. the temporary loss of functionality of critical infrastructure within a state or a cyber activity that temporarily prevents access to essential governmental services, may also constitute a violation of sovereignty. Similarly, cyber espionage activities, including industrial cyber espionage against corporations, within a state’s territory may also violate the state’s sovereignty. ","Position Paper of the Republic of Austria: Cyber Activities and International Law. pg. 4-5 § 3, ¶¶3-4 (2024)","Several examples of physical effects are presented as violations of sovereignty, whereas the mere traversing of data packages without a negative effect is contrasted as a non-violation. It is ambiguous whether certain physical effects may not negatively affect the functioning of ICT infrastructure.",,
AUT,"6(b) Must the effects involve physical damage to computer infrastructure or other tangible things, or injury to persons, to constitute a violation of sovereignty as a rule?",No,"Cyber activities that result in physical damage or injury certainly constitute a violation of state sovereignty. Other – only limited – intrusions leading to, e.g. the temporary loss of functionality of critical infrastructure within a state or a cyber activity that temporarily prevents access to essential governmental services, may also constitute a violation of sovereignty. Similarly, cyber espionage activities, including industrial cyber espionage against corporations, within a state’s territory may also violate the state’s sovereignty.","Position Paper of the Republic of Austria: Cyber Activities and International Law. pg. 4-5 § 3, ¶ 4 (2024)",,,
AUT,6(b)(i) Must the effect of a cyber operation to computer infrastructure require repair or replacement of physical components to qualify as damage?,Silent,,,"No mention of repair or replacement of physical components.¶No definition of damage; only terms of art, such as “substantial material damage” in terms of self-defense.",,
AUT,6(c) Do only cyber operations generating significant physical effects within another State’s territory constitute a violation?,No,"Cyber activities that result in physical damage or injury certainly constitute a violation of state sovereignty. Other – only limited – intrusions leading to, e.g. the temporary loss of functionality of critical infrastructure within a state or a cyber activity that temporarily prevents access to essential governmental services, may also constitute a violation of sovereignty. Similarly, cyber espionage activities, including industrial cyber espionage against corporations, within a state’s territory may also violate the state’s sovereignty.","Position Paper of the Republic of Austria: Cyber Activities and International Law. pg. 5 § 3, ¶ 5 (2024)","Physical damage is not qualified or quantified in terms of sovereignty violations.¶Moreover, limited intrusions, cyber espionage, and other cyber operations do not necessarily entail any physical damage.",,
AUT,7. Can state cyber operations that cause a loss to computer functionality in another State’s territory constitute a violation of sovereignty as a rule?,Yes,"Other – only limited – intrusions leading to, e.g. the temporary loss of functionality of critical infrastructure within a state or a cyber activity that temporarily prevents access to essential governmental services, may also constitute a violation of sovereignty.","Position Paper of the Republic of Austria: Cyber Activities and International Law. pg. 5 § 3, ¶ 5 (2024))",May does not equal will.,,
AUT,7(a) Is the rule violated by a cyber operation generating any functionality losses within another state’s territory?,Ambiguous,"Other – only limited – intrusions leading to, e.g. the temporary loss of functionality of critical infrastructure within a state or a cyber activity that temporarily prevents access to essential governmental services, may also constitute a violation of sovereignty.","Position Paper of the Republic of Austria: Cyber Activities and International Law. pg. 5 § 3, ¶ 5 (2024)","Sovereignty may be violated by limited intrusions that lead to temporary losses of functionality. The criteria for assessing whether such loss of functionality is a violation, however, are not addressed.",,
AUT,7(b) Is the rule violated by a cyber operation generating significant functionality losses within another state’s territory?,Ambiguous,"Other – only limited – intrusions leading to, e.g. the temporary loss of functionality of critical infrastructure within a state or a cyber activity that temporarily prevents access to essential governmental services, may also constitute a violation of sovereignty.¶¶Example: State A initiates a cyber espionage activity against the Foreign Ministry of state B for the purpose of obtaining illegal access to the internal communication and information system. When state B discovers that its system is compromised, it is required to conduct a total shutdown of the system and temporarily establish an alternative while the IT system is cleaned and restored. Such a cyber activity would constitute a violation of state B’s sovereignty.","Position Paper of the Republic of Austria: Cyber Activities and International Law. pg. 5 § 3, ¶ 5 (2024)",The criteria for assessing whether any loss of functionality is a violation are not addressed.¶The example offered suggests that a system shutdown necessitated by cyber espionage activity is a violation of sovereignty.,,
AUT,7(c) Is the rule violated by a cyber operation generating systemic functionality losses within another state’s territory?,Ambiguous,"Other – only limited – intrusions leading to, e.g. the temporary loss of functionality of critical infrastructure within a state or a cyber activity that temporarily prevents access to essential governmental services, may also constitute a violation of sovereignty.","Position Paper of the Republic of Austria: Cyber Activities and International Law. pg. 5 § 3, ¶ 5 (2024)",The criteria for assessing whether any loss of functionality is a violation are not clear.¶The example offered (in the row above) suggests that a system shutdown necessitated by cyber espionage activity is a violation of sovereignty.,,
AUT,8. Can state cyber operations that interfere with another state’s “inherent governmental functions” constitute a violation of sovereignty as a rule?,Yes,"A cyber activity violates the sovereignty of another state when it violates a state’s territorial integrity, as well as when it constitutes an interference with or usurpation of an inherently governmental function of a state.","Position Paper of the Republic of Austria: Cyber Activities and International Law. pg. 4 § 3, ¶ 4 (2024)",,,
AUT,9. Must there be proximate causation between the state cyber operation and the effects or interference prohibited by sovereignty as a rule?  ,Silent,,,,,
AUT,9(a) Must the state cyber operation generate prohibited effects directly?,Silent,,,,,
AUT,9(b) Do prohibited effects indirectly generated by a state cyber operation constitute a violation of sovereignty as a rule?,Silent,,,,,
AUT,10. Can state cyber operations that deny access to or degrade data in the control of another State constitute a violation of sovereignty as a rule?,Yes,"... a cyber activity that causes the destruction of governmental data in the data embassy of state A in the territory of state B, may be considered a violation of sovereignty of both state A and state B.","Position Paper of the Republic of Austria: Cyber Activities and International Law. pg. 16 § 11, ¶ 1 (2024)",,,
AUT,10(a) Do state sponsored ransomware operations violate the sovereignty of another State?,Silent,,,,,
AUT,10(b) Can state cyber operations against data residing in cloud servers outside of a State’s territorial jurisdiction constitute a violation of sovereignty as a rule?,Silent,,,,,
AUT,10(c) Does the exercise of one State’s law enforcement tools via cyber means in the networks or systems of another State’s territory violate the sovereignty of the latter State?,Silent,,,,,
AUT,11. Do State cyber operations that interfere at any level with critical infrastructure in another State constitute a violation of sovereignty as a rule?¶,Ambiguous,"Cyber activities that result in physical damage or injury certainly constitute a violation of state sovereignty. Other – only limited – intrusions leading to, e.g. the temporary loss of functionality of critical infrastructure within a state or a cyber activity that temporarily prevents access to essential governmental services, may also constitute a violation of sovereignty.","Position Paper of the Republic of Austria: Cyber Activities and International Law. pg. 4 § 3, ¶ 4 (2024)","While interference with critical infrastructure is discussed as a potential violation of sovereignty, there is no mention of what should be the amount/level of such interference.",,
AUT,12. Can State cyber operations that cause significant national economic impacts for another State constitute a violation of sovereignty as a rule?,Silent,,,,,
AUT,13. Does cyber espionage by one State in or transiting networks or hardware resident in another State constitute a violation of sovereignty as a rule?,Ambiguous,"Similarly, cyber espionage activities, including industrial cyber espionage against corporations, within a state’s territory may also violate the state’s sovereignty.","Position Paper of the Republic of Austria: Cyber Activities and International Law. pg. 4 § 3, ¶ 4 (2024)",“may”¶It is ambiguous because the language uses the word “may.”,,
AUT,13(a) Can gaining unauthorized access to computer systems or data within a State’s sovereign control violate the rules of sovereignty,Yes,"A cyber activity violates the sovereignty of another state when it violates a state’s territorial integrity, as well as when it constitutes an interference with or usurpation of an inherently governmental function of a state.","Position Paper of the Republic of Austria: Cyber Activities and International Law. pg. 4 § 3, ¶ 4 (2024)",,,
AUT,14. Are violations of sovereignty assessed on a case-by-case basis?,Silent,,,,,
BEL,1. Is sovereignty a foundational principle of the international legal order?,,,,,,
BEL,2.  Does sovereignty confer on states authority over cyber infrastructure located in their respective territories and over the actions they take with respect to that infrastructure?,,,,,,
BEL,"2(a) Does sovereignty encompass the right of a State to protect cyber infrastructure and safeguard cyber activity that is located in, or takes place on, its territory?",,,,,,
BEL,2(b) Does sovereignty encompass the right of a State to control government data stored or transmitted inside its territory?,,,,,,
BEL,2(b) Is the exercise of such sovereign authority subject to international human rights law and other fundamental freedoms?,,,,,,
BEL,"3. Is sovereignty a stand-alone, primary rule of international law, the breach of which can incur international responsibility?",,,,,,
BEL,3(a) Can violations of sovereignty not amounting to prohibited interventions constitute internationally wrongful acts?  ,,,,,,
BEL,4. Does the State indicate how to identify a violation of any stand-alone sovereignty rule?,,,,,,
BEL,4(a) Is there a de minimis threshold below which a violation of sovereignty would not occur?,,,,,,
BEL,"5. Is it a violation of territorial sovereignty for an organ of a State, or others whose conduct is attributable to the State, to conduct non-consensual cyber operations while physically present on another State’s territory against that State or entities or persons on its territory?",,,,,,
BEL,6. Can state cyber operations that cause physical effects in another state’s territory constitute a violation of sovereignty as a rule?,,,,,,
BEL,6(a) Do any physical effects constitute a violation?,,,,,,
BEL,"6(b) Must the effects involve physical damage to computer infrastructure or other tangible things, or injury to persons, to constitute a violation of sovereignty as a rule?",,,,,,
BEL,6(b)(i) Must the effect of a cyber operation to computer infrastructure require repair or replacement of physical components to qualify as damage?,,,,,,
BEL,6(c) Do only cyber operations generating significant physical effects within another State’s territory constitute a violation?,,,,,,
BEL,7 Can state cyber operations that cause a loss to computer functionality in another State’s territory constitute a violation of sovereignty as a rule?,,,,,,
BEL,7(a) Is the rule violated by a cyber operation generating any functionality losses within another state’s territory?,,,,,,
BEL,7(b) Is the rule violated by a cyber operation generating significant functionality losses within another state’s territory?,,,,,,
BEL,7(c) Is the rule violated by a cyber operation generating systemic functionality losses within another state’s territory?,,,,,,
BEL,8. Can state cyber operations that interfere with another state’s “inherent governmental functions” constitute a violation of sovereignty as a rule?,,,,,,
BEL,9. Must there be proximate causation between the state cyber operation and the effects or interference prohibited by sovereignty as a rule?  ,,,,,,
BEL,9(a) Must the state cyber operation generate prohibited effects directly?,,,,,,
BEL,9(b) Do prohibited effects indirectly generated by a state cyber operation constitute a violation of sovereignty as a rule?,,,,,,
BEL,10. Can state cyber operations that deny access to or degrade data in the control of another State constitute a violation of sovereignty as a rule?,,,,,,
BEL,10(a) Do state sponsored ransomware operations violate the sovereignty of another State?,,,,,,
BEL,10(b) Can state cyber operations against data residing in cloud servers outside of a State’s territorial jurisdiction constitute a violation of sovereignty as a rule?,,,,,,
BEL,10(c) Does the exercise of one State’s law enforcement tools via cyber means in the networks or systems of another State’s territory violate the sovereignty of the latter State?,,,,,,
BEL,11. Do State cyber operations that interfere at any level with critical infrastructure in another State constitute a violation of sovereignty as a rule?,,,,,,
BEL,12. Can State cyber operations that cause significant national economic impacts for another State constitute a violation of sovereignty as a rule?,,,,,,
BEL,13. Does cyber espionage by one State in or transiting networks or hardware resident in another State constitute a violation of sovereignty as a rule?,,,,,,
BEL,13(a) Can gaining unauthorized access to computer systems or data within a State’s sovereign control violate the rules of sovereignty?,,,,,,
BEL,14. Are violations of sovereignty assessed on a case-by-case basis?,,,,,,
BOL,1. Is sovereignty a foundational principle of the international legal order?,Silent,,,,,
BOL,2.  Does sovereignty confer on states authority over cyber infrastructure located in their respective territories and over the actions they take with respect to that infrastructure?,Yes,"A state’s sovereignty can therefore be violated well via attacks from cyberspace, by non-state organizations, and by insufficient international regulation that is hard to enforce. As a result, states must monitor and control cyber infrastructures in their territory or those operating under their flag without necessarily being inside their geographical boundaries. ","OAS Inter-American Juridical Committee Questionnaire - Response by Bolivia. pg. 7, Question 10 ¶ 2 (2019)",This answer can be reasonably inferred from the statement,,
BOL,"2(a) Does sovereignty encompass the right of a State to protect cyber infrastructure and safeguard cyber activity that is located in, or takes place on, its territory?",Silent,,,,,
BOL,2(b) Is the exercise of such sovereign authority subject to international human rights law and other fundamental freedoms?,Silent,,,,,
BOL,"3. Is sovereignty a stand-alone, primary rule of international law, the breach of which can incur international responsibility?",Silent,,,,,
BOL,3(a) Can violations of sovereignty not amounting to prohibited interventions constitute internationally wrongful acts?  ,Silent,,,,,
BOL,4. Does the State indicate how to identify a violation of any stand-alone sovereignty rule?,Silent,,,,,
BOL,4(a) Is there a de minimis threshold below which a violation of sovereignty would not occur?,SILENT,,,,,
BOL,"5. Is it a violation of territorial sovereignty for an organ of a State, or others whose conduct is attributable to the State, to conduct non-consensual cyber operations while physically present on another State’s territory against that State or entities or persons on its territory?",Silent,,,,,
BOL,6. Can state cyber operations that cause physical effects in another state’s territory constitute a violation of sovereignty as a rule?,Silent,,,,,
BOL,6(a) Do any physical effects constitute a violation?,Silent,,,,,
BOL,"6(b) Must the effects involve physical damage to computer infrastructure or other tangible things, or injury to persons, to constitute a violation of sovereignty as a rule?",Silent,,,,,
BOL,6(b)(i) Must the effect of a cyber operation to computer infrastructure require repair or replacement of physical components to qualify as damage?,Silent,,,,,
BOL,6(c) Do only cyber operations generating significant physical effects within another State’s territory constitute a violation?,Silent,,,,,
BOL,7 Can state cyber operations that cause a loss to computer functionality in another State’s territory constitute a violation of sovereignty as a rule?,Silent,,,,,
BOL,7(a) Is the rule violated by a cyber operation generating any functionality losses within another state’s territory?,Silent,,,,,
BOL,7(b) Is the rule violated by a cyber operation generating significant functionality losses within another state’s territory?,Silent¶,,,,,
BOL,7(c) Is the rule violated by a cyber operation generating systemic functionality losses within another state’s territory?,Silent¶,,,,,
BOL,8. Can state cyber operations that interfere with another state’s “inherent governmental functions” constitute a violation of sovereignty as a rule?,Silent,,,,,
BOL,9. Must there be proximate causation between the state cyber operation and the effects or interference prohibited by sovereignty as a rule?  ,Silent¶,,,,,
BOL,9(a) Must the state cyber operation generate prohibited effects directly?,Silent¶,,,,,
BOL,9(b) Do prohibited effects indirectly generated by a state cyber operation constitute a violation of sovereignty as a rule?,Silent,,,,,
BOL,10. Can state cyber operations that deny access to or degrade data in the control of another State constitute a violation of sovereignty as a rule?,Silent¶,,,,,
BOL,10(a) Do state sponsored ransomware operations violate the sovereignty of another State?,Silent¶,,,,,
BOL,10(b) Can state cyber operations against data residing in cloud servers outside of a State’s territorial jurisdiction constitute a violation of sovereignty as a rule?,Silent,,,,,
BOL,10(c) Does the exercise of one State’s law enforcement tools via cyber means in the networks or systems of another State’s territory violate the sovereignty of the latter State?,Silent¶,,,,,
BOL,11. Do State cyber operations that interfere at any level with critical infrastructure in another State constitute a violation of sovereignty as a rule?,Silent,,,,,
BOL,12. Can State cyber operations that cause significant national economic impacts for another State constitute a violation of sovereignty as a rule?,Silent¶,,,,,
BOL,13. Does cyber espionage by one State in or transiting networks or hardware resident in another State constitute a violation of sovereignty as a rule?,Silent,,,,,
BOL,13(a) Can gaining unauthorized access to computer systems or data within a State’s sovereign control violate the rules of sovereignty?,Silent,¶,,,,
BOL,14. Are violations of sovereignty assessed on a case-by-case basis?,Silent¶,,,,,
BRA,1. Is sovereignty a foundational principle of the international legal order?,Yes,State sovereignty is one of the founding principles of international law.,,"Brazil, UNGA Official Compendium of Voluntary National Contribution, pg. 18, § 1 ¶ 1, (2021) ",,
BRA,2. Does sovereignty confer on states authority over cyber infrastructure located in their respective territories and over the actions they take with respect to that infrastructure?¶,Silent,,,,,
BRA,"2(a) Does sovereignty encompass the right of a State to protect cyber infrastructure and safeguard cyber activity that is located in, or takes place on, its territory?",Silent,,,,,
BRA,2(b) Is the exercise of such sovereign authority subject to international human rights law and other fundamental freedoms?,Silent,,,,,
BRA,"3. Is sovereignty a stand-alone, primary rule of international law, the breach of which can incur international responsibility?",Yes,"State sovereignty is applicable as a standalone rule, including to the use of ICTs by States, and entails an independent obligation of “every State to respect the territorial sovereignty of others”. ",,"Brazil, UNGA Official Compendium of Voluntary National Contribution, pg. 18, § 1 ¶ 1, (2021) ",,
BRA,3(a) Can violations of sovereignty not amounting to prohibited interventions constitute internationally wrongful acts?  ,Yes,"State sovereignty is applicable as a standalone rule, including to the use of ICTs by States, and entails an independent obligation of “every State to respect the territorial sovereignty of others”. Currently, there is neither broad state practice nor sufficient opinio juris to generate new customary international norm allowing for the violation of State sovereignty, including by means of ICTs.¶Violations of State sovereignty by another State, including by means of ICTs, constitute an internationally wrongful act and entail the international responsibility of the State in violation. Interceptions of telecommunications, for instance, whether or not they are considered to have crossed the threshold of an intervention in the internal affairs of another State, would nevertheless be considered an internationally wrongful act because they violate state sovereignty.",,"Brazil, UNGA Official Compendium of Voluntary National Contribution, pg. 18, § 1 ¶ 1, (2021) ",,
BRA,4. Does the State indicate how to identify a violation of any stand-alone sovereignty rule?,No,,,,,
BRA,4(a) Is there a de minimis threshold below which a violation of sovereignty would not occur?,SILENT,,,,,
BRA,"5. Is it a violation of territorial sovereignty for an organ of a State, or others whose conduct is attributable to the State, to conduct non-consensual cyber operations while physically present on another State’s territory against that State or entities or persons on its territory?",Silent,,,,,
BRA,6. Can state cyber operations that cause physical effects in another state’s territory constitute a violation of sovereignty as a rule?,Ambiguous,"Similarly, cyber operations against information systems located in another State’s territory or causing extraterritorial effects might also constitute a breach of sovereignty.¶",,"Brazil, UNGA Official Compendium of Voluntary National Contribution, pg. 18, § 1, ¶ 2, (2021) https://tuprd-my.sharepoint.com/:b:/g/personal/tup46628_temple_edu/EbjS_-62DmRCisI45JXAYc0B18Rvpl3_BnJKNdjsK8ZPJQ?email=pekham.basu@temple.edu&e=KJWabl",Brazil’s position broadly defines cyber operations causing extraterritorial effects as a potential breach of sovereignty. Extraterritorial effects may ambiguously entail physical effects.,
BRA,6(a) Do any physical effects constitute a violation?,Silent,,,,,
BRA,"6(b) Must the effects involve physical damage to computer infrastructure or other tangible things, or injury to persons, to constitute a violation of sovereignty as a rule?",No,"Violations of State sovereignty by another State, including by means of ICTs, constitute an internationally wrongful act and entail the international responsibility of the State in violation. Interceptions of telecommunications, for instance, whether or not they are considered to have crossed the threshold of an intervention in the internal affairs of another State, would nevertheless be considered an internationally wrongful act because they violate state sovereignty. Similarly, cyber operations against information systems located in another State’s territory or causing extraterritorial effects might also constitute a breach of sovereignty.",,"Brazil, UNGA Official Compendium of Voluntary National Contribution, pg. 18, § 1 ¶ 1, (2021) ",,
BRA,6(b)(i) Must the effect of a cyber operation to computer infrastructure require repair or replacement of physical components to qualify as damage?,Silent,,,,,
BRA,6(c) Do only cyber operations generating significant physical effects within another State’s territory constitute a violation?,Silent,,,,,
BRA,7 Can state cyber operations that cause a loss to computer functionality in another State’s territory constitute a violation of sovereignty as a rule?,Silent,,,,,
BRA,7(a) Is the rule violated by a cyber operation generating any functionality losses within another state’s territory?,Silent,,,,,
BRA,7(b) Is the rule violated by a cyber operation generating significant functionality losses within another state’s territory?,Silent,,,,,
BRA,7(c) Is the rule violated by a cyber operation generating systemic functionality losses within another state’s territory?,Silent,,,,,
BRA,8. Can state cyber operations that interfere with another state’s “inherent governmental functions” constitute a violation of sovereignty as a rule?,Silent,,,,,
BRA,9. Must there be proximate causation between the state cyber operation and the effects or interference prohibited by sovereignty as a rule?  ,Silent,,,,,
BRA,9(a) Must the state cyber operation generate prohibited effects directly?,Silent,,,,,
BRA,9(b) Do prohibited effects indirectly generated by a state cyber operation constitute a violation of sovereignty as a rule?,Silent,,,,,
BRA,10. Can state cyber operations that deny access to or degrade data in the control of another State constitute a violation of sovereignty as a rule?,Silent,,,,,
BRA,10(a) Do state sponsored ransomware operations violate the sovereignty of another State?,Silent,,,,,
BRA,10(b) Do state cyber operations against data residing in cloud servers outside of a State’s territorial jurisdiction constitute a violation of sovereignty as a rule?,Silent,,,,,
BRA,10(c) Does the exercise of one State’s law enforcement tools via cyber means in the networks or systems of another State’s territory violate the sovereignty of the latter State?,Silent,,,,,
BRA,11. Do State cyber operations that interfere at any level with critical infrastructure in another State constitute a violation of sovereignty as a rule?,Silent,,,,,
BRA,12. Can State cyber operations that cause significant national economic impacts for another State constitute a violation of sovereignty as a rule?,Silent,,,,,
BRA,13. Does cyber espionage by one State in or transiting networks or hardware resident in another State constitute a violation of sovereignty as a rule?,Ambiguous,"Interceptions of telecommunications, for instance, whether or not they are considered to have crossed the threshold of an intervention in the internal affairs of another State, would nevertheless be considered an internationally wrongful act because they violate state sovereignty.",,"Brazil, UNGA Official Compendium of Voluntary National Contribution, pg. 18, § 1 ¶ 2, (2021) ",,
BRA,13(a) Can gaining unauthorized access to computer systems or data within a State’s sovereign control violate the rules of sovereignty?,Yes,"Interceptions of telecommunications, for instance, whether or not they are considered to have crossed the threshold of an intervention in the internal affairs of another State, would nevertheless be considered an internationally wrongful act because they violate state sovereignty. Similarly, cyber operations against information systems located in another State’s territory or causing extraterritorial effects might also constitute a breach of sovereignty.",,"Brazil, UNGA Official Compendium of Voluntary National Contribution, pg. 18, § 1 ¶ 1, (2021) ",,This is a reasonable inference from the breadth of the Statement
BRA,14. Are violations of sovereignty assessed on a case-by-case basis?,Silent,,,,,
,,,,,,,
,,,,,,,
,Canada¶,,,,,,
,Question,Answer,Citation,Pincite,Comment,,
CAN,1. Is sovereignty a foundational principle of the international legal order?,Yes,"10.  Sovereignty is a fundamental element of international law and international relations. It is axiomatic that the principle of sovereignty applies in cyberspace, just as it does elsewhere. It animates a number of obligations for all States.","Canada Statement on International Law Applicable in Cyberspace, pg. 11, ¶ 10 (2022) ",,,
CAN,2.  Does sovereignty confer on states authority over cyber infrastructure located in their respective territories and over the actions they take with respect to that infrastructure?,Yes,"Territorial sovereignty is a rule under international law. . . . States enjoy sovereignty over their territory, including in particular infrastructure located within their territory and activities associated with that infrastructure.¶...¶","Canada Statement on International Law Applicable in Cyberspace, pgs. 12 , ¶ 13 (2022) ",This can be reasonably inferred from Canada’s statement.,,
CAN,2(a) Does sovereignty encompass the right of a ,Yes,"This concept is also reflected in Canadian jurisprudence where Canada’s highest court found that “sovereignty” referred to “the various powers, rights and duties that accompany statehood under international law…”¶Territorial sovereignty is a rule under international law. Every State must respect the territorial sovereignty of every other State. States enjoy sovereignty over their territory, including in particular infrastructure located within their territory and activities associated with that infrastructure...","Canada Statement on International Law Applicable in Cyberspace, pg. 12, ¶¶ 12-13 (2022) ",This can be reasonably inferred from Canada’s statement.,,
CAN,"State to protect cyber infrastructure and safeguard cyber activity that is located in, or takes place on, its territory?",,,,,,
CAN,2(b) Is the exercise of such sovereign authority subject to international human rights law and other fundamental freedoms?,Yes,"38.            8. Canada affirms that international law applies to the activities of every State in cyberspace. This includes the United Nations Charter (UN Charter) in its entirety and customary international law... Canada further recognizes the obligations arising, in a non-exhaustive manner, from international human rights law (IHRL), international humanitarian law (IHL) and in relation to the law of State responsibility.¶Canada notes that according to Article 2(1) of The International Covenant on Civil and Political Rights, each State Party is required to respect and to ensure to all individuals within its territory and subject to its jurisdiction the rights recognized in that instrument, without distinction.Footnote26¶The internationally recognized human rights that are of particular concern in relation to cyberspace include the right to freedom of expression and to hold opinions without unlawful interference, freedom of association and of peaceful assembly, freedom from discrimination, and the right not to be subjected to arbitrary or unlawful interference with one’s privacy or correspondence.","Canada Statement on International Law Applicable in Cyberspace, pg. 11, ¶ 8 (2022) ",This can be reasonably inferred from Canada’s statement.,,
CAN,"3. Is sovereignty a stand-alone, primary rule of international law, the breach of which can incur international responsibility?",Yes,"13. Territorial sovereignty is a rule under international law. Every State must respect the territorial sovereignty of every other State... An infringement upon the affected State’s territorial integrity, or an interference with or usurpation of inherently governmental functions of the affected State, would be a violation of territorial sovereignty.","Canada Statement on International Law Applicable in Cyberspace, pg. 12, ¶ 13 (2022) ",,,
CAN,3(a) Can violations of sovereignty not amounting to prohibited interventions constitute internationally wrongful acts?  ,Yes, ,"Canada Statement on International Law Applicable in Cyberspace, pg. 13, ¶ 17 (2022) ",This can be reasonably inferred from Canada’s statement and the examples offered for sovereignty violations in contrast to the elements proferred for non-intervention,,
CAN,4. Does the State indicate how to identify a violation of any stand-alone sovereignty rule?,Yes,"14. In assessing the possible infringement of a State’s territorial sovereignty, several key factors must be considered. The scope, scale, impact or severity of disruption caused, including the disruption of economic and societal activities, essential services, inherently governmental functions, public order or public safety must be assessed to determine whether a violation of the territorial sovereignty of the affected State has taken place.","Canada Statement on International Law Applicable in Cyberspace, pg. 12, ¶ 14 (2022) ",,,
CAN,4(a) Is there a de minimis threshold below which a violation of sovereignty would not occur?,Yes,"Cyber activities that rise above a level of negligible or de minimis effects, causing significant harmful effects within the territory of another State without that State’s consent, could amount to a violation of the rule of territorial sovereignty with respect to the affected State. . . . ¶¶The rule of territorial sovereignty does not require consent for every cyber activity that has effects, including some loss of functionality, in another State. Activities causing negligible or de minimis effects would not constitute a violation of territorial sovereignty regardless of whether they are conducted in the cyber or non-cyber context. Nor are States precluded by the rule of territorial sovereignty from taking measures that have negligible or de minimis effects to defend against the harmful activity of malicious cyber actors or to protect their national security interests. For example, Canada considers that a cyber activity that requires rebooting or the reinstallation of an operating system is likely not a violation of territorial sovereignty.¶",,,,
CAN,"5. Is it a violation of territorial sovereignty for an organ of a State, or others whose conduct is attributable to the State, to conduct non-consensual cyber operations while physically present on another State’s territory against that State or entities or persons on its territory?",¶Silent,,,,,
CAN,6. Can state cyber operations that cause physical effects in another state’s territory constitute a violation of sovereignty as a rule?,Yes,"14. In assessing the possible infringement of a State’s territorial sovereignty, several key factors must be considered. The scope, scale, impact or severity of disruption caused, including the disruption of economic and societal activities, essential services, inherently governmental functions, public order or public safety must be assessed to determine whether a violation of the territorial sovereignty of the affected State has taken place.¶15. In general, the impact or severity of cyber effects will be evaluated in the same manner and according to the same criteria as for physical activities.","Canada Statement on International Law Applicable in Cyberspace, pg. 12, ¶ 14-15 (2022) ",This can be inferred from the Statement ,,
CAN,6(a) Do any physical effects constitute a violation?,No,"15. In general, the impact or severity of cyber effects will be evaluated in the same manner and according to the same criteria as for physical activities. Cyber activities that rise above a level of negligible or de minimis effects, causing significant harmful effects within the territory of another State without that State’s consent, could amount to a violation of the rule of territorial sovereignty with respect to the affected State.","Canada Statement on International Law Applicable in Cyberspace, pg. 12, ¶ 15 (2022) ",Canada specifically recognizes a de minimus rule; notes only that significantly harmful physical effects produced by cyber operations without the consent of the victim state may constitute a violation of territorial sovereignty,,
CAN,"6(b) Must the effects involve physical damage to computer infrastructure or other tangible things, or injury to persons, to constitute a violation of sovereignty as a rule?",No,"Cyber activities that cause a loss of functionality with respect to cyber infrastructure located within the territory of the affected State may also constitute a violation of territorial sovereignty if the resulting loss of functionality causes significant harmful effects similar to those caused by physical damage to persons or property.¶...¶The other key basis for assessing a violation of territorial sovereignty is whether a cyber activity interferes with or usurps the inherently governmental functions of another State. Cyber activities that have significant harmful effects on the exercise of inherently governmental functions would constitute an internationally wrongful act. For Canada, this would include government activities in areas such as health care services, law enforcement, administration of elections, tax collection, national defence and the conduct of international relations, and the services on which these depend. There can be a violation of territorial sovereignty by way of effects on governmental functions regardless of whether there is physical damage, injury, or loss of functionality.","Canada Statement on International Law Applicable in Cyberspace, pg. 12, ¶ 16;18 (2022) ","Although cyber operations causing physical damage to cyber infrastructure and loss of functionality may be a violation of territorial sovereignty, Canada’s position states that loss of functionality, as well as the usurpation of inherently governmental functions by way of cyber activities may constitute a violation.",,
CAN,6(b)(i) Must the effect of a cyber operation to computer infrastructure require repair or replacement of physical components to qualify as damage?,Ambiguous,"Cyber activities that cause a loss of functionality with respect to cyber infrastructure located within the territory of the affected State may also constitute a violation of territorial sovereignty if the resulting loss of functionality causes significant harmful effects similar to those caused by physical damage to persons or property. For example, a violation of the territorial sovereignty will occur when the cyber activity creates a significant harmful effect that necessitates the repair or replacement of physical components of cyber infrastructure in the affected State.¶","Canada Statement on International Law Applicable in Cyberspace, pg. 12, ¶ 16 (2022) ","Canada’s position discusses damage to property in terms of cyber activities that create a significant harmful effect and necessitate the repair or replacement of physical components of cyber infrastructure. However, damage is not specifically defined, but rather broadly referred to as a criterion in the assessment of whether a cyber operation causing loss of functionality is a violation of territorial sovereignty.",,
CAN,6(c) Do only cyber operations generating significant physical effects within another State’s territory constitute a violation?,No,"In general, the impact or severity of cyber effects will be evaluated in the same manner and according to the same criteria as for physical activities. Cyber activities that rise above a level of negligible or de minimis effects, causing significant harmful effects within the territory of another State without that State’s consent, could amount to a violation of the rule of territorial sovereignty with respect to the affected State.¶...¶The other key basis for assessing a violation of territorial sovereignty is whether a cyber activity interferes with or usurps the inherently governmental functions of another State... There can be a violation of territorial sovereignty by way of effects on governmental functions regardless of whether there is physical damage, injury, or loss of functionality. An example would be a cyber activity that interrupts health care delivery by blocking access to patient health records or emergency room services, resulting in risk to the health or life of patients.","Canada Statement on International Law Applicable in Cyberspace, pg. 12, ¶¶ 16;18 (2022) ",,,
CAN,7 Can state cyber operations that cause a loss to computer functionality in another State’s territory constitute a violation of sovereignty as a rule?,Yes,Cyber activities that cause a loss of functionality with respect to cyber infrastructure located within the territory of the affected State may also constitute a violation of territorial sovereignty if the resulting loss of functionality causes significant harmful effects similar to those caused by physical damage to persons or property.,"Canada Statement on International Law Applicable in Cyberspace, pg. 12, ¶ 16 (2022) ","Canada’s position acknowledges that cyber operations affecting cyber infrastructure, causing a loss of functionality, and leading to significant harmful effects within the territory of the targeted state may constitute a violation of territorial sovereignty. The qualification of “significant harmful effects” clarifies the impact and severity requisite of a cyber activity that rises to the level of a violation.",,
CAN,7(a) Is the rule violated by a cyber operation generating any functionality losses within another state’s territory?,No,Cyber activities that cause a loss of functionality with respect to cyber infrastructure located within the territory of the affected State may also constitute a violation of territorial sovereignty if the resulting loss of functionality causes significant harmful effects similar to those caused by physical damage to persons or property.,"Canada Statement on International Law Applicable in Cyberspace, pg. 12-13, ¶ 16 (2022) ",Must cause harmful effects somewhere above a de minimis line.,,
CAN,7(b) Is the rule violated by a cyber operation generating significant functionality losses within another state’s territory?,Yes,Cyber activities that cause a loss of functionality with respect to cyber infrastructure located within the territory of the affected State may also constitute a violation of territorial sovereignty if the resulting loss of functionality causes significant harmful effects similar to those caused by physical damage to persons or property.,"Canada Statement on International Law Applicable in Cyberspace, pg. 12-13, ¶ 16 (2022)",It can also read as ambiguous because the decision is conditional upon “if the resulting loss of functionality causes significant harmful effects similar to those caused by physical damage to persons or property”,,
CAN,7(c) Is the rule violated by a cyber operation generating systemic functionality losses within another state’s territory?,Ambiguous,It is possible that a series of cyber activities could lead to significant harmful effects that violate the rule of territorial sovereignty. This is the case even if the individual cyber activity on its own would not reach this threshold.,"Canada Statement on International Law Applicable in Cyberspace, pg. 13, ¶ 20 (2022)",Canada’s position admits of the possibility that effects that individually would not amount to a violation could amount to a violation based on the aggregate effect across systems.,,
CAN,8. Can state cyber operations that interfere with another state’s “inherent governmental functions” constitute a violation of sovereignty as a rule?,Yes,"The other key basis for assessing a violation of territorial sovereignty is whether a cyber activity interferes with or usurps the inherently governmental functions of another State. Cyber activities that have significant harmful effects on the exercise of inherently governmental functions would constitute an internationally wrongful act. For Canada, this would include government activities in areas such as health care services, law enforcement, administration of elections, tax collection, national defence and the conduct of international relations, and the services on which these depend. There can be a violation of territorial sovereignty by way of effects on governmental functions regardless of whether there is physical damage, injury, or loss of functionality. An example would be a cyber activity that interrupts health care delivery by blocking access to patient health records or emergency room services, resulting in risk to the health or life of patients.","Canada Statement on International Law Applicable in Cyberspace, pg. 13, ¶ 18 (2022)",,,
CAN,9. Must there be proximate causation between the state cyber operation and the effects or interference prohibited by sovereignty as a rule?  ,Silent,,,,,
CAN,9(a) Must the state cyber operation generate prohibited effects directly?,Silent,,,,,
CAN,9(b) Do prohibited effects indirectly generated by a state cyber operation constitute a violation of sovereignty as a rule?,Silent,,,,,
CAN,10. Can state cyber operations that deny access to or degrade data in the control of another State constitute a violation of sovereignty as a rule?,Ambiguous,"There can be a violation of territorial sovereignty by way of effects on governmental functions regardless of whether there is physical damage, injury, or loss of functionality. An example would be a cyber activity that interrupts health care delivery by blocking access to patient health records or emergency room services, resulting in risk to the health or life of patients.","Canada Statement on International Law Applicable in Cyberspace, pg. 13, ¶ 18 (2022)",,,
CAN,10(a) Do state sponsored ransomware operations violate the sovereignty of another State?,Silent,,,,,
CAN,10(b) Can state cyber operations against data residing in cloud servers outside of a State’s territorial jurisdiction constitute a violation of sovereignty as a rule?,Silent,,,,,
CAN,10(c) Does the exercise of one State’s law enforcement tools via cyber means in the networks or systems of another State’s territory violate the sovereignty of the latter State?,Ambiguous,"It is also important to note that cyber activities with effects in another State do not constitute physical presence in the territory of that State. As such, territorial sovereignty is not violated by virtue merely of remote activities having been carried out on or through the cyber infrastructure located within the territory of another State.  Furthermore, cyber activities carried out remotely from within Canada with negligible effects in a foreign State do not involve an extraterritorial exercise of enforcement jurisdiction by Canada.","Canada Statement on International Law Applicable in Cyberspace, pg. 12, ¶ 15 (2022)","Canada’s position  focuses on the effects of a cyber operation, not the purpose, specifically noting that operations with negligible effects do not amount to the exercise of enforcement jurisdiction.",,
CAN,11. Do State cyber operations that interfere at any level with critical infrastructure in another State constitute a violation of sovereignty as a rule?¶,No," Activities causing negligible or de minimis effects would not constitute a violation of territorial sovereignty regardless of whether they are conducted in the cyber or non-cyber context. Nor are States precluded by the rule of territorial sovereignty from taking measures that have negligible or de minimis effects to defend against the harmful activity of malicious cyber actors or to protect their national security interests. For example, Canada considers that a cyber activity that requires rebooting or the reinstallation of an operating system is likely not a violation of territorial sovereignty.","Canada Statement on International Law Applicable in Cyberspace, pg. 13, ¶ 17 (2022)","Canada recognizes a de minimis rule, which it does not limit to effects against any particular systems or functional areas.",,
CAN,12. Can State cyber operations that cause significant national economic impacts for another State constitute a violation of sovereignty as a rule?,Yes,"14. In assessing the possible infringement of a State’s territorial sovereignty, several key factors must be considered. The scope, scale, impact or severity of disruption caused, including the disruption of economic and societal activities, essential services, inherently governmental functions, public order or public safety must be assessed to determine whether a violation of the territorial sovereignty of the affected State has taken place.","Canada Statement on International Law Applicable in Cyberspace, pg. 12, ¶ 14 (2022)",,,
CAN,13. Does cyber espionage by one State in or transiting networks or hardware resident in another State constitute a violation of sovereignty as a rule?,No ,"19. Importantly, some cyber activities, such as cyber espionage, do not amount to a breach of territorial sovereignty, and hence to a violation of international law.  ","Canada Statement on International Law Applicable in Cyberspace, pg. 13, ¶ 19 (2022)",,,
CAN,13(a) Can gaining unauthorized access to computer systems or data within a State’s sovereign control violate the rules of sovereignty?,No,"19. Importantly, some cyber activities, such as cyber espionage, do not amount to a breach of territorial sovereignty, and hence to a violation of international law.  ","Canada Statement on International Law Applicable in Cyberspace, pg. 13, ¶ 18 (2022)",Inferred from para. 19 ,,
CAN,14. Are violations of sovereignty assessed on a case-by-case basis?,Yes,21. Canada will assess whether a violation of territorial sovereignty has occurred on a case-by-case basis.,"Canada Statement on International Law Applicable in Cyberspace, pg. 14, ¶ 21 (2022)",,,
CAN,Chile¶,,,,,,
CAN,Question,Answer,Citation,Pincite,Comment,,
CAN,1. Is sovereignty a foundational principle of the international legal order?,Yes,"Likewise, based on the principle of sovereignty, every state has an obligation to respect the territorial integrity and independence of other states and must faithfully discharge its international obligations, including as regards the principle of nonintervention","OAS Inter-American Juridical Committee Questionnaire - Response by Chile. pg. 4-5, Question 8 (2020)¶","There is no specific mention of it, but it can be inferred.",,
CAN,2.  Does sovereignty confer on states authority over cyber infrastructure located in their respective territories and over the actions they take with respect to that infrastructure?,Yes ,"The State of Chile, through its National Cyber Defense Policy, has declared that it will protect its critical information infrastructure by exercising its sovereignty over those networks and digital resources.¶Cyber operations occur in a particular territory and involve objects, or are carried out by persons or entities over which the state may exercise sovereignty. The State of Chile has sovereignty over a cyber or information infrastructure located in its territory and over activities associated with that infrastructure.","OAS Inter-American Juridical Committee Questionnaire - Response by Chile. pg. 4-5, Question 8 (2020)",,,
CAN,"2(a) Does sovereignty encompass the right of a State to protect cyber infrastructure and safeguard cyber activity that is located in, or takes place on, its territory?",Yes,"The State of Chile, through its National Cyber Defense Policy, has declared that it will protect its critical information infrastructure by exercising its sovereignty over those networks and digital resources.¶...The State of Chile has sovereignty over a cyber or information infrastructure located in its territory and over activities associated with that infrastructure.","OAS Inter-American Juridical Committee Questionnaire - Response by Chile. pg. 4-5, Question 8 (2020)",,,
CAN,2(b) Is the exercise of such sovereign authority subject to international human rights law and other fundamental freedoms?,Yes,"Accordingly, a state is free to take any step its considers necessary or¶appropriate with respect to its cyber infrastructure as well as in relation to cyber operations that have taken place on that infrastructure and with respect to¶individuals involved in them, as long as those measures do not violate the rule¶of international law – for example, those contained in international human rights¶law or international humanitarian law.","OAS Inter-American Juridical Committee Questionnaire - Response by Chile. pg. 4-5, Question 8 (2020)",,,
CAN,"3. Is sovereignty a stand-alone, primary rule of international law, the breach of which can incur international responsibility?",Ambiguous,"Hence, every time a state considers carrying out a cyber-operation, it should consider ensuring it does not affect the sovereignty of another. . . . Likewise, based on the principle of sovereignty, every state has an obligation to respect the territorial integrity and independence of other states and must faithfully discharge its international obligations, including as regards the principle of nonintervention. Cyber operations that hinder another state from exercising its sovereignty therefore constitute a violation of that sovereignty and are prohibited under international law","OAS Inter-American Juridical Committee Questionnaire - Response by Chile. pg. 4-5, Question 8 (2020)",,,
CAN,3(a) Can violations of sovereignty not amounting to prohibited interventions constitute internationally wrongful acts?  ,Ambiguous,"Hence, every time a state considers carrying out a cyber-operation, it should consider ensuring it does not affect the sovereignty of another. . . . Likewise, based on the principle of sovereignty, every state has an obligation to respect the territorial integrity and independence of other states and must faithfully discharge its international obligations, including as regards the principle of nonintervention. Cyber operations that hinder another state from exercising its sovereignty therefore constitute a violation of that sovereignty and are prohibited under international law","OAS Inter-American Juridical Committee Questionnaire - Response by Chile. pg. 4-5, Question 8 (2020)",,,
CAN,4. Does the State indicate how to identify a violation of any stand-alone sovereignty rule?,No ,,,,,
CAN,4(a) Is there a de minimis threshold below which a violation of sovereignty would not occur? ,Silent,,,,,
CAN,"5. Is it a violation of territorial sovereignty for an organ of a State, or others whose conduct is attributable to the State, to conduct non-consensual cyber operations while physically present on another State’s territory against that State or entities or persons on its territory?",Silent,,,,,
CAN,6. Can state cyber operations that cause physical effects in another state’s territory constitute a violation of sovereignty as a rule?,Silent,,,,,
CAN,6(a) Do any physical effects constitute a violation?,Silent,,,,,
CAN,"6(b) Must the effects involve physical damage to computer infrastructure or other tangible things, or injury to persons, to constitute a violation of sovereignty as a rule?",Silent,,,,,
CAN,6(b)(i) Must the effect of a cyber operation to computer infrastructure require repair or replacement of physical components to qualify as damage?,Silent,,,,,
CAN,6(c) Do only cyber operations generating significant physical effects within another State’s territory constitute a violation?,Silent,,,,,
CAN,7 Can state cyber operations that cause a loss to computer functionality in another State’s territory constitute a violation of sovereignty as a rule?,Silent,,,,,
CAN,7(a) Is the rule violated by a cyber operation generating any functionality losses within another state’s territory?,Silent,,,,,
CAN,7(b) Is the rule violated by a cyber operation generating significant functionality losses within another state’s territory?,Silent,,,,,
CAN,7(c) Is the rule violated by a cyber operation generating systemic functionality losses within another state’s territory?,Silent,,,,,
CAN,8. Can state cyber operations that interfere with another state’s “inherent governmental functions” constitute a violation of sovereignty as a rule?,Silent,,,,,
CAN,9. Must there be proximate causation between the state cyber operation and the effects or interference prohibited by sovereignty as a rule?  ,Silent,,,,,
CAN,9(a) Must the state cyber operation generate prohibited effects directly?,Silent,,,,,
CAN,9(b) Do prohibited effects indirectly generated by a state cyber operation constitute a violation of sovereignty as a rule?,Silent,,,,,
CAN,10. Can state cyber operations that deny access to or degrade data in the control of another State constitute a violation of sovereignty as a rule?,Silent,,,,,
CAN,10(a) Do state sponsored ransomware operations violate the sovereignty of another State?,Silent,,,,,
CAN,10(b) Can state cyber operations against data residing in cloud servers outside of a State’s territorial jurisdiction constitute a violation of sovereignty as a rule?,Silent,,,,,
CAN,10(c) Does the exercise of one State’s law enforcement tools via cyber means in the networks or systems of another State’s territory violate the sovereignty of the latter State?,Silent,,,,,
CAN,11. Do State cyber operations that interfere at any level with critical infrastructure in another State constitute a violation of sovereignty as a rule?¶,Silent ,,,,,
CAN,12. Can State cyber operations that cause significant national economic impacts for another State constitute a violation of sovereignty as a rule?,Silent,,,,,
CAN,13. Does cyber espionage by one State in or transiting networks or hardware resident in another State constitute a violation of sovereignty as a rule?,Silent,,,,,
CAN,13(a) Can gaining unauthorized access to computer systems or data within a State’s sovereign control violate the rules of sovereignty?,Silent,,,,,
CAN,14. Are violations of sovereignty assessed on a case-by-case basis?,Silent,,,,,
,China¶,,,,,,
,Question,Answer,Citation,Pincite,Comment,,
CHN,1. Is sovereignty a foundational principle of the international legal order?,Yes,"The principle of sovereignty applies in cyberspace.¶¶¶¶As a basic norm in contemporary international relations, the principle of sovereign equality enshrined in the Charter of the United Nations covers all aspects of state-to-state relations, which also includes cyberspace.¶¶Sovereign equality as set forth in the UN Charter is the primary principle that all States should follow in the exercise of their sovereignty in cyberspace.","China’s Positions on International Rules-making in Cyberspace, pg. 1, § II, ¶ ii (2021).¶¶China’s Views on the Application of the Principle of Sovereignty¶in Cyberspace, pg.1, ¶ 1 (2021)¶¶¶China’s Views on the Application of the Principle of Sovereignty¶in Cyberspace, pg. 3, § I (2021)",,,
CHN,2.  Does sovereignty confer on states authority over cyber infrastructure located in their respective territories and over the actions they take with respect to that infrastructure?,Yes,"The principle of sovereignty applies in cyberspace. States should exercise jurisdiction over the ICT infrastructure, resources, data as well as ICT-related activities within their territories, and have the rights to protect their information systems and important data against damage resulting from threats, interference, attack and sabotage.¶¶Sovereignty in cyberspace is the internal supremacy and external independence that States enjoy, on the basis of their national sovereignty, over the ICT-related infrastructure, entities and activities as well as relevant data and information within their territories.","China’s Positions on International Rules-making in Cyberspace, pg. 1, § II, ¶ ii (2021).¶¶¶¶¶¶¶China’s Views on the Application of the Principle of Sovereignty¶in Cyberspace, pg. 1, § I, ¶ 1 (2021)",China’s Views on the Principle of Sovereignty in Cyberspace lays out multiple examples to support this proposition.,,
CHN,"2(a) Does sovereignty encompass the right of a State to protect cyber infrastructure and safeguard cyber activity that is located in, or takes place on, its territory?",Yes,"The principle of sovereignty applies in cyberspace. States should exercise jurisdiction over the ICT infrastructure, resources, data as well as ICT-related activities within their territories, and have the rights to protect their information systems and important data against damage resulting from threats, interference, attack and sabotage.¶¶Sovereignty in cyberspace is the internal supremacy and external independence that States enjoy, on the basis of their national sovereignty, over the ICT-related infrastructure, entities and activities as well as relevant data and information within their territories.¶¶States have the right to exercise, in accordance with the universally recognized principles and rules of international law, necessary and reasonable personal, territorial and protective jurisdiction over specific ICT activities outside their territories that have genuine and substantial connection to the States as well as over relevant ICT-related facilities, entities, data and information.¶States have the right to build capacity in securing ICTs and adopt lawful and reasonable measures under the framework of the UN Charter to protect their legitimate rights and interests in cyberspace from external infringement.¶","China’s Positions on International Rules-making in Cyberspace, pg. 1, § II, ¶ ii (2021).¶¶¶¶¶¶¶¶¶¶¶¶¶¶¶China’s Views on the Application of the Principle of Sovereignty¶in Cyberspace, pg. 2, § I, ¶¶ 7-8 (2021)¶¶",,,
CHN,,,,¶,,,
CHN,,,,¶,,,
CHN,2(b) Is the exercise of such sovereign authority subject to international human rights law and other fundamental freedoms?,Ambiguous,"States have the right to exercise, in accordance with the universally recognized principles and rules of international law, necessary and reasonable personal, territorial and protective jurisdiction over specific ICT activities outside their territories that have genuine and substantial connection to the States as well as over relevant ICT-related facilities, entities, data and information.¶","China’s Views on the Application of the Principle of Sovereignty¶, pg. 2, § II (2021)¶",,,
CHN,"3. Is sovereignty a stand-alone, primary rule of international law, the breach of which can incur international responsibility?",Yes,"State sovereignty in cyberspace is a legally binding principle under international law. If a State infringes on the internal supremacy and external independence that another State enjoys on the basis of its national sovereignty over ICT-related infrastructure, entities and activities as well as relevant data and information within its territory, it is a violation of the principle of sovereignty, which will constitute a wrongful act under international law.","China’s Views on the Application of the Principle of Sovereignty¶in Cyberspace, pg. 3, § III (2021)¶",,,
CHN,3(a) Can violations of sovereignty not amounting to prohibited interventions constitute internationally wrongful acts?  ,Yes,"An ICT activity may simultaneously violate the principles of sovereignty,¶non-intervention in internal affairs and the prohibition of the use of force.¶¶State sovereignty in cyberspace is a legally binding principle under international law. If a State infringes on the internal supremacy and external independence that another State enjoys on the basis of its national sovereignty over ICT-related infrastructure, entities and activities as well as relevant data and information within its territory, it is a violation of the principle of sovereignty, which will constitute a wrongful act under international law. ","¶Add cite¶¶¶¶China’s Views on the Application of the Principle of Sovereignty¶in Cyberspace, pg. 3, § III (2021)¶",,,
CHN,4. Does the State indicate how to identify a violation of any stand-alone sovereignty rule?,Yes,"If a State infringes on the internal supremacy and external independence that another State enjoys on the basis of its national sovereignty over ICT-related infrastructure, entities and activities as well as relevant data and information within its territory, it is a violation of the principle of sovereignty, which will constitute a wrongful act under international law. The acts may include, among others, unauthorized penetration into the network systems in the territory or within the jurisdiction of another State, causing disruption or damage of relevant infrastructure or undermining a State’s exclusive sovereign rights in cyberspace. An ICT activity may simultaneously violate the principles of sovereignty, non-intervention in internal affairs and the prohibition of the use of force. The application of this principle to a specific set of circumstances may require certain contextualization."," China’s Views on the Application of the Principle of Sovereignty¶in Cyberspace, pg. 3, § III (2021)",China’s paper sets out specific examples of actions that would violate the rule of sovereignty and also adds that the assessment of the circumstances would require contextualization.,,
CHN,4(a) Is there a de minimis threshold below which a violation of sovereignty would not occur?  Exception?,Silent ,,,,,
CHN,"5. Is it a violation of territorial sovereignty for an organ of a State, or others whose conduct is attributable to the State, to conduct non-consensual cyber operations while physically present on another State’s territory against that State or entities or persons on its territory?",Silent,,¶,,,
CHN,6. Can state cyber operations that cause physical effects in another state’s territory constitute a violation of sovereignty as a rule?,Yes,"If a State infringes on the internal supremacy and external independence that another State enjoys on the basis of its national sovereignty over ICT-related infrastructure, entities and activities as well as relevant data and information within its territory, it is a violation of the principle of sovereignty, which will constitute a wrongful act under international law. The acts may include, among others, unauthorized penetration into the network systems in the territory or within the jurisdiction of another State, causing disruption or damage of relevant infrastructure or undermining a State’s exclusive sovereign rights in cyberspace. An ICT activity may simultaneously violate the principles of sovereignty, non-intervention in internal affairs and the prohibition of the use of force. The application of this principle to a specific set of circumstances may require certain contextualization.","China’s Views on the Application of the Principle of Sovereignty¶in Cyberspace, pg. 3, § III (2021)",,,
CHN,6(a) Do any physical effects constitute a violation?,Ambiguous,"The acts may include, among others, unauthorized penetration into the network systems in the territory or within the jurisdiction of another State, causing disruption or damage of relevant infrastructure or undermining a State’s exclusive sovereign rights in cyberspace. An ICT activity may simultaneously violate the principles of sovereignty, non-intervention in internal affairs and the prohibition of the use of force. The application of this principle to a specific set of circumstances may require certain contextualization.","China’s Views on the Application of the Principle of Sovereignty¶in Cyberspace, pg. 3, § III (2021)¶",,,
CHN,"6(b) Must the effects involve physical damage to computer infrastructure or other tangible things, or injury to persons, to constitute a violation of sovereignty as a rule?",No,"The acts may include, among others, unauthorized penetration into the network systems in the territory or within the jurisdiction of another State, causing disruption or damage of relevant infrastructure or undermining a State’s exclusive sovereign rights in cyberspace. An ICT activity may simultaneously violate the principles of sovereignty, non-intervention in internal affairs and the prohibition of the use of force. The application of this principle to a specific set of circumstances may require certain contextualization.","China’s Views on the Application of the Principle of Sovereignty¶in Cyberspace, pg. 3, § III (2021)¶",,,
CHN,6(b)(i) Must the effect of a cyber operation to computer infrastructure require repair or replacement of physical components to qualify as damage?,Silent,,,,,
CHN,6(c) Do only cyber operations generating significant physical effects within another State’s territory constitute a violation?,No,"The acts may include, among others, unauthorized penetration into the network systems in the territory or within the jurisdiction of another State, causing disruption or damage of relevant infrastructure or undermining a State’s exclusive sovereign rights in cyberspace. An ICT activity may simultaneously violate the principles of sovereignty, non-intervention in internal affairs and the prohibition of the use of force. The application of this principle to a specific set of circumstances may require certain contextualization.","China’s Views on the Application of the Principle of Sovereignty¶in Cyberspace, pg. 3, § III (2021)¶",,,
CHN,7 Can state cyber operations that cause a loss to computer functionality in another State’s territory constitute a violation of sovereignty as a rule?,Ambiguous,"...The acts may include, among others, unauthorized penetration into the network systems in the territory or within the jurisdiction of another State, causing disruption or damage of relevant infrastructure or undermining a State’s exclusive sovereign rights in cyberspace. An ICT activity may simultaneously violate the principles of sovereignty, non-intervention in internal affairs and the prohibition of the use of force. The application of this principle to a specific set of circumstances may require certain contextualization.","China’s Views on the Application of the Principle of Sovereignty¶in Cyberspace, pg. 3, § III (2021)¶",Is disruption = to a loss of functionality?,,
CHN,7(a) Is the rule violated by a cyber operation generating any functionality losses within another state’s territory?,Silent,,,,,
CHN,7(b) Is the rule violated by a cyber operation generating significant functionality losses within another state’s territory?,Silent,,,,,
CHN,7(c) Is the rule violated by a cyber operation generating systemic functionality losses within another state’s territory?,Silent,,,,,
CHN,8. Can state cyber operations that interfere with another state’s “inherent governmental functions” constitute a violation of sovereignty as a rule?,Ambiguous," If a State infringes on the internal supremacy and external independence that another State enjoys on the basis of its national sovereignty over ICT-related infrastructure, entities and activities as well as relevant data and information within its territory, it is a violation of the principle of sovereignty, which will constitute a wrongful act under international law. The acts may include, among others, unauthorized penetration into the network systems in the territory or within the jurisdiction of another State, causing disruption or damage of relevant infrastructure or undermining a State’s exclusive sovereign rights in cyberspace.¶","China’s Views on the Application of the Principle of Sovereignty¶in Cyberspace, pg. 3, § III (2021)¶","The statement does not address this theory of breach directly, but intimates that interference would constitute a breach.",,
CHN,9. Must there be proximate causation between the state cyber operation and the effects or interference prohibited by sovereignty as a rule?  ,Silent,,,,,
CHN,9(a) Must the state cyber operation generate prohibited effects directly?,Silent,,,,,
CHN,9(b) Do prohibited effects indirectly generated by a state cyber operation constitute a violation of sovereignty as a rule?,Silent,,,,,
CHN,10. Can state cyber operations that deny access to or degrade data in the control of another State constitute a violation of sovereignty as a rule?,Yes,"If a State infringes on the internal supremacy and external independence that another State enjoys on the basis of its national sovereignty over ICT-related infrastructure, entities and activities as well as relevant data and information within its territory, it is a violation of¶the principle of sovereignty, which will constitute a wrongful act under international law. The acts may include, among others, unauthorized penetration into the network systems in the territory or within the jurisdiction of another State, causing disruption or damage of relevant infrastructure or undermining a State’s exclusive sovereign rights in cyberspace.","China’s Views on the Application of the Principle of Sovereignty¶in Cyberspace, pg. 3, § III (2021)¶",,,
CHN,10(a) Do state sponsored ransomware operations violate the sovereignty of another State?,Silent,,,,,
CHN,10(b) Can state cyber operations against data residing in cloud servers outside of a State’s territorial jurisdiction constitute a violation of sovereignty as a rule?,Silent,,,,,
CHN,10(c) Does the exercise of one State’s law enforcement tools via cyber means in the networks or systems of another State’s territory violate the sovereignty of the latter State?,Silent,,,,,
CHN,11. Do State cyber operations that interfere at any level with critical infrastructure in another State constitute a violation of sovereignty as a rule?¶,Silent,,,,,
CHN,12. Can State cyber operations that cause significant national economic impacts for another State constitute a violation of sovereignty as a rule?,Silent,,¶,,,
CHN,13. Does cyber espionage by one State in or transiting networks or hardware resident in another State constitute a violation of sovereignty as a rule?,Yes,"No State shall without permission access the ICT infrastructure of another State or infringe on the network systems within the jurisdiction of another State. No State shall engage in ICT-enabled espionage or damages against other States, including mass surveillance and theft of important data and personal information.","China’s Views on the Application of the Principle of Sovereignty¶in Cyberspace, pg. 2, § II, ¶ 2 (2021)¶",,,
CHN,13(a) Can gaining unauthorized access to computer systems or data within a State’s sovereign control violate the rules of sovereignty?,Yes,"...The acts may include, among others, unauthorized penetration into the network systems in the territory or within the jurisdiction of another State, causing disruption or damage of relevant infrastructure or undermining a State’s exclusive sovereign rights in cyberspace. An ICT activity may simultaneously violate the principles of sovereignty, non-intervention in internal affairs and the prohibition of the use of force. The application of this principle to a specific set of circumstances may require certain contextualization.¶","China’s Views on the Application of the Principle of Sovereignty¶in Cyberspace, pg. 3, § III (2021)",,,
CHN,14. Are violations of sovereignty assessed on a case-by-case basis?,Yes,The application of this principle to a specific set of circumstances may require certain contextualization.¶,"China’s Views on the Application of the Principle of Sovereignty¶in Cyberspace, pg. 3, § III (2021)",,,
COL,1.               Is sovereignty a foundational principle of the international legal order? , Yes," In Colombia, the concept of sovereignty, understood as independence, is a foundational element of its foreign relations, as outlined in the Political Constitution. Colombia understands sovereignty as encompassing both internal and external dimensions and conferring rights and imposing duties on States under International Law...Sovereignty and related applicable international rules and principles are applicable to the conduct of ICT-related activities by States and to their jurisdiction over ICTs infrastructure within their territory.”","Colombia’s National Position on International Law in Cyberspace, pgs. 6-7, § 3 (2025)",,,
COL,2.               Does sovereignty confer on states authority over cyber infrastructure located in their respective territories and over the actions they take with respect to that infrastructure? ,Yes,"Sovereignty and related applicable international rules and principles are applicable to the conduct of ICT-related activities by States and to their jurisdiction over ICTs infrastructure within their territory. ¶Thus, States exercise jurisdiction over ICTs infrastructure within their territory by, inter alia, establishing policies and laws as inherent functions of a State, as well as the necessary mechanisms to protect ICTs infrastructure within their territory from ICT-related threats.","Colombia’s National Position on International Law in Cyberspace, pgs. 6-7, § 3 (2025)",,,
COL,"2(a).               Does sovereignty encompass the right of a State to protect cyber infrastructure and safeguard cyber activity that is located in, or takes place on, its territory? ",Yes,"Sovereignty and related applicable international rules and principles are applicable to the conduct of ICT-related activities by States and to their jurisdiction over ICTs infrastructure within their territory. ¶Thus, States exercise jurisdiction over ICTs infrastructure within their territory by, inter alia, establishing policies and laws as inherent functions of a State, as well as the necessary mechanisms to protect ICTs infrastructure within their territory from ICT-related threats.","Colombia’s National Position on International Law in Cyberspace, pgs. 6-7, § 3 (2025)",,,
COL,2(b) Is the exercise of such sovereign authority subject to international human rights law and other fundamental freedoms? ,Yes,"International Human Rights Law applies to activities in cyberspace.¶State’s initiatives established for the purpose of guaranteeing the security¶of information and communication technologies, as well as all actions in¶cyberspace, must respect human rights and the fundamental freedoms¶set forth in international instruments, such as the Covenant on Civil and¶Political Rights, the Covenant on Economic, Social and Cultural Rights,¶the American Convention on Human Rights, and the Universal Declaration¶of Human Rights, and in Customary International Law","Colombia’s National Position on International Law in Cyberspace, pgs. 6-7, § 3 (2025)¶[correct cite to match quote]",,,
COL,"3.              Is sovereignty a stand-alone, primary rule of international law, the breach of which can incur international responsibility? ",Ambiguous,"In Colombia, the concept of sovereignty, understood as independence, is a foundational element of its foreign relations, as outlined in the Political Constitution. Colombia understands sovereignty as encompassing both internal and external dimensions and conferring rights and imposing duties on States under International Law","Colombia’s National Position on International Law in Cyberspace, pgs. 6-7, § 3 (2025)",,,
COL,3(a).               Can violations of sovereignty not amounting to prohibited interventions constitute internationally wrongful acts?   ,Ambiguous," “In this regard, Colombia acknowledges that sovereignty entails both rights and duties and is susceptible to violations that may constitute international wrongful acts”","Colombia’s National Position on International Law in Cyberspace, pgs. 6-7, § 3 (2025)",,,
COL,4.              Does the State indicate how to identify a violation of any stand-alone sovereignty rule? ,No,,,,,
COL,"5.              Is it a violation of territorial sovereignty for an organ of a State, or others whose conduct is attributable to the State, to conduct non-consensual cyber operations while physically present on another State’s territory against that State or entities or persons on its territory? ",Silent,,,,,
COL,6.              Can state cyber operations that cause physical effects in another state’s territory constitute a violation of sovereignty as a rule? ,Silent,,,,,
COL,6(a).               Do any physical effects constitute a violation? ,Silent,,,,,
COL,"6(b).              Must the effects involve physical damage to computer infrastructure or other tangible things, or injury to persons, to constitute a violation of sovereignty as a rule? ",Silent,,,,,
COL,6(b)(i).  Must the effect of a cyber operation to computer infrastructure require repair or replacement of physical components to qualify as damage? ,Silent,,,,,
COL,6(c).               Do only cyber operations generating significant physical effects within another State’s territory constitute a violation? ,Silent,,,,,
COL,7.              Can state cyber operations that cause a loss to computer functionality in another State’s territory constitute a violation of sovereignty as a rule?  ,Silent,,,,,
COL,7(a).               Is the rule violated by a cyber operation generating any functionality losses within another state’s territory? ,Silent,,,,,
COL,7(b).              Is the rule violated by a cyber operation generating significant functionality losses within another state’s territory? ,Silent,,,,,
COL,7(c).               Is the rule violated by a cyber operation generating systemic functionality losses within another state’s territory? ,Silent,,,,,
COL,8.              Can state cyber operations that interfere with another state’s “inherent governmental functions” constitute a violation of sovereignty as a rule? ,Silent,,,,,
COL,9.              Must there be proximate causation between the state cyber operation and the effects or interference prohibited by sovereignty as a rule?   ,Silent,,,,,
COL,9(a).               Must the state cyber operation generate prohibited effects directly? ,Silent,,,,,
COL,9(b).              Do prohibited effects indirectly generated by a state cyber operation constitute a violation of sovereignty as a rule?  ,Silent,,,,,
COL,10.           Can state cyber operations that deny access to or degrade data in the control of another State constitute a violation of sovereignty as a rule? ,Silent,,,,,
COL,10(a).         Do state sponsored ransomware operations violate the sovereignty of another State?  ,Silent,,,,,
COL,10(b).        Can state cyber operations against data residing in cloud servers outside of a State’s territorial jurisdiction constitute a violation of sovereignty as a rule?  ,Silent,,,,,
COL,10(c).         Does the exercise of one State’s law enforcement tools via cyber means in the networks or systems of another State’s territory violate the sovereignty of the latter State?  ,Silent,,,,,
COL,11.           Do State cyber operations that interfere at any level with critical infrastructure in another State constitute a violation of sovereignty as a rule? ,Silent,,,,,
COL,12.           Can State cyber operations that cause significant national economic impacts for another State constitute a violation of sovereignty as a rule? ,Silent,,,,,
COL,13.           Does cyber espionage by one State in or transiting networks or hardware resident in another State constitute a violation of sovereignty as a rule?  ,Silent,,,,,
COL,13(a) Can gaining unauthorized access to computer systems or data within a State’s sovereign control violate the rules of sovereignty?,Silent,,,,,
COL,14.           Are violations of sovereignty assessed on a case-by-case basis?  ,Silent,,,,,
CRI,1. Is sovereignty a foundational principle of the international legal order?,Yes,"18. Sovereignty is a fundamental principle of international law, underpinning the entire international legal order and firmly grounding the position of States therein. ","Costa Rica’s Position on the Application of International Law in Cyberspace, pg. 5, ¶ 18 (2023)",,,
CRI,2.  Does sovereignty confer on states authority over cyber infrastructure located in their respective territories and over the actions they take with respect to that infrastructure?,Yes,"18. ...Sovereignty has been traditionally understood in a territorial and physical sense. It means, first and foremost, a State’s right to exercise legislative, adjudicative, and enforcement jurisdiction in its territory, as well as the power to regulate the conduct of certain persons and events abroad...¶19. Sovereignty also applies to cyberspace, including its physical and non-physical components. After all, in the digital age, a State’s sovereign powers over its territory and other objects or subjects are increasingly exercised through and dependent on the use of ICTs.","Costa Rica’s Position on the Application of International Law in Cyberspace, pgs. 5-6, ¶¶18-19 (2023).",,,
CRI,"2(a) Does sovereignty encompass the right of a State to protect cyber infrastructure and safeguard cyber activity that is located in, or takes place on, its territory?",Yes,"18. ...Sovereignty has been traditionally understood in a territorial and physical sense. It means, first and foremost, a State’s right to exercise legislative, adjudicative, and enforcement jurisdiction in its territory, as well as the power to regulate the conduct of certain persons and events abroad. Sovereign rights also have corollary duties, in particular, the obligation of a State to respect other States’ sovereign rights and protect them within its territory.¶19. Sovereignty also applies to cyberspace, including its physical and non-physical components. After all, in the digital age, a State’s sovereign powers over its territory and other objects or subjects are increasingly exercised through and dependent on the use of ICTs.","Costa Rica’s Position on the Application of International Law in Cyberspace, pgs. 5-6, ¶¶18-19 (2023).",The answer can be inferred from the Statement.,,
CRI,2(b) Is the exercise of such sovereign authority subject to international human rights law and other fundamental freedoms?,Yes," As affirmed by the UN Human Rights Council, human rights apply online just as they do offline. States have obligations to respect, protect and ensure the enjoyment of a range of human rights, including civil and political rights as well as social, economic and cultural rights.¶¶Costa Rica stresses that the test for ¶assessing the lawfulness of such limitations generally requires States to assess whether the ¶limitation is grounded in sufficiently clear and accessible laws (legality), fulfils a legitimate ¶purpose (legitimacy), and is necessary and proportionate to achieve this aim (necessity and ¶proportionality).69 This test must always be applied when the application of the rights and ¶obligations discussed above implicates human rights online","Costa Rica’s Position on the Application of International Law in Cyberspace, pg. 10, ¶ 31, 34 (2023).",,,
CRI,"3. Is sovereignty a stand-alone, primary rule of international law, the breach of which can incur international responsibility?",Yes,"Sovereignty also applies to cyberspace, including its physical and non-physical components. After all, in the digital age, a State’s sovereign powers over its territory and other objects or subjects are increasingly exercised through and dependent on the use of ICTs. In Costa Rica’s view, sovereignty is also a self-standing right accompanied by a binding international legal obligation that can be breached by both cyber and noncyber activities.","Costa Rica’s Position on the Application of International Law in Cyberspace, pg. 6, ¶ 19 (2023).",,,
CRI,3(a) Can violations of sovereignty not amounting to prohibited interventions constitute internationally wrongful acts?  ,Yes,"Sovereignty also applies to cyberspace, including its physical and non-physical¶components. After all, in the digital age, a State’s sovereign powers over its territory and other objects or subjects are increasingly exercised through and dependent on the use of ICTs. In Costa Rica’s view, sovereignty is also a self-standing right accompanied by a binding international legal obligation that can be breached by both cyber and non-¶cyber activities.","Costa Rica’s Position on the Application of International Law in Cyberspace, pg. 6, ¶ 19 (2023).",,,
CRI,4. Does the State indicate how to identify a violation of any stand-alone sovereignty rule?,Yes,"20. Such breaches may occur when cyber operations cause physical damage or loss of functionality of cyber infrastructure located in the victim State, regardless of ownership... For Costa Rica, a loss of functionality of these devices may occur in two ways... First, when the cyber operation attributable to another State entails the need to repair or replace physical components of the targeted cyber infrastructure or compromises physical equipment reliant on such infrastructure. Second, loss of functionality may occur if the operating system or database upon which the targeted cyber infrastructure relies stops functioning as intended, as may be the case, for instance, as a result of ransomware. ¶21. Breaches of sovereignty may also occur when a State engages in cyber operations that constitute a usurpation of inherently governmental functions, irrespective of any physical or non-physical effects on hardware or software located in the territory of the victim State. ","Costa Rica’s Position on the Application of International Law in Cyberspace, pg. 6, ¶¶20-21 (2023).",,,
CRI,4(a) Is there a de minimis threshold below which a violation of sovereignty would not occur? ,Silent,,,,,
CRI,"5. Is it a violation of territorial sovereignty for an organ of a State, or others whose conduct is attributable to the State, to conduct non-consensual cyber operations while physically present on another State’s territory against that State or entities or persons on its territory?",Silent,,,,,
CRI,6. Can state cyber operations that cause physical effects in another state’s territory constitute a violation of sovereignty as a rule?,Yes,"19. In Costa Rica’s view, sovereignty is also a self-standing right accompanied by a ¶binding international legal obligation that can be breached by both cyber and noncyber activities. ¶20. Such breaches may occur when cyber operations cause physical damage or loss of functionality of cyber infrastructure located in the victim State, regardless of ownership.","Costa Rica’s Position on the Application of International Law in Cyberspace, pg. 6, ¶ 19-20 (2023).",Costa Rica notes that physical effects “may” amount to a breach.  It does not specify that any physical effects will constitute a breach.,,
CRI,6(a) Do any physical effects constitute a violation?,Ambiguous,"20. Such breaches may occur when cyber operations cause physical damage or loss of functionality of cyber infrastructure located in the victim State, regardless of ownership. Examples range from personal computers to programmable logic controllers or industrial computers that control energy, water, and sanitation facilities. For Costa Rica, a loss of functionality of these devices may occur in two ways...","Costa Rica’s Position on the Application of International Law in Cyberspace, pg. 6, ¶ 20 (2023).","Costa Rica provides 2 ways to identify a loss of functionality and several examples of physical damage. This may mean, “any” physical effects will not constitute a violation",,
CRI,"6(b) Must the effects involve physical damage to computer infrastructure or other tangible things, or injury to persons, to constitute a violation of sovereignty as a rule?",No,"Breaches of sovereignty may also occur when a State engages in cyber operations that constitute a usurpation of inherently governmental functions, irrespective of any physical or non-physical effects on hardware or software located in the territory of the victim State. Examples of cyber operations amounting to this type of violation are those interfering with a State’s democratic processes, such as elections, responses to a national security or health emergency, such as the COVID-19 pandemic, and its choice of foreign policy.","Costa Rica’s Position on the Application of International Law in Cyberspace, pg. 6, ¶ 20 (2023).",,,
CRI,6(b)(i) Must the effect of a cyber operation to computer infrastructure require repair or replacement of physical components to qualify as damage?,No,"Such breaches may occur when cyber operations cause physical damage or loss of functionality of cyber infrastructure located in the victim State, regardless of ownership. Examples range from personal computers to programmable logic controllers or industrial computers that control energy, water, and sanitation facilities. ...For Costa Rica, a loss of functionality of these devices may occur in two ways. First, when the cyber operation attributable to another State entails the need to repair or replace physical components of the targeted cyber infrastructure or compromises physical equipment reliant on such infrastructure. Second, loss of functionality may occur if the operating system or database upon which the targeted cyber infrastructure relies stops functioning as intended, as may be the case, for instance, as a result of ransomware.","Costa Rica’s Position on the Application of International Law in Cyberspace, pg. 6, ¶ 20 (2023).",‘Repair or replacement of physical components’ is one of the 2 ways in which loss of functionality can happen. ,,
CRI,6(c) Do only cyber operations generating significant physical effects within another State’s territory constitute a violation?,No,"Such breaches may occur when cyber operations cause physical damage or loss of functionality of cyber infrastructure located in the victim State, regardless of ownership. Examples range from personal computers to programmable logic controllers or industrial computers that control energy, water, and sanitation facilities. For Costa Rica, a loss of functionality of these devices may occur in two ways. First, when the cyber operation attributable to another State entails the need to repair or replace physical components of the targeted cyber infrastructure or compromises physical equipment reliant on such infrastructure.","Costa Rica’s Position on the Application of International Law in Cyberspace, pg. 6, ¶ 20 (2023).",,,
CRI,7 Can state cyber operations that cause a loss to computer functionality in another State’s territory constitute a violation of sovereignty as a rule?,Yes,"20. Such breaches may occur when cyber operations cause physical damage or loss of functionality of cyber infrastructure located in the victim State, regardless of ownership. Examples range from personal computers to programmable logic controllers or industrial computers that control energy, water, and sanitation facilities. For Costa Rica, a loss of functionality of these devices may occur in two ways. First, when the cyber operation attributable to another State entails the need to repair or replace physical components of the targeted cyber infrastructure or compromises physical equipment reliant on such infrastructure. Second, loss of functionality may occur if the operating system or database upon which the targeted cyber infrastructure relies stops functioning as intended, as may be the case, for instance, as a result of ransomware.","Costa Rica’s Position on the Application of International Law in Cyberspace, pg. 6, ¶ 20 (2023).",,,
CRI,7(a) Is the rule violated by a cyber operation generating any functionality losses within another state’s territory?,Ambiguous,"Second, loss of functionality may occur if the operating system or database ¶upon which the targeted cyber infrastructure relies stops functioning as intended, as may ¶be the case, for instance, as a result of ransomware","Costa Rica’s Position on the Application of International Law in Cyberspace, pg. 6, ¶ 20 (2023).",Costa Rica notes that loss of functionality “may” amount to a breach.  It does not specify that any such loss will constitute a breach.¶,,
CRI,7(b) Is the rule violated by a cyber operation generating significant functionality losses within another state’s territory?,Ambiguous,"Such breaches may occur when cyber operations cause physical damage or loss of functionality of cyber infrastructure located in the victim State, regardless of ownership. Examples range from personal computers to programmable logic controllers or industrial computers that control energy, water, and sanitation facilities.¶","Costa Rica’s Position on the Application of International Law in Cyberspace, pg. 6, ¶ 20 (2023).",Same,,
CRI,7(c) Is the rule violated by a cyber operation generating systemic functionality losses within another state’s territory?,Silent,,,,,
CRI,8. Can state cyber operations that interfere with another state’s “inherent governmental functions” constitute a violation of sovereignty as a rule?,Yes,"21. Breaches of sovereignty may also occur when a State engages in cyber operations that constitute a usurpation of inherently governmental functions, irrespective of any physical or non-physical effects on hardware or software located in the territory of the victim State. Examples of cyber operations amounting to this type of violation are those interfering with a State’s democratic processes, such as elections, responses to a national security or health emergency, such as the COVID-19 pandemic, and its choice of foreign policy.","Costa Rica’s Position on the Application of International Law in Cyberspace, pg. 6, ¶ 21 (2023).",,,
CRI,9. Must there be proximate causation between the state cyber operation and the effects or interference prohibited by sovereignty as a rule?  ,Silent ,,,,,
CRI,9(a) Must the state cyber operation generate prohibited effects directly?,Silent,,,,,
CRI,9(b) Do prohibited effects indirectly generated by a state cyber operation constitute a violation of sovereignty as a rule?,Silent,,,,,
CRI,10. Can state cyber operations that deny access to or degrade data in the control of another State constitute a violation of sovereignty as a rule?,Yes,"20. Such breaches may occur when cyber operations cause physical damage or loss of functionality of cyber infrastructure located in the victim State, regardless of ownership. Examples range from personal computers to programmable logic controllers or industrial computers that control energy, water, and sanitation facilities. For Costa Rica, a loss of functionality of these devices may occur in two ways. First, when the cyber operation attributable to another State entails the need to repair or replace physical components of the targeted cyber infrastructure or compromises physical equipment reliant on such infrastructure. Second, loss of functionality may occur if the operating system or database upon which the targeted cyber infrastructure relies stops functioning as intended, as may be the case, for instance, as a result of ransomware.","Costa Rica’s Position on the Application of International Law in Cyberspace, pg. 6, ¶ 20 (2023).",,,
CRI,10(a) Can state sponsored ransomware operations violate the sovereignty of another State?,Yes,"20. Such breaches may occur when cyber operations cause physical damage or loss of functionality of cyber infrastructure located in the victim State, regardless of ownership. Examples range from personal computers to programmable logic controllers or industrial computers that control energy, water, and sanitation facilities. For Costa Rica, a loss of functionality of these devices may occur in two ways. First, when the cyber operation attributable to another State entails the need to repair or replace physical components of the targeted cyber infrastructure or compromises physical equipment reliant on such infrastructure. Second, loss of functionality may occur if the operating system or database upon which the targeted cyber infrastructure relies stops functioning as intended, as may be the case, for instance, as a result of ransomware.","Costa Rica’s Position on the Application of International Law in Cyberspace, pg. 6, ¶ 20 (2023).","May, not do.",,
CRI,10(b) Can state cyber operations against data residing in cloud servers outside of a State’s territorial jurisdiction constitute a violation of sovereignty as a rule?,Silent,,,.,,
CRI,10(c) Does the exercise of one State’s law enforcement tools via cyber means in the networks or systems of another State’s territory violate the sovereignty of the latter State?,Silent,,,,,
CRI,11. Do State cyber operations that interfere at any level with critical infrastructure in another State constitute a violation of sovereignty as a rule?¶,No,"20. Such breaches may occur when cyber operations cause physical damage or loss of functionality of cyber infrastructure located in the victim State, regardless of ownership. Examples range from personal computers to programmable logic controllers or industrial computers that control energy, water, and sanitation facilities. For Costa Rica, a loss of functionality of these devices may occur in two ways. First, when the cyber operation attributable to another State entails the need to repair or replace physical components of the targeted cyber infrastructure or compromises physical equipment reliant on such infrastructure. Second, loss of functionality may occur if the operating system or database upon which the targeted cyber infrastructure relies stops functioning as intended, as may be the case, for instance, as a result of ransomware.¶21. Breaches of sovereignty may also occur when a State engages in cyber operations that constitute a usurpation of inherently governmental functions, irrespective of any physical or non-physical effects on hardware or software located in the territory of the victim State.","Costa Rica’s Position on the Application of International Law in Cyberspace, pg. 6-7, ¶ 20-21 (2023).",Costa Rica’s position does not set a different standard with respect to sovereignty breaches of critical infrastructure.  Interference “may” amount to a breach.,,
CRI,12. Can State cyber operations that cause significant national economic impacts for another State constitute a violation of sovereignty as a rule?,Silent,,,,,
CRI,13. Does cyber espionage by one State in or transiting networks or hardware resident in another State constitute a violation of sovereignty as a rule?,Ambiguous,"Furthermore, surveillance operations may be carried out in ways that lead to breaches of State sovereignty or other rules of international law. As such, Costa Rica believes that, in some circumstances, cyber espionage may amount to a breach of State sovereignty.","Costa Rica’s Position on the Application of International Law in Cyberspace, pg. 7, ¶ 22 (2023).","May, not do.",,
CRI,13(a) Can gaining unauthorized access to computer systems or data within a State’s sovereign control violate the rules of sovereignty?,Yes,"21. Breaches of sovereignty may also occur when a State engages in cyber operations that constitute a usurpation of inherently governmental functions, irrespective of any physical or non-physical effects on hardware or software located in the territory of the victim State.","Costa Rica’s Position on the Application of International Law in Cyberspace, pg. 6, ¶ 21 (2023).",,,
CRI,14. Are violations of sovereignty assessed on a case-by-case basis?,Silent,,,,,
CUB,1. Is sovereignty a foundational principle of the international legal order?,Silent,,,,,
CUB,2.  Does sovereignty confer on states authority over cyber infrastructure located in their respective territories and over the actions they take with respect to that infrastructure?,Silent,,,,,
CUB,"2(a) Does sovereignty encompass the right of a State to protect cyber infrastructure and safeguard cyber activity that is located in, or takes place on, its territory?",Silent,"In principle, the use, or the permissibility of a misuse of ICTs that manifests itself in the territory of another State may, depending on its nature, the extent of the intrusion and its consequences, constitute a violation of sovereignty.","Position Paper of the Republic of Cuba on the Application of International Law to Information and Communication Technologies in Cyberspace, pg.1, §2 (2024).",,,
CUB,2(b) Is the exercise of such sovereign authority subject to international human rights law and other fundamental freedoms?,Silent,¶,,,,
CUB,"3. Is sovereignty a stand-alone, primary rule of international law, the breach of which can incur international responsibility?",Ambiguous,"Ultimately, the violation of the obligation not to interfere in the internal affairs of other States is established irrespective of whether Information and Communication Technologies (ICTs) or otherwise were use.  In principle, the use, or the permissibility of a misuse of ICTs that manifests itself in the territory of another State may, depending on its nature, the extent of the intrusion and its consequences, constitute a violation of sovereignty.","Position Paper of the Republic of Cuba on the Application of International Law to Information and Communication Technologies in Cyberspace, pg.1, §2 (2024).",,,
CUB,3(a) Can violations of sovereignty not amounting to prohibited interventions constitute internationally wrongful acts?  ,Ambiguous,"¶2.  In principle, the use, or the permissibility of a misuse of ICTs that manifests itself in the territory of another State may, depending on its nature, the extent of the intrusion and its consequences, constitute a violation of sovereignty.¶¶15. Malicious use of ICT may constitute an internationally wrongful act, without this implying that it is equated to the use of force.   States should have clear primary international obligations on the matter that also have an impact on other subjects such as large technology companies and eventual independent actors, potential triggers of an international conflict through the malicious use of ICT.","Position Paper of the Republic of Cuba on the Application of International Law to Information and Communication Technologies in Cyberspace, pg.2, §§ 2,15 (2024).¶",,,
CUB,4. Does the State indicate how to identify a violation of any stand-alone sovereignty rule?,No,,,,,
CUB,4(a) Is there a de minimis threshold below which a violation of sovereignty would not occur? ,Silent,,,,,
CUB,"5. Is it a violation of territorial sovereignty for an organ of a State, or others whose conduct is attributable to the State, to conduct non-consensual cyber operations while physically present on another State’s territory against that State or entities or persons on its territory?",Ambiguous,"Ultimately, the violation of the obligation not to interfere in the internal affairs of other States is established irrespective of whether Information and Communication Technologies (ICTs) or otherwise were use.  In principle, the use, or the permissibility of a misuse of ICTs that manifests itself in the territory of another State may, depending on its nature, the extent of the intrusion and its consequences, constitute a violation of sovereignty.","Position Paper of the Republic of Cuba on the Application of International Law to Information and Communication Technologies in Cyberspace, pg.3, §2 (2024).¶",,,
CUB,6. Can state cyber operations that cause physical effects in another state’s territory constitute a violation of sovereignty as a rule?,Silent,,,,,
CUB,6(a) Do any physical effects constitute a violation?,Silent,,,,,
CUB,"6(b) Must the effects involve physical damage to computer infrastructure or other tangible things, or injury to persons, to constitute a violation of sovereignty as a rule?",Silent,,,,,
CUB,6(b)(i) Must the effect of a cyber operation to computer infrastructure require repair or replacement of physical components to qualify as damage?,Silent,,,,,
CUB,6(c) Do only cyber operations generating significant physical effects within another State’s territory constitute a violation?,Silent,,,,,
CUB,7 Can state cyber operations that cause a loss to computer functionality in another State’s territory constitute a violation of sovereignty as a rule?,Silent,,,,,
CUB,7(a) Is the rule violated by a cyber operation generating any functionality losses within another state’s territory?,Silent,,,,,
CUB,7(b) Is the rule violated by a cyber operation generating significant functionality losses within another state’s territory?,Silent,,,,,
CUB,7(c) Is the rule violated by a cyber operation generating systemic functionality losses within another state’s territory?,Silent,,,,,
CUB,8. Can state cyber operations that interfere with another state’s “inherent governmental functions” constitute a violation of sovereignty as a rule?,Silent,,,,,
CUB,9. Must there be proximate causation between the state cyber operation and the effects or interference prohibited by sovereignty as a rule?  ,Silent,,,,,
CUB,9(a) Must the state cyber operation generate prohibited effects directly?,Silent,,,,,
CUB,9(b) Do prohibited effects indirectly generated by a state cyber operation constitute a violation of sovereignty as a rule?,Silent,,,,,
CUB,10. Can state cyber operations that deny access to or degrade data in the control of another State constitute a violation of sovereignty as a rule?,Silent,,,,,
CUB,10(a) Do state sponsored ransomware operations violate the sovereignty of another State?,Silent,,,,,
CUB,10(b) Can state cyber operations against data residing in cloud servers outside of a State’s territorial jurisdiction constitute a violation of sovereignty as a rule?,Silent,,,,,
CUB,10(c) Does the exercise of one State’s law enforcement tools via cyber means in the networks or systems of another State’s territory violate the sovereignty of the latter State?,Silent,,,,,
CUB,11. Do State cyber operations that interfere at any level with critical infrastructure in another State constitute a violation of sovereignty as a rule?¶,Silent,,,,,
CUB,12. Can State cyber operations that cause significant national economic impacts for another State constitute a violation of sovereignty as a rule?,Silent,,,,,
CUB,13. Does cyber espionage by one State in or transiting networks or hardware resident in another State constitute a violation of sovereignty as a rule?,Silent,,,,,
CUB,13(a) Can gaining unauthorized access to computer systems or data within a State’s sovereign control violate the rules of sovereignty?,Silent,,,,,
CUB,14. Are violations of sovereignty assessed on a case-by-case basis?,Silent,,,,,
CZE,1. Is sovereignty a foundational principle of the international legal order?¶,Yes,"The principles of sovereignty and sovereign equality of States are fundamental concepts of¶international law, cornerstones of the UN Charter and apply in cyberspace, just as they do in other domains.¶¶First, the Czech Republic recalls that the principles of sovereignty and sovereign equality of States are cornerstones of the UN Charter","Czech Republic Position Paper on the Application of International Law in Cyberspace, pg.3, §1 (2024).¶¶¶¶Statement of the Special Envoy for Cyberspace and Director of Cybersecurity Department of the Czech Republic, pg.2 (2020)",,,
CZE,2.  Does sovereignty confer on states authority over cyber infrastructure located in their respective territories and over the actions they take with respect to that infrastructure?,Yes,"“The two facets of sovereignty are the internal facet, meaning that every State exercises its sovereignty over its territory, including the ICTs located therein, subject to its obligations under international law, including international human rights law, and the external facet, meaning that every State may freely and independently choose and develop its political, social, economic and cultural system and determine its foreign policy.¶The Czech Republic firmly believes that under this principle States may freely exercise without interference in any form by another State both aspects of sovereignty in cyberspace,¶be it an internal one, with the exclusive jurisdiction over the ICTs located on its territory, or the external one, including the determination of its foreign policy, subject only to obligations under international law.”¶¶ ","Czech Republic Position Paper on the Application of International Law in Cyberspace, pg.3, §2 (2024).¶¶¶¶¶¶¶¶¶¶¶¶¶¶¶¶¶¶¶¶¶¶",,,
CZE,"2(a) Does sovereignty encompass the right of a State to protect cyber infrastructure and safeguard cyber activity that is located in, or takes place on, its territory?",Yes,"“The two facets of sovereignty are the internal facet, meaning that every State exercises its sovereignty over its territory, including the ICTs located therein”¶¶“The Czech Republic firmly believes that under this principle States may freely exercise without interference in any form by another State both aspects of sovereignty in cyberspace, be it an internal one, with the exclusive jurisdiction over the ICTs located on its territory.”","Czech Republic Position Paper on the Application of International Law in Cyberspace, pg.3, §2 (2024).¶¶¶Statement of the Special Envoy for Cyberspace and Director of Cybersecurity Department of the Czech Republic, pg.3 (2020)¶",The answer can be inferred from the statement.,,
CZE,2(b) Is the exercise of such sovereign authority subject to international human rights law and other fundamental freedoms?,Yes,"“The two facets of sovereignty are the internal facet, meaning that every State exercises its sovereignty over its territory, including the ICTs located therein, subject to its obligations under international law, including international human rights law, and the external facet, meaning that every State may freely and independently choose and develop its political, social, economic and cultural system and determine its foreign policy...”¶","Czech Republic Position Paper on the Application of International Law in Cyberspace, pg.3, §2 (2024).",,,
CZE,"3. Is sovereignty a stand-alone, primary rule of international law, the breach of which can incur international responsibility?",Yes,"“The sovereignty of every State must be respected. The principle of sovereignty forms a basis of various rules, such as the prohibition of intervention and the prohibition of the use of force. At the same time, sovereignty is a rule in its own right which is capable of being violated. Thus, cyber activities that do not amount to a prohibited intervention or a prohibited use of force may nevertheless amount to a violation of a State’s sovereignty under international law. In such case, violation of one State’s sovereignty by another State, including by a cyber means, would be considered an internationally wrongful act.”","Czech Republic Position Paper on the Application of International Law in Cyberspace, pg.3, §3 (2024).¶",,,
CZE,3(a) Can violations of sovereignty not amounting to prohibited interventions constitute internationally wrongful acts?  ,Yes,"“... sovereignty is a rule in its own right which is capable of being violated. Thus, cyber activities that do not amount to a prohibited intervention or a prohibited use of force may nevertheless amount to a violation of a State’s sovereignty under international law. In such case, violation of one State’s sovereignty by another State, including by a cyber means, would be considered an internationally wrongful act.”","Czech Republic Position Paper on the Application of International Law in Cyberspace, pg.3, §3 (2024).",,,
CZE,4. Does the State indicate how to identify a violation of any stand-alone sovereignty rule?,Yes,"“The Czech Republic is of the view that cyber activities that rise above the level of negligible or de minimis effects and cause significant harmful effects on the territory of another State without the consent of that State could amount to a violation of the rule of sovereignty in relation to the State concerned. While there is no universal consensus on the threshold, the Czech Republic is of the opinion that the analysis should take into account the degree of infringement upon the target State’s territorial integrity (i.e. the scope, scale, impact or severity of the effects of the operation and the causal link between the operation and its effects) or whether the operation interfered with or usurped inherently governmental functions. In general, the impact or severity of cyber effects will be evaluated in the same manner and according to the same criteria as for physical activities. “","Czech Republic Position Paper on the Application of International Law in Cyberspace, pgs.3-4, §5 (2024).¶¶",,,
CZE,4(a) Is there a de minimis threshold below which a violation of sovereignty would not occur? ,Yes,The Czech Republic is of the view that cyber activities that rise above the level of negligible or de minimis effects and cause significant harmful effects on the territory of another State without the consent of that State could amount to a violation of the rule of sovereignty in relation to the State concerned.,"Czech Republic Position Paper on the Application of International Law in Cyberspace, pgs.3-4, §5 (2024).¶",,,
CZE,"5. Is it a violation of territorial sovereignty for an organ of a State, or others whose conduct is attributable to the State, to conduct non-consensual cyber operations while physically present on another State’s territory against that State or entities or persons on its territory?",Ambiguous,"The Czech Republic considers the following cyber operations in a State’s territory as violation of its sovereignty, if attributable to another State: ¶¶D. cyber operation against a State or entities or persons located therein, including international organizations [sic], conducted by a physically present organ of another State. ","Statement of the Special Envoy for Cyberspace and Director of Cybersecurity Department of the Czech Republic , pg. 3, §9 (2020). ¶¶ ",,,
CZE,6. Can state cyber operations that cause physical effects in another state’s territory constitute a violation of sovereignty as a rule?,Yes,"In general, the impact or severity of cyber effects will be evaluated in the same manner and according to the same criteria as for physical activities...¶¶The Czech Republic is of the opinion that the following cyber operations in one State’s territory constitute violations of sovereignty, if attributed to another State, inter alia: ¶¶a) a cyber operation causing death or injury to persons or significant physical damage;¶¶¶The Czech Republic considers the following cyber operations in a State’s territory as violation of its sovereignty, if attributable to another State:¶A. a cyber operation causing death or injury to persons or significant physical damage;","Czech Republic Position Paper on the Application of International Law in Cyberspace, pgs.3-4, §§5-6(a) (2024).¶¶¶¶¶¶¶¶¶¶¶¶¶Statement of the Special Envoy for Cyberspace and Director of Cybersecurity Department of the Czech Republic, pg.3 (2020)¶",Threshold analysis would apply,,
CZE,6(a) Do any physical effects constitute a violation?,No,The Czech Republic is of the view that cyber activities that rise above the level of negligible or de minimis effects and cause significant harmful effects on the territory of another State without the consent of that State could amount to a violation of the rule of sovereignty in relation to the State concerned.,"Czech Republic Position Paper on the Application of International Law in Cyberspace, pg.3, §5 (2024).¶",,,
CZE,"6(b) Must the effects involve physical damage to computer infrastructure or other tangible things, or injury to persons, to constitute a violation of sovereignty as a rule?",No,"“The Czech Republic is of the opinion that the following cyber operations in one State’s territory constitute violations of sovereignty, if attributed to another State, inter alia:”¶...¶“c) a cyber operation interfering with any data or services which are essential for the exercise of inherently governmental functions, and thereby significantly disrupting the exercise of those functions; for example, distributing ransomware which encrypts the computers used by a government and thus disables the payment of retirement pensions or other social benefits. “","Czech Republic Position Paper on the Application of International Law in Cyberspace, pg.4, §6(c) (2024).¶¶¶",,,
CZE,6(b)(i) Must the effect of a cyber operation to computer infrastructure require repair or replacement of physical components to qualify as damage?,Silent,,¶,¶,,
CZE,6(c) Do only cyber operations generating significant physical effects within another State’s territory constitute a violation?,No,"“The Czech Republic is of the opinion that the following cyber operations in one State’s territory constitute violations of sovereignty, if attributed to another State, inter alia:”¶...¶“ b) a cyber operation causing damage to or disruption of cyber or other infrastructure with a significant impact on national security, economy, public health, public safety or environment; for instance, if such an operation causes a severe power outage affecting thousands of households;¶c) a cyber operation interfering with any data or services which are essential for the exercise of inherently governmental functions, and thereby significantly disrupting the exercise of those functions; for example, distributing ransomware which encrypts the computers used by a government and thus disables the payment of retirement pensions or other social benefits.”","Czech Republic Position Paper on the Application of International Law in Cyberspace, pg.4, §6(b)-(c) (2024).¶¶¶",,,
CZE,7 Can state cyber operations that cause a loss to computer functionality in another State’s territory constitute a violation of sovereignty as a rule?,Yes,"“The Czech Republic is of the opinion that the following cyber operations in one State’s territory constitute violations of sovereignty, if attributed to another State, inter alia:”¶...¶“ b) a cyber operation causing damage to or disruption of cyber or other infrastructure with a significant impact on national security, economy, public health, public safety or environment; for instance, if such an operation causes a severe power outage affecting thousands of households;¶c) a cyber operation interfering with any data or services which are essential for the exercise of inherently governmental functions, and thereby significantly disrupting the exercise of those functions; for example, distributing ransomware which encrypts the computers used by a government and thus disables the payment of retirement pensions or other social benefits.”","Czech Republic Position Paper on the Application of International Law in Cyberspace, pg.4, §6(b)-(c) (2024).¶",,,
CZE,7(a) Is the rule violated by a cyber operation generating any functionality losses within another state’s territory?,No,"The Czech Republic is of the opinion that the following cyber operations in one State’s territory constitute violations of sovereignty, if attributed to another State, inter alia:¶...¶b) a cyber operation causing damage to or disruption of cyber or other infrastructure with a significant impact on national security, economy, public health, public safety or environment, for instance, if such an operation causes a severe power outage affecting thousands of households;¶c) a cyber operation interfering with any data or services which are essential for the exercise of inherently governmental functions, and thereby significantly disrupting the exercise of those functions, for example, distributing ransomware which encrypts the computers used by a government and thus disables the payment of retirement pensions or other social benefits.","Czech Republic Position Paper on the Application of International Law in Cyberspace, pg.4, §6(b)-(c) (2024).¶",,,
CZE,7(b) Is the rule violated by a cyber operation generating significant functionality losses within another state’s territory?,Ambiguous,"The Czech Republic is of the view that cyber activities that rise above the level of negligible or de minimis effects and cause significant harmful effects on the territory of another State without the consent of that State could amount to a violation of the rule of sovereignty in relation to the State concerned.¶...¶The Czech Republic is of the opinion that the following cyber operations in one State’s territory constitute violations of sovereignty, if attributed to another State, inter alia:¶...¶b) a cyber operation causing damage to or disruption of cyber or other infrastructure with a significant impact on national security, economy, public health, public safety or environment, for instance, if such an operation causes a severe power outage affecting thousands of households;¶c) a cyber operation interfering with any data or services which are essential for the exercise of inherently governmental functions, and thereby significantly disrupting the exercise of those functions, for example, distributing ransomware which encrypts the computers used by a government and thus disables the payment of retirement pensions or other social benefits.","Czech Republic Position Paper on the Application of International Law in Cyberspace, pgs.3-4, §§5, 6(b)-(c) (2024).¶","The functionality loss appears to have to be connected to other significant impacts.  A significant disruption of the exercise of inherently governmental functions through cyber interference with data or services, as well as the disruption of cyber infrastructure, are both presented as examples of sovereignty violations. The position paper, therefore, suggests that a cyber operation generating significant functionality losses within a state’s territory may violate the rule if inherently governmental functions are disrupted or a significant impact on a consideration of sovereignty results.",,
CZE,7(c) Is the rule violated by a cyber operation generating systemic functionality losses within another state’s territory?,Silent,,,,,
CZE,8. Can state cyber operations that interfere with another state’s “inherent governmental functions” constitute a violation of sovereignty as a rule?,Yes,"The Czech Republic is of the opinion that the following cyber operations in one State’s territory constitute violations of sovereignty, if attributed to another State, inter alia:¶...¶c) a cyber operation interfering with any data or services which are essential for the exercise of inherently governmental functions, and thereby significantly disrupting the exercise of those functions, for example, distributing ransomware which encrypts the computers used by a government and thus disables the payment of retirement pensions or other social benefits.","Czech Republic Position Paper on the Application of International Law in Cyberspace, pg.4, §6(c) (2024).¶¶¶",,,
CZE,9. Must there be proximate causation between the state cyber operation and the effects or interference prohibited by sovereignty as a rule?  ,Ambiguous,"The Czech Republic is of the view that cyber activities that rise above the level of negligible or de minimis effects and cause significant harmful effects on the territory of another State without the consent of that State could amount to a violation of the rule of sovereignty in relation to the State concerned. While there is no universal consensus on the threshold, the Czech Republic is of the opinion that the analysis should take into account the degree of infringement upon the target State’s territorial integrity (i.e. the scope, scale, impact or severity of the effects of the operation and the causal link between the operation and its effects) or whether the operation interfered with or usurped inherently governmental functions.","Czech Republic Position Paper on the Application of International Law in Cyberspace, pgs.3-4, §5 (2024).¶","Although the position paper vaguely recommends that the violation analysis should consider the causal link, the legal language of proximate causation is not specifically discussed. The paper outlines specific criteria for determining whether a cyber operation violates sovereignty, including the scale and severity of the impact and the context in which it occurs.",,
CZE,9(a) Must the state cyber operation generate prohibited effects directly?,Silent,,,,,
CZE,9(b) Do prohibited effects indirectly generated by a state cyber operation constitute a violation of sovereignty as a rule?,Silent,,,,,
CZE,10. Can state cyber operations that deny access to or degrade data in the control of another State constitute a violation of sovereignty as a rule?,Yes,"The Czech Republic is of the opinion that the following cyber operations in one State’s territory constitute violations of sovereignty, if attributed to another State, inter alia:¶...¶c) a cyber operation interfering with any data or services which are essential for the exercise of inherently governmental functions, and thereby significantly disrupting the exercise of those functions, for example, distributing ransomware which encrypts the computers used by a government and thus disables the payment of retirement pensions or other social benefits.","Czech Republic Position Paper on the Application of International Law in Cyberspace, pg.4, §6(c) (2024).¶¶¶¶",,,
CZE,10(a) Can state sponsored ransomware operations violate the sovereignty of another State?,Yes,"The Czech Republic is of the opinion that the following cyber operations in one State’s territory constitute violations of sovereignty, if attributed to another State, inter alia:¶...¶c) a cyber operation interfering with any data or services which are essential for the exercise of inherently governmental functions, and thereby significantly disrupting the exercise of those functions, for example, distributing ransomware which encrypts the computers used by a government and thus disables the payment of retirement pensions or other social benefits.","Czech Republic Position Paper on the Application of International Law in Cyberspace, pg.4, §6(c) (2024).",,,
CZE,10(b) Can state cyber operations against data residing in cloud servers outside of a State’s territorial jurisdiction constitute a violation of sovereignty as a rule?,Silent,,,,,
CZE,10(c) Does the exercise of one State’s law enforcement tools via cyber means in the networks or systems of another State’s territory violate the sovereignty of the latter State?,Ambiguous,"... the Czech Republic does not consider every cyber operation attributable to a State and having an effect in the territory or infrastructure of another State to be a violation of the latter’s sovereignty. Cyberspace is a global and open domain and States often exercise their jurisdiction in another State’s territory without legal repercussions. For instance, an organ of a State viewing a publicly available website hosted in another State for the purposes of obtaining information during a criminal investigation does not violate that State’s sovereignty, despite exercising jurisdiction in its territory without its consent.","Czech Republic Position Paper on the Application of International Law in Cyberspace, pg.3, §4 (2024).¶","The position paper leaves room to interpret that certain law enforcement tools, including online criminal investigations, may not violate sovereignty, but it would depend on the degree of infringement by the cyber means.",,
CZE,11. Do State cyber operations that interfere at any level with critical infrastructure in another State constitute a violation of sovereignty as a rule?¶,No,"The Czech Republic is of the opinion that the following cyber operations in one State’s territory constitute violations of sovereignty, if attributed to another State, inter alia:¶...¶b) a cyber operation causing damage to or disruption of cyber or other infrastructure with a significant impact on national security, economy, public health, public safety or environment; for instance, if such an operation causes a severe power outage affecting thousands of households;","Czech Republic Position Paper on the Application of International Law in Cyberspace, pg.4, §6(b) (2024).¶","Interference with critical infrastructure may constitute a violation, subject to the threshold requirement.",,
CZE,12. Can State cyber operations that cause significant national economic impacts for another State constitute a violation of sovereignty as a rule?,Yes,"The Czech Republic is of the opinion that the following cyber operations in one State’s territory constitute violations of sovereignty, if attributed to another State, inter alia:¶...¶b) a cyber operation causing damage to or disruption of cyber or other infrastructure with a significant impact on national security, economy, public health, public safety or environment; for instance, if such an operation causes a severe power outage affecting thousands of households;","Czech Republic Position Paper on the Application of International Law in Cyberspace, pg.4, §6(b) (2024).",,,
CZE,13. Does cyber espionage by one State in or transiting networks or hardware resident in another State constitute a violation of sovereignty as a rule?,Silent,,,,,
CZE,13(a) Can gaining unauthorized access to computer systems or data within a State’s sovereign control violate the rules of sovereignty?¶,Silent,,,,,
CZE,14. Are violations of sovereignty assessed on a case-by-case basis?,Yes,"The Czech Republic will assess whether a violation of sovereignty has occurred on a case-by-case basis, since further State practice and opinio juris is needed to clarify the scope of customary law in this area over time.","Czech Republic Position Paper on the Application of International Law in Cyberspace, pg.4, §5 (2024).¶",,,
DEN,1. Is sovereignty a foundational principle of the international legal order?,Yes,Denmark is of the view that sovereignty is not only a principle but a primary rule of international law a breach of which amounts to an internationally wrongful act and if attributable to a State it may give rise to State responsibility.,"Denmark’s Position Paper on the Application of International Law in Cyberspace, pg.448, §5 (2023).",,,
DEN,2. Does sovereignty confer on states authority over cyber infrastructure located in their respective territories and over the actions they take with respect to that infrastructure?¶,Yes,"“It follows that all States may exercise sovereignty over any cyber infrastructure located on their territory and all activities associated with that infrastructure – irrespective of whether such infrastructure or activity is of a public or private character. In the exercise of governmental authority, the State may promulgate and enforce domestic laws or protect cyber infrastructure and cyber activity located or taking place in its territory unless prohibited from doing so by its international legal obligations such as the limitations set out in international human rights conventions and international law on State and diplomatic immunity”","Denmark’s Position Paper on the Application of International Law in Cyberspace, pg.448, §5 (2023).",,,
DEN,"2(a) Does sovereignty encompass the right of a State to protect cyber infrastructure and safeguard cyber activity that is located in, or takes place on, its territory?",Yes,"“It follows that all States may exercise sovereignty over any cyber infrastructure located on their territory and all activities associated with that infrastructure – irrespective of whether such infrastructure or activity is of a public or private character. In the exercise of governmental authority, the State may promulgate and enforce domestic laws or protect cyber infrastructure and cyber activity located or taking place in its territory unless prohibited from doing so by its international legal obligations such as the limitations set out in international human rights conventions and international law on State and diplomatic immunity”","Denmark’s Position Paper on the Application of International Law in Cyberspace, pg.448, §5 (2023).",,,
DEN,2(b) Is the exercise of such sovereign authority subject to international human rights law and other fundamental freedoms?,Yes,"In the exercise of governmental authority, the State may promulgate and enforce domestic laws or protect cyber infrastructure and cyber activity located or taking place in its territory unless prohibited from doing so by its international legal obligations such as the limitations set out in international human rights conventions and international law on State and diplomatic immunity”¶","Denmark’s Position Paper on the Application of International Law in Cyberspace, pg.449 (2023).¶",,,
DEN,"3. Is sovereignty a stand-alone, primary rule of international law, the breach of which can incur international responsibility?",Yes,“Denmark is of the view that sovereignty is not only a principle but a primary rule of international law a breach of which amounts to an internationally wrongful act and if attributable to a State it may give rise to State responsibility”,"Denmark’s Position Paper on the Application of International Law in Cyberspace, pg.448 (2023).",,,
DEN,3(a) Can violations of sovereignty not amounting to prohibited interventions constitute internationally wrongful acts?  ,Silent ,,,,,
DEN,4. Does the State indicate how to identify a violation of any stand-alone sovereignty rule?,Yes," Whether or not a given act in cyberspace is done in violation of another State’s sovereignty requires a case-by-case assessment of all relevant factors, in particular the nature of and the effects caused by the cyber operation”","Denmark’s Position Paper on the Application of International Law in Cyberspace, pg.448-49 (2023).¶",,,
DEN,4(a) Is there a de minimis threshold below which a violation of sovereignty would not occur¶,Yes,Cyber activities causing negligible physical effects or loss of functionality ¶would generally not be considered a violation of sovereignty.,"Denmark’s Position Paper on the Application of International Law in Cyberspace, pg.449 (2023).¶",,,
DEN,"5. Is it a violation of territorial sovereignty for an organ of a State, or others whose conduct is attributable to the State, to conduct non-consensual cyber operations while physically present on another State’s territory against that State or entities or persons on its territory?",Silent,,,,,
DEN,6. Can state cyber operations that cause physical effects in another state’s territory constitute a violation of sovereignty as a rule?,Yes,"“With respect to infringements on a State’s territory Denmark generally shares the view that cyber operations which result in physical damage or injury constitute a violation of a State’s sovereignty and may also violate the principle of non-intervention, or the prohibition of the use of force”","Denmark’s Position Paper on the Application of International Law in Cyberspace, pg.449 (2023).¶",,,
DEN,6(a) Do any physical effects constitute a violation?,No,Cyber activities causing negligible physical effects or loss of functionality would generally not be considered a violation of sovereignty.”,"Denmark’s Position Paper on the Application of International Law in Cyberspace, pg.449 (2023).¶",,,
DEN,"6(b) Must the effects involve physical damage to computer infrastructure or other tangible things, or injury to persons, to constitute a violation of sovereignty as a rule?",No,"Furthermore, interference with or usurpation of a State’s inherently governmental functions may constitute a violation of a State’s sovereignty or prohibited intervention.”","Denmark’s Position Paper on the Application of International Law in Cyberspace, pg.449 (2023).¶",,,
DEN,6(b)(i) Must the effect of a cyber operation to computer infrastructure require repair or replacement of physical components to qualify as damage?,Silent,,,,,
DEN,6(c) Do only cyber operations generating significant physical effects within another State’s territory constitute a violation?,No,"Furthermore, interference with or usurpation of a State’s inherently governmental functions may constitute a violation of a State’s sovereignty or prohibited intervention.”","Denmark’s Position Paper on the Application of International Law in Cyberspace, pg.449 (2023).¶",,,
DEN,7 Can state cyber operations that cause a loss to computer functionality in another State’s territory constitute a violation of sovereignty as a rule?,Yes,"“Denmark generally shares the view that cyber operations which result in physical damage or injury constitute a violation of a State’s sovereignty and may also violate the principle of non-intervention, or the prohibition of the use of force, cf. section 3 and 4. In addition to physical damage or injury loss of functionality may also, depending on its nature, scale, and effects, constitute such a violation.”","Denmark’s Position Paper on the Application of International Law in Cyberspace, pg.449 (2023).¶",,,
DEN,7(a) Is the rule violated by a cyber operation generating any functionality losses within another state’s territory?,No,“Cyber activities causing negligible physical effects or loss of functionality¶would generally not be considered a violation of sovereignty.”,"Denmark’s Position Paper on the Application of International Law in Cyberspace, pg.449 (2023).¶",,,
DEN,7(b) Is the rule violated by a cyber operation generating significant functionality losses within another state’s territory?,Ambiguous,"“In addition to physical damage or injury loss of functionality may also,¶depending on its nature, scale, and effects, constitute such a violation.”","Denmark’s Position Paper on the Application of International Law in Cyberspace, pg.449 (2023).¶",,,
DEN,7(c) Is the rule violated by a cyber operation generating systemic functionality losses within another state’s territory?,Silent,,,,,
DEN,8. Can state cyber operations that interfere with another state’s “inherent governmental functions” constitute a violation of sovereignty as a rule?,Yes,"“Furthermore, interference with or usurpation of a State’s inherently governmental functions may constitute a violation of a State’s sovereignty or prohibited intervention. This assessment is not contingent on whether physical damage, injury, or loss of functionality have occurred, but rather if a cyber operation has interfered with data or services necessary for the exercise of inherently governmental functions. This applies irrespective of whether such inherently governmental functions are performed by the State itself (either by central, regional or local government) or have been delegated to non-governmental entities”","Denmark’s Position Paper on the Application of International Law in Cyberspace, pg.449 (2023).¶",,,
DEN,9. Must there be proximate causation between the state cyber operation and the effects or interference prohibited by sovereignty as a rule?  ,Silent,,,,,
DEN,9(a) Must the state cyber operation generate prohibited effects directly?,Silent,,,,,
DEN,9(b) Do prohibited effects indirectly generated by a state cyber operation constitute a violation of sovereignty as a rule?,Silent,,,,,
DEN,10. Can state cyber operations that deny access to or degrade data in the control of another State constitute a violation of sovereignty as a rule?,Yes,"In addition to physical damage or injury loss of functionality may also, ¶depending on its nature, scale, and effects, constitute such a violation. Cyber operations that alter or delete data without necessarily resulting in physical damage or loss of functionality may also, based on a case-by-case assessment of the nature, scale, and effects of the operation in question, constitute a violation.","Denmark’s Position Paper on the Application of International Law in Cyberspace, pg.449 (2023).¶",,,
DEN,10(a) Do state sponsored ransomware operations violate the sovereignty of another State?,Silent,,,,,
DEN,10(b) Can state cyber operations against data residing in cloud servers outside of a State’s territorial jurisdiction constitute a violation of sovereignty as a rule?,Silent,,,,,
DEN,10(c) Does the exercise of one State’s law enforcement tools via cyber means in the networks or systems of another State’s territory violate the sovereignty of the latter State?,Silent,,,,,
DEN,11. Do State cyber operations that interfere at any level with critical infrastructure in another State constitute a violation of sovereignty as a rule?¶,No,“Cyber activities causing negligible physical effects or loss of functionality¶would generally not be considered a violation of sovereignty.”,"Denmark’s Position Paper on the Application of International Law in Cyberspace, pg.449 (2023).¶¶",,,
DEN,12. Can State cyber operations that cause significant national economic impacts for another State constitute a violation of sovereignty as a rule?,Silent,,,,,
DEN,13. Does cyber espionage by one State in or transiting networks or hardware resident in another State constitute a violation of sovereignty as a rule?,Silent,,,,,
DEN,13(a) Can gaining unauthorized access to computer systems or data within a State’s sovereign control violate the rules of sovereignty?¶,Silent,,, ,,
DEN,14. Are violations of sovereignty assessed on a case-by-case basis?,Yes,"“Whether or not a given act in cyberspace is done in violation of another State’s sovereignty requires a case-by-case assessment of all relevant factors, in particular the nature of and the effects caused by the cyber operation.”","Denmark’s Position Paper on the Application of International Law in Cyberspace, pg.449 (2023).¶",,,
ECU,1. Is sovereignty a foundational principle of the international legal order?,Silent,,,,,
ECU,2.  Does sovereignty confer on states authority over cyber infrastructure located in their respective territories and over the actions they take with respect to that infrastructure?,Yes,“But it does have sovereignty over cyber infrastructure and over any activity that is related to these infrastructures.”,"OAS Survey Response Submitted by Ecuador, pg.2, question 8 (2019).¶",,,
ECU,"2(a) Does sovereignty encompass the right of a State to protect cyber infrastructure and safeguard cyber activity that is located in, or takes place on, its territory?",Silent,,,,,
ECU,2(b) Is the exercise of such sovereign authority subject to international human rights law and other fundamental freedoms?,Yes,“The fields of international law do apply to cyberspace.”,"OAS Survey Response Submitted by Ecuador, pg.2, question 8 (2019).¶","Answer in response to “Do existing fields of international law (including the prohibition on the use of force, the right of self-defense, international humanitarian law, and human rights) apply to cyberspace? Are there areas where the novelty of cyberspace excludes the application of a particular set of international legal rights or obligations?”",,
ECU,"3. Is sovereignty a stand-alone, primary rule of international law, the breach of which can incur international responsibility?",Silent,,,,,
ECU,3(a) Can violations of sovereignty not amounting to prohibited interventions constitute internationally wrongful acts?  ,Silent,,,,,
ECU,4. Does the State indicate how to identify a violation of any stand-alone sovereignty rule?,No,,,,,
ECU,4(a) Is there a de minimis threshold below which a violation of sovereignty would not occur? ¶,Silent,,,,,
ECU,"5. Is it a violation of territorial sovereignty for an organ of a State, or others whose conduct is attributable to the State, to conduct non-consensual cyber operations while physically present on another State’s territory against that State or entities or persons on its territory?",Silent,,,,,
ECU,6. Can state cyber operations that cause physical effects in another state’s territory constitute a violation of sovereignty as a rule?,Silent,,,,,
ECU,6(a) Do any physical effects constitute a violation?,Silent,,,,,
ECU,"6(b) Must the effects involve physical damage to computer infrastructure or other tangible things, or injury to persons, to constitute a violation of sovereignty as a rule?",Silent,,,,,
ECU,6(b)(i) Must the effect of a cyber operation to computer infrastructure require repair or replacement of physical components to qualify as damage?,Silent,,,,,
ECU,6(c) Do only cyber operations generating significant physical effects within another State’s territory constitute a violation?,Silent,,,,,
ECU,7 Can state cyber operations that cause a loss to computer functionality in another State’s territory constitute a violation of sovereignty as a rule?,Silent¶,,,,,
ECU,7(a) Is the rule violated by a cyber operation generating any functionality losses within another state’s territory?,Silent¶,,,,,
ECU,7(b) Is the rule violated by a cyber operation generating significant functionality losses within another state’s territory?,Silent¶,,,,,
ECU,7(c) Is the rule violated by a cyber operation generating systemic functionality losses within another state’s territory?,Silent¶,,,,,
ECU,8. Can state cyber operations that interfere with another state’s “inherent governmental functions” constitute a violation of sovereignty as a rule?,Silent¶,,,,,
ECU,9. Must there be proximate causation between the state cyber operation and the effects or interference prohibited by sovereignty as a rule?  ,Silent¶,,,,,
ECU,9(a) Must the state cyber operation generate prohibited effects directly?,Silent,,,,,
ECU,9(b) Do prohibited effects indirectly generated by a state cyber operation constitute a violation of sovereignty as a rule?,Silent¶,,,,,
ECU,10. Can state cyber operations that deny access to or degrade data in the control of another State constitute a violation of sovereignty as a rule?,Silent¶,,,,,
ECU,10(a) Do state sponsored ransomware operations violate the sovereignty of another State?,Silent¶,,,,,
ECU,10(b) Can state cyber operations against data residing in cloud servers outside of a State’s territorial jurisdiction constitute a violation of sovereignty as a rule?,Silent¶,,,,,
ECU,10(c) Does the exercise of one State’s law enforcement tools via cyber means in the networks or systems of another State’s territory violate the sovereignty of the latter State?,Silent¶,,,,,
ECU,11. Do State cyber operations that interfere at any level with critical infrastructure in another State constitute a violation of sovereignty as a rule?¶,Silent¶,,,,,
ECU,12. Can State cyber operations that cause significant national economic impacts for another State constitute a violation of sovereignty as a rule?,Silent¶,,,,,
ECU,13. Does cyber espionage by one State in or transiting networks or hardware resident in another State constitute a violation of sovereignty as a rule?,Silent¶,,,,,
ECU,13(a) Can gaining unauthorized access to computer systems or data within a State’s sovereign control violate the rules of sovereignty?,Silent,,,,,
ECU,14. Are violations of sovereignty assessed on a case-by-case basis?,Silent,,,,,
EST,1. Is sovereignty a foundational principle of the international legal order?  ,Yes,“Sovereignty as a fundamental principle of international law applies in cyberspace.”,"Estonia, UNGA Official Compendium of Voluntary National Contributions, pg.24, §5 (2021).",,,
EST,2.  Does sovereignty confer on states authority over cyber infrastructure located in their respective territories and over the actions they take with respect to that infrastructure?,Yes,“States have territorial sovereignty over the ICT infrastructure and persons engaged in cyber activities on their territory.”,"Estonia, UNGA Official Compendium of Voluntary National Contributions, pg.25, §1 (2021).¶",,,
EST,"2(a) Does sovereignty encompass the right of a state to protect cyber infrastructure and safeguard cyber activity that is located in, or takes place on, its territory?",Yes,“States have territorial sovereignty over the ICT infrastructure and persons engaged in cyber activities on their territory.”,"Estonia, UNGA Official Compendium of Voluntary National Contributions, pg.25, §1 (2021).¶",Answer can be inferred from the statement.,,
EST,2(b) Is the exercise of such sovereign authority subject to international human rights law and other fundamental freedoms?,Yes,"“States have territorial sovereignty over the ICT infrastructure and persons engaged in cyber activities on their territory. However, states’ right to exercise sovereignty on their territory is not unlimited; states must respect international law, including human rights obligations. States also bear the responsibility to comply with legal obligations flowing from sovereignty – for example, the responsibility not to breach the sovereignty of other states and to take reasonable efforts to ensure that their territory is not used to adversely affect the rights of other states”","Estonia, UNGA Official Compendium of Voluntary National Contributions, pg.25, §1 (2021).¶",,,
EST,"3. Is sovereignty a stand-alone, primary rule of international law, the breach of which can incur international responsibility?",Yes,"“The violation of sovereignty through cyber means can breach international law, and therefore may give the victim state the right to take measures, including countermeasures.”","Estonia, UNGA Official Compendium of Voluntary National Contributions, pg.25, §2 (2021).¶",,,
EST,3(a) Can violations of sovereignty not amounting to prohibited interventions constitute internationally wrongful acts?  , Yes ,"“The violation of sovereignty through cyber means can breach international law, and therefore may give the victim state the right to take measures, including countermeasures. ","Estonia, UNGA Official Compendium of Voluntary National Contributions, pg.25, §2 (2021).¶",,,
EST,4. Does the State indicate how to identify a violation of any stand-alone sovereignty rule?,No,,,,,
EST,4(a) Is there a de minimis threshold below which a violation of sovereignty would not occur? ¶,Silent,,,,,
EST,"5. Is it a violation of territorial sovereignty for an organ of a State, or others whose conduct is attributable to the State, to conduct non-consensual cyber operations while physically present on another State’s territory against that State or entities or persons on its territory?",Silent, ,,,,
EST,6. Can state cyber operations that cause physical effects in another state’s territory constitute a violation of sovereignty as a rule?,Ambiguous¶,"The violation of sovereignty through cyber means can breach international law, and therefore may give the victim state the right to take measures, including countermeasures. Views on what constitutes a breach of sovereignty in cyberspace differ. Malicious cyber operations can be complex, cross several jurisdictions and may not always produce physical effects on targeted infrastructure.","Estonia, UNGA Official Compendium of Voluntary National Contributions, pg.25, (2021).¶",,,
EST,6(a) Do any physical effects constitute a violation?,¶Silent,,,,,
EST,"6(b) Must the effects involve physical damage to computer infrastructure or other tangible things, or injury to persons, to constitute a violation of sovereignty as a rule?",Ambiguous¶,"The violation of sovereignty through cyber means can breach international law, and therefore may give the victim state the right to take measures, including countermeasures. Views on what constitutes a breach of sovereignty in cyberspace differ. Malicious cyber operations can be complex, cross several jurisdictions and may not always produce physical effects on targeted infrastructure.","Estonia, UNGA Official Compendium of Voluntary National Contributions, pg.25, (2021).¶",,,
EST,6(b)(i) Must the effect of a cyber operation to computer infrastructure require repair or replacement of physical components to qualify as damage?,Silent¶,,,,,
EST,6(c) Do only cyber operations generating significant physical effects within another State’s territory constitute a violation?,Silent¶,,,,,
EST,7 Can state cyber operations that cause a loss to computer functionality in another State’s territory constitute a violation of sovereignty as a rule?,Silent¶,,,,,
EST,7(a) Is the rule violated by a cyber operation generating any functionality losses within another state’s territory?,Silent¶,,,,,
EST,7(b) Is the rule violated by a cyber operation generating significant functionality losses within another state’s territory?,Silent¶,,,,,
EST,7(c) Is the rule violated by a cyber operation generating systemic functionality losses within another state’s territory?,Silent¶,,,,,
EST,8. Can state cyber operations that interfere with another state’s “inherent governmental functions” constitute a violation of sovereignty as a rule?,Silent¶,,,,,
EST,9. Must there be proximate causation between the state cyber operation and the effects or interference prohibited by sovereignty as a rule?  ,Silent¶,,,,,
EST,9(a) Must the state cyber operation generate prohibited effects directly?,Silent¶,,,,,
EST,9(b) Do prohibited effects indirectly generated by a state cyber operation constitute a violation of sovereignty as a rule?,Silent¶,,,,,
EST,10. Can state cyber operations that deny access to or degrade data in the control of another State constitute a violation of sovereignty as a rule?,Silent¶,,,,,
EST,10(a) Can state sponsored ransomware operations violate the sovereignty of another State?,Silent¶,,,,,
EST,10(b) Can state cyber operations against data residing in cloud servers outside of a State’s territorial jurisdiction constitute a violation of sovereignty as a rule?,Silent¶,,,,,
EST,10(c) Does the exercise of one State’s law enforcement tools via cyber means in the networks or systems of another State’s territory violate the sovereignty of the latter State?,Silent¶,,,,,
EST,11. Do State cyber operations that interfere at any level with critical infrastructure in another State constitute a violation of sovereignty as a rule?¶,Silent¶,,,,,
EST,12. Can State cyber operations that cause significant national economic impacts for another State constitute a violation of sovereignty as a rule?,Silent¶,,,,,
EST,13. Does cyber espionage by one State in or transiting networks or hardware resident in another State constitute a violation of sovereignty as a rule?,Silent,,,,,
EST,13(a) Can gaining unauthorized access to computer systems or data within a State’s sovereign control violate the rules of sovereignty?,Silent,,,,,
EST,14. Are violations of sovereignty assessed on a case-by-case basis?,Silent,,,,,
EUN,1. Is sovereignty a foundational principle of the international legal order?,Yes,“State sovereignty is a core principle of international law.”,"European Union Declaration on a Common Understanding of International Law in Cyberspace, pg.4, ¶2 (2024).",,,
EUN,2.  Does sovereignty confer on states authority over cyber infrastructure located in their respective territories and over the actions they take with respect to that infrastructure?,Yes,"“States exercise territorial jurisdiction over Information and Communications Technology (ICT) infrastructure located in their territory, and persons engaged in cyber activities, within their territory.”","European Union Declaration on a Common Understanding of International Law in Cyberspace, pg.4, ¶3 (2024).",,,
EUN,"2(a) Does sovereignty encompass the right of a state to protect cyber infrastructure and safeguard cyber activity that is located in, or takes place on, its territory?",Yes ,"“States are entitled to exercise territorial jurisdiction over persons, property and activities within their territories… States exercise territorial jurisdiction over… ICT infrastructure… and persons engaged in cyber activities, within their territory.”","European Union Declaration on a Common Understanding of International Law in Cyberspace, pg. 4, ¶2 (2024). ",Answer can be inferred from the statement.,,
EUN,2(b) Is the exercise of such sovereign authority subject to international human rights law and other fundamental freedoms?,Yes,"“The European Union and its Member States reaffirm that international law, in particular the UN Charter, international human rights law and international humanitarian law, fully applies to cyberspace.”","European Union Declaration on a Common Understanding of International Law in Cyberspace, pg.4, ¶1 (2024).",,,
EUN,"3. Is sovereignty a stand-alone, primary rule of international law, the breach of which can incur international responsibility?",Yes,"“The violation of the obligation to respect State sovereignty amounts to an internationally wrongful act, even if such a violation does not constitute a prohibited intervention or a prohibited use of force.”","European Union Declaration on a Common Understanding of International Law in Cyberspace, pg.4, ¶4 (2024).",,,
EUN,3(a) Can violations of sovereignty not amounting to prohibited interventions constitute internationally wrongful acts?  ,Yes,"“The violation of the obligation to respect State sovereignty amounts to an internationally wrongful act, even if such a violation does not constitute a prohibited intervention or a prohibited use of force.”","European Union Declaration on a Common Understanding of International Law in Cyberspace, pg.4, ¶4 (2024).",,,
EUN,4. Does the State indicate how to identify a violation of any stand-alone sovereignty rule?,Yes,"“A violation of the obligation to respect sovereignty may occur when a cyber operation, attributable to a State, infringes upon another State’s territorial integrity or leads to interference with or usurpation of inherently governmental functions of another State.”","European Union Declaration on a Common Understanding of International Law in Cyberspace, pg.4, ¶4 (2024).",,,
EUN,4(a) Is there a de minimis threshold below which a violation of sovereignty would not occur? ¶,Silent,,,,,
EUN,"5. Is it a violation of territorial sovereignty for an organ of a State, or others whose conduct is attributable to the State, to conduct non-consensual cyber operations while physically present on another State’s territory against that State or entities or persons on its territory?",Silent,,,,,
EUN,6. Can state cyber operations that cause physical effects in another state’s territory constitute a violation of sovereignty as a rule?,Yes,"“A violation of the obligation to respect sovereignty may occur when a cyber operation, attributable to a State, infringes upon another State’s territorial integrity or leads to interference with or usurpation of inherently governmental functions of another State.”","European Union Declaration on a Common Understanding of International Law in Cyberspace, pg.4, ¶4 (2024).",Answer inferred from quoted passage.,,
EUN,6(a) Do any physical effects constitute a violation?,Silent,,,,,
EUN,"6(b) Must the effects involve physical damage to computer infrastructure or other tangible things, or injury to persons, to constitute a violation of sovereignty as a rule?",No,"“A violation of the obligation to respect sovereignty may occur when a cyber operation, attributable to a State, infringes upon another State’s territorial integrity or leads to interference with or usurpation of inherently governmental functions of another State”","European Union Declaration on a Common Understanding of International Law in Cyberspace, pg.4, ¶4 (2024).",,,
EUN,6(b)(i) Must the effect of a cyber operation to computer infrastructure require repair or replacement of physical components to qualify as damage?,Silent,,,,,
EUN,6(c) Do only cyber operations generating significant physical effects within another State’s territory constitute a violation?,Silent,,,,,
EUN,7 Can state cyber operations that cause a loss to computer functionality in another State’s territory constitute a violation of sovereignty as a rule?,Silent,,,,,
EUN,7(a) Is the rule violated by a cyber operation generating any functionality losses within another state’s territory?,Silent,,,,,
EUN,7(b) Is the rule violated by a cyber operation generating significant functionality losses within another state’s territory?,Silent,,,,,
EUN,7(c) Is the rule violated by a cyber operation generating systemic functionality losses within another state’s territory?,Silent,,,,,
EUN,8. Can state cyber operations that interfere with another state’s “inherent governmental functions” constitute a violation of sovereignty as a rule?,Yes,"“A violation of the obligation to respect sovereignty may occur when a cyber operation, attributable to a State, infringes upon another State’s territorial integrity or leads to interference with or usurpation of inherently governmental functions of another State”","European Union Declaration on a Common Understanding of International Law in Cyberspace, pg.4, ¶4 (2024).",,,
EUN,9. Must there be proximate causation between the state cyber operation and the effects or interference prohibited by sovereignty as a rule?  ,Silent,,,,,
EUN,9(a) Must the state cyber operation generate prohibited effects directly?,Silent,,,,,
EUN,9(b) Do prohibited effects indirectly generated by a state cyber operation constitute a violation of sovereignty as a rule?,Silent,,,,,
EUN,10. Can state cyber operations that deny access to or degrade data in the control of another State constitute a violation of sovereignty as a rule?,Silent,,,,,
EUN,10(a) Can state sponsored ransomware operations violate the sovereignty of another State?,Silent,,,,,
EUN,10(b) Can state cyber operations against data residing in cloud servers outside of a State’s territorial jurisdiction constitute a violation of sovereignty as a rule?,Silent,,,,,
EUN,10(c) Does the exercise of one State’s law enforcement tools via cyber means in the networks or systems of another State’s territory violate the sovereignty of the latter State?,Silent,,,,,
EUN,11. Do State cyber operations that interfere at any level with critical infrastructure in another State constitute a violation of sovereignty as a rule?¶,Ambiguous,"A violation of the obligation to respect sovereignty may occur when a cyber operation, attributable to a State, infringes upon another State’s territorial integrity or leads to interference with or usurpation of inherently governmental functions of another State”","European Union Declaration on a Common Understanding of International Law in Cyberspace, pg.4, ¶3 (2024).",,,
EUN,12. Can State cyber operations that cause significant national economic impacts for another State constitute a violation of sovereignty as a rule?,Silent,,,,,
EUN,13. Does cyber espionage by one State in or transiting networks or hardware resident in another State constitute a violation of sovereignty as a rule?,Silent,,,,,
EUN,13(a) Can gaining unauthorized access to computer systems or data within a State’s sovereign control violate the rules of sovereignty?,Silent,,,,,
EUN,14. Are violations of sovereignty assessed on a case-by-case basis?,Silent,,,,,
FIN,1. Is sovereignty a foundational principle of the international legal order?,Yes,"“In this sense, sovereignty is a foundational principle of the international legal order.”","International Law and Cyberspace: Finland's National Positions, pg.1, ¶3 (2023).",,,
FIN,2.  Does sovereignty confer on states authority over cyber infrastructure located in their respective territories and over the actions they take with respect to that infrastructure?,Yes,"“Sovereignty confers each State the exclusive right to exercise the functions of a State within a certain territory, and protects its territorial integrity and political independence from interference by other States..”¶","International Law and Cyberspace: Finland's National Positions, pg.1, ¶3 (2023).","It is plainly stated that the entire field of cyberspace by its nature cannot be governed by any one state, but cyber infrastructure residing in a state can be regulated by the state.",,
FIN,"2(a). Does sovereignty encompass the right of a state to protect cyber infrastructure and safeguard cyber activity that is located in, or takes place on, its territory?",Yes,"“While cyberspace as a whole cannot be subject to appropriation by any State, each State has jurisdiction over the  cyber infrastructure and the persons engaged in cyber activities within its territory.”","International Law and Cyberspace: Finland's National Positions, pg.1, ¶3 (2023).¶",Answer can be inferred from the statement.,,
FIN,2(b) Is the exercise of such sovereign authority subject to international human rights law and other fundamental freedoms?,Yes,"“It should nevertheless be underlined that individuals enjoy the same international human rights with respect to cyber-related activities as otherwise and, accordingly, that States are bound by all their human rights obligations both online and offline.”","International Law and Cyberspace: Finland's National Positions, pg.7, ¶5 (2023).¶¶",,,
FIN,"3. Is sovereignty a stand-alone, primary rule of international law, the breach of which can incur international responsibility?",Yes,"“Finland sees sovereignty as a primary rule of international law, a breach of which amounts to an internationally wrongful act and triggers State responsibility”","International Law and Cyberspace: Finland's National Positions, pg.3, ¶2 (2023).¶¶",,,
FIN,3(a) Can violations of sovereignty not amounting to prohibited interventions constitute internationally wrongful acts?  ,Yes,"“Below the threshold of prohibited intervention, all States have an obligation to refrain from acts that violate the territorial integrity or political independence of other States.”","International Law and Cyberspace: Finland's National Positions, pg.2, ¶1 (2023).¶",,,
FIN,4. Does the State indicate how to identify a violation of any stand-alone sovereignty rule?,Yes,"Similarly, a non-consensual intrusion in the computer networks and systems that rely on the cyber infrastructure in another State’s territory may amount to a violation of that State’s sovereignty. The prohibition of cyber operations violating the territorial sovereignty of another State protects, first of all, the cyber infrastructure located in the territory of that State, or ¶otherwise under its jurisdiction, as well as computer networks and systems supported by such infrastructure, from material harm. The situation is the same irrespective of whether such ¶infrastructure belongs to or is operated by governmental institutions, private entities or private ¶individuals. In addition to material harm that may be caused by such an operation, other relevant ¶considerations include whether an intrusion in the cyber infrastructure triggers a loss of ¶functionality of the equipment relying on it, or modifies or deletes information belonging to the ¶target State, or to private actors in its territory. ¶¶“More generally, an unauthorized intrusion by cyber means may be seen as a violation of the target State’s territorial sovereignty if it interferes with data or services that are necessary for the exercise of inherently governmental functions. This rule put forward in the Tallinn Manual 2.0 is consistent with the understanding of violations of sovereignty as unauthorized exercise of authority in another State’s territory.”","International Law and Cyberspace: Finland's National Positions, pg.2, ¶3, 4 (2023).¶¶",,,
FIN,4(a) Is there a de minimis threshold below which a violation of sovereignty would not occur? ¶,Silent,,,,,
FIN,"5. Is it a violation of territorial sovereignty for an organ of a State, or others whose conduct is attributable to the State, to conduct non-consensual cyber operations while physically present on another State’s territory against that State or entities or persons on its territory?",Silent,,,,,
FIN,6. Can state cyber operations that cause physical effects in another state’s territory constitute a violation of sovereignty as a rule?,Yes,"“The prohibition of cyber operations violating the territorial sovereignty of another State protects, first of all, the cyber infrastructure located in the territory of that State, or otherwise under its jurisdiction, as well as computer networks and systems supported by such ¶infrastructure, from material harm”","International Law and Cyberspace: Finland's National Positions, pg.2, ¶1 (2023).¶¶¶",,,
FIN,6(a) Do any physical effects constitute a violation?,Ambiguous,"Similarly, a non-consensual intrusion in the computer networks and systems that rely on the ¶cyber infrastructure in another State’s territory may amount to a violation of that State’s ¶sovereignty.","International Law and Cyberspace: Finland's National Positions, pg.2 (2023).¶","Read holistically, “material harm” “may” constitute a violation.",,
FIN,"6(b) Must the effects involve physical damage to computer infrastructure or other tangible things, or injury to persons, to constitute a violation of sovereignty as a rule?",No,"“In addition to material harm that may be caused by such an operation, other relevant considerations include whether an intrusion in the cyber infrastructure triggers a loss of functionality of the equipment relying on it, or modifies or deletes information belonging to the ¶target State, or to private actors in its territory.”",,,,
FIN,6(b)(i) Must the effect of a cyber operation to computer infrastructure require repair or replacement of physical components to qualify as damage?,Silent¶,,,,,
FIN,6(c) Do only cyber operations generating significant physical effects within another State’s territory constitute a violation?,Silent,,¶,,,
FIN,7 Can state cyber operations that cause a loss to computer functionality in another State’s territory constitute a violation of sovereignty as a rule?,Yes," “...other relevant considerations include whether an intrusion in the cyber infrastructure triggers a loss of functionality of the equipment relying on it, or modifies or deletes information belonging to the target State, or to private actors in its territory.”","International Law and Cyberspace: Finland's National Positions, pg.2, ¶3 (2023).¶",,,
FIN,7(a) Is the rule violated by a cyber operation generating any functionality losses within another state’s territory?,Ambiguous,"Similarly, a non-consensual intrusion in the computer networks and systems that rely on the ¶cyber infrastructure in another State’s territory may amount to a violation of that State’s ¶sovereignty ¶¶“...other relevant considerations include whether an intrusion in the cyber infrastructure triggers a loss of functionality of the equipment relying on it or modifies or deletes information belonging to the target State, or to private actors in its territory.”","International Law and Cyberspace: Finland's National Positions, pg.2, ¶3 (2023).¶",,,
FIN,7(b) Is the rule violated by a cyber operation generating significant functionality losses within another state’s territory?,Ambiguous ,"Similarly, a non-consensual intrusion in the computer networks and systems that rely on the cyber infrastructure in another State’s territory may amount to a violation of that State’s sovereignty.¶¶ “...other relevant considerations include whether an intrusion in the cyber infrastructure triggers a loss of functionality of the equipment relying on it, or modifies or deletes information belonging to the target State, or to private actors in its territory.”","International Law and Cyberspace: Finland’s National Positions, pg. 2, ¶3 (2023). ",,,
FIN,7(c) Is the rule violated by a cyber operation generating systemic functionality losses within another state’s territory?,Silent,,,,,
FIN,8. Can state cyber operations that interfere with another state’s “inherent governmental functions” constitute a violation of sovereignty as a rule?,Yes,"“More generally, an unauthorized intrusion by cyber means may be seen as a violation of the target State’s territorial sovereignty if it interferes with data or services that are necessary for the exercise of inherently governmental functions.”","International Law and Cyberspace: Finland's National Positions, pg.2, ¶4 (2023).¶¶",,,
FIN,9. Must there be proximate causation between the state cyber operation and the effects or interference prohibited by sovereignty as a rule?  ,Silent¶,,,,,
FIN,9(a) Must the state cyber operation generate prohibited effects directly?,Silent¶,,,,,
FIN,9(b) Do prohibited effects indirectly generated by a state cyber operation constitute a violation of sovereignty as a rule?,Silent¶,,,,,
FIN,10. Can state cyber operations that deny access to or degrade data in the control of another State constitute a violation of sovereignty as a rule?,Yes,"Similarly, a non-consensual intrusion in the computer networks and systems that rely on the cyber infrastructure in another State’s territory may amount to a violation of that State’s sovereignty.¶¶ “...other relevant considerations include whether an intrusion in the cyber infrastructure triggers a loss of functionality of the equipment relying on it, or modifies or deletes information belonging to the target State, or to private actors in its territory.”","International Law and Cyberspace: Finland's National Positions, pg.2, ¶3 (2023).¶",,,
FIN,10(a) Do state sponsored ransomware operations violate the sovereignty of another State?,Silent¶,,,,,
FIN,10(b) Can state cyber operations against data residing in cloud servers outside of a State’s territorial jurisdiction constitute a violation of sovereignty as a rule?,Silent¶,,,,,
FIN,10(c) Does the exercise of one State’s law enforcement tools via cyber means in the networks or systems of another State’s territory violate the sovereignty of the latter State?,Silent¶,,,,,
FIN,11. Do State cyber operations that interfere at any level with critical infrastructure in another State constitute a violation of sovereignty as a rule?¶,Silent,,,,,
FIN,12. Can State cyber operations that cause significant national economic impacts for another State constitute a violation of sovereignty as a rule?,Silent,,,,,
FIN,13. Does cyber espionage by one State in or transiting networks or hardware resident in another State constitute a violation of sovereignty as a rule?,Silent¶,,,,,
FIN,13(a) Can gaining unauthorized access to computer systems or data within a State’s sovereign control violate the rules of sovereignty?,Yes,"Similarly, a non-consensual intrusion in the computer networks and systems that rely on the cyber infrastructure in another State’s territory may amount to a violation of that State’s sovereignty.","International Law and Cyberspace Finland’s National Positions, pg.2 (2023).",,,
FIN,14. Are violations of sovereignty assessed on a case-by-case basis?,Yes,Whether an unauthorized cyber intrusion violates the target State’s sovereignty ¶depends on its nature and consequences and is subject to a case-by-case assessment.¶,"International Law and Cyberspace: Finland's National Positions, pg.3, ¶2 (2023).¶¶",,,
FRA,1. Is sovereignty a foundational principle of the international legal order?,Yes,The principle of sovereignty applies to cyberspace. France exercises its sovereignty over the ¶information systems located on its territory.," France International Law Applied To Operations in Cyberspace, pg.3, (2021).",Inferrered from quoted language and statement.,,
FRA,2. Does sovereignty confer on states authority over cyber infrastructure located in their respective territories and over the actions they take with respect to that infrastructure?,Yes,"“France exercises its sovereignty over the information systems located on its territory. In compliance with the due diligence requirement, it ensures that its territory is not used for internationally wrongful acts using ICTs.”¶"," France International Law Applied To Operations in Cyberspace, pg.2, §1.1.1, ¶4 (2021).¶¶",,,
FRA,"2(a) Does sovereignty encompass the right of a state to protect cyber infrastructure and safeguard cyber activity that is located in, or takes place on, its territory?",Yes,"“States targeted by such cyberattacks are entitled to respond to them within the framework of the options offered by international law. In response to a cyberattack, France may consider diplomatic responses to certain incidents, counter-measures, or even coercive action by the armed forces if an attack constitutes armed aggression.”¶¶"," France International Law Applied To Operations in Cyberspace, pg.2, §1.1, ¶2  (2021).¶¶","Within the statement, France held they retained the authority and ability to safeguard their cyberinfrastructure, including the implementation of countermeasures. Furthermore, they interpeted international law only permitted the use of countermeasures in situations where nations are themselves victims, and barred such action in the interest of another nation.",,
FRA,2(b) Is the exercise of such sovereign authority subject to international human rights law and other fundamental freedoms?,Silent,,,,,
FRA,"3. Is sovereignty a stand-alone, primary rule of international law, the breach of which can incur international responsibility?",Yes ,"“Many States are acquiring the capacity to prepare and conduct operations in cyberspace. When carried out to the detriment of the rights of other States, such operations may breach international law. Depending on the extent of their intrusion or their effects, they may violate the principles of sovereignty, non-intervention or even the prohibition of the threat or use of force.”"," France International Law Applied To Operations in Cyberspace, pg.3, §1.1.2, ¶5 (2021).¶¶",,,
FRA,3(a) Can violations of sovereignty not amounting to prohibited interventions constitute internationally wrongful acts?  ,Yes ,"“Many States are acquiring the capacity to prepare and conduct operations in cyberspace. When carried out to the detriment of the rights of other States, such operations may breach international law. Depending on the extent of their intrusion or their effects, they may violate the principles of sovereignty, non-intervention or even the prohibition of the threat or use of force.”","France International Law Applied To Operations in Cyberspace, pg.2, §1.1, ¶2 (2021).¶¶","By making mention how the extent of a hostile state’s intrusion can give rise to further breaches of international law, the converse is implied, that detrimental cyberoperations can take place that are internationally wrongful acts that aren’t prohibited interventions",,
FRA,4. Does the State indicate how to identify a violation of any stand-alone sovereignty rule?,Yes,"Any cyberattack against French digital systems or any effects produced on French territory by digital¶means by a State organ, a person or an entity exercising elements of governmental authority or by a¶person or persons acting on the instructions of or under the direction or control of a State constitutes a¶breach of sovereignty.¶","France International Law Applied To Operations in Cyberspace, pg.3, ¶1 (2021).¶¶",,,
FRA,4(a) Is there a de minimis threshold below which a violation of sovereignty would not occur? ¶,Silent,,,,,
FRA,"5. Is it a violation of territorial sovereignty for an organ of a State, or others whose conduct is attributable to the State, to conduct non-consensual cyber operations while physically present on another State’s territory against that State or entities or persons on its territory?",Silent,,,,,
FRA,6. Can state cyber operations that cause physical effects in another state’s territory constitute a violation of sovereignty as a rule?,Yes,"Any cyberattack against French digital systems or any effects produced on French territory by digital¶means by a State organ, a person or an entity exercising elements of governmental authority or by a¶person or persons acting on the instructions of or under the direction or control of a State constitutes a¶breach of sovereignty.¶","France International Law Applied To Operations in Cyberspace, pg.2, §1.1, ¶2 (2021).¶¶",,,
FRA,6(a) Do any physical effects constitute a violation?,Ambiguous,"Cyberattacks may constitute a violation of sovereignty¶¶Any cyberattack against French digital systems or any effects produced on French territory by digital¶means by a State organ, a person or an entity exercising elements of governmental authority or by a¶person or persons acting on the instructions of or under the direction or control of a State constitutes a¶breach of sovereignty.¶","France International Law Applied To Operations in Cyberspace, pg.2, §1.1, ¶2 (2021).¶¶","Internally inconsistent provisions within the statement, as well as the use of the term cyberattacks.",,
FRA,"6(b) Must the effects involve physical damage to computer infrastructure or other tangible things, or injury to persons, to constitute a violation of sovereignty as a rule?",No,"Any cyberattack against French digital systems or any effects produced on French territory by digital¶means by a State organ, a person or an entity exercising elements of governmental authority or by a¶person or persons acting on the instructions of or under the direction or control of a State constitutes a¶breach of sovereignty.¶","France International Law Applied To Operations in Cyberspace, pg.2, §1.1, ¶2 (2021).¶",,,
FRA,6(b)(i) Must the effect of a cyber operation to computer infrastructure require repair or replacement of physical components to qualify as damage?,Ambiguous,"Any cyberattack against French digital systems or any effects produced on French territory by digital¶means by a State organ, a person or an entity exercising elements of governmental authority or by a¶person or persons acting on the instructions of or under the direction or control of a State constitutes a¶breach of sovereignty.¶¶Contrary to the definition given by the Tallinn Manual Group of Experts50, France does not characterise¶a cyberattack solely on the basis of material criteria. It considers that a cyberoperation is an attack where¶the targeted equipment or systems no longer provide the service for which they were implemented,¶whether temporarily or permanently, reversibly or not. If the effects are temporary and/or reversible, the¶attack is characterised where action by the adversary is necessary to restore the infrastructure or system¶(repair of equipment, replacement of a part, reinstallation of a network, etc.).¶","France International Law Applied To Operations in Cyberspace, pg.2, 11 (2021).¶","Internally inconsistent provisions within the statement, as well as the use of the term cyberattacks.",,
FRA,6(c) Do only cyber operations generating significant physical effects within another State’s territory constitute a violation?,No,"Any cyberattack against French digital systems or any effects produced on French territory by digital¶means by a State organ, a person or an entity exercising elements of governmental authority or by a¶person or persons acting on the instructions of or under the direction or control of a State constitutes a¶breach of sovereignty.¶"," France International Law Applied To Operations in Cyberspace, pg.2, (2021).¶¶",,,
FRA,6(d) Does a violation of the rule of sovereignty require that a cyber operation generate death or injury to individuals or damage or destruction to objects within another State’s territory?,No,"Any cyberattack against French digital systems or any effects produced on French territory by digital¶means by a State organ, a person or an entity exercising elements of governmental authority or by a¶person or persons acting on the instructions of or under the direction or control of a State constitutes a¶breach of sovereignty.¶"," France International Law Applied To Operations in Cyberspace, pg.2, (2021).¶¶",,,
FRA,7 Can state cyber operations that cause a loss to computer functionality in another State’s territory constitute a violation of sovereignty as a rule?,Ambiguous,"Any cyberattack against French digital systems or any effects produced on French territory by digital¶means by a State organ, a person or an entity exercising elements of governmental authority or by a¶person or persons acting on the instructions of or under the direction or control of a State constitutes a¶breach of sovereignty.¶¶Contrary to the definition given by the Tallinn Manual Group of Experts50, France does not characterise¶a cyberattack solely on the basis of material criteria. It considers that a cyberoperation is an attack where¶the targeted equipment or systems no longer provide the service for which they were implemented,¶whether temporarily or permanently, reversibly or not. If the effects are temporary and/or reversible, the¶attack is characterised where action by the adversary is necessary to restore the infrastructure or system¶(repair of equipment, replacement of a part, reinstallation of a network, etc.).¶","France International Law Applied To Operations in Cyberspace, pg.2, 11 (2021).¶","Internally inconsistent provisions within the statement, as well as the use of the term cyberattacks.",,
FRA,7(a) Is the rule violated by a cyber operation generating any functionality losses within another state’s territory?,Ambiguous,"Any cyberattack against French digital systems or any effects produced on French territory by digital¶means by a State organ, a person or an entity exercising elements of governmental authority or by a¶person or persons acting on the instructions of or under the direction or control of a State constitutes a¶breach of sovereignty.¶¶Contrary to the definition given by the Tallinn Manual Group of Experts50, France does not characterise¶a cyberattack solely on the basis of material criteria. It considers that a cyberoperation is an attack where¶the targeted equipment or systems no longer provide the service for which they were implemented,¶whether temporarily or permanently, reversibly or not. If the effects are temporary and/or reversible, the¶attack is characterised where action by the adversary is necessary to restore the infrastructure or system¶(repair of equipment, replacement of a part, reinstallation of a network, etc.).¶","France International Law Applied To Operations in Cyberspace, pg.2, 11 (2021).¶","Internally inconsistent provisions within the statement, as well as the use of the term cyberattacks.",,
FRA,7(b) Is the rule violated by a cyber operation generating significant functionality losses within another state’s territory?,Silent,,,,,
FRA,7(c) Is the rule violated by a cyber operation generating systemic functionality losses within another state’s territory?,Silent,,,,,
FRA,8. Can state cyber operations that interfere with another state’s “inherent governmental functions” constitute a violation of sovereignty as a rule?,Silent,,,,,
FRA,9. Must there be proximate causation between the state cyber operation and the effects or interference prohibited by sovereignty as a rule?  ,Silent,,,,,
FRA,9(a) Must the state cyber operation generate prohibited effects directly?,Silent,,,,,
FRA,9(b) Do prohibited effects indirectly generated by a state cyber operation constitute a violation of sovereignty as a rule?,Silent,,,,,
FRA,10. Can state cyber operations that deny access to or degrade data in the control of another State constitute a violation of sovereignty as a rule?,Yes,"Any cyberattack against French digital systems or any effects produced on French territory by digital¶means by a State organ, a person or an entity exercising elements of governmental authority or by a¶person or persons acting on the instructions of or under the direction or control of a State constitutes a¶breach of sovereignty.¶","France International Law Applied To Operations in Cyberspace, pg.2, §1.1, ¶2 (2021).¶",,,
FRA,10(a) Do state sponsored ransomware operations violate the sovereignty of another State?,Silent,,,,,
FRA,10(b) Can state cyber operations against data residing in cloud servers outside of a State’s territorial jurisdiction constitute a violation of sovereignty as a rule?,Silent,,,,,
FRA,10(c) Does the exercise of one State’s law enforcement tools via cyber means in the networks or systems of another State’s territory violate the sovereignty of the latter State?,Silent,,,,,
FRA,11. Do State cyber operations that interfere at any level with critical infrastructure in another State constitute a violation of sovereignty as a rule?¶,Ambiguous,"Any cyberattack against French digital systems or any effects produced on French territory by digital¶means by a State organ, a person or an entity exercising elements of governmental authority or by a¶person or persons acting on the instructions of or under the direction or control of a State constitutes a¶breach of sovereignty.¶¶Contrary to the definition given by the Tallinn Manual Group of Experts50, France does not characterise¶a cyberattack solely on the basis of material criteria. It considers that a cyberoperation is an attack where¶the targeted equipment or systems no longer provide the service for which they were implemented,¶whether temporarily or permanently, reversibly or not. If the effects are temporary and/or reversible, the¶attack is characterised where action by the adversary is necessary to restore the infrastructure or system¶(repair of equipment, replacement of a part, reinstallation of a network, etc.).¶","France International Law Applied To Operations in Cyberspace, pg.2, 11 (2021).¶","Internally inconsistent provisions within the statement, as well as the use of the term cyberattacks.",,
FRA,12. Can State cyber operations that cause significant national economic impacts for another State constitute a violation of sovereignty as a rule?,Silent,,,,,
FRA,13. Does cyber espionage by one State in or transiting networks or hardware resident in another State constitute a violation of sovereignty as a rule?,Silent,,,,,
FRA,13(a) Can gaining unauthorized access to computer systems or data within a State’s sovereign control violate the rules of sovereignty?,Silent ,,,,,
FRA,14. Are violations of sovereignty assessed on a case-by-case basis?,Yes,“The gravity of a breach of sovereignty will be assessed on a case-by-case basis in accordance with French cyberdefence governance arrangements in order to determine possible responses in ¶compliance with international law.”,"France International Law Applied To Operations in Cyberspace, pg.3, §1.1.1, ¶6 (2021).¶¶",,,
GER,1. Is sovereignty a foundational principle of the international legal order?,Yes,“The legal principle of State sovereignty applies to States’ activities with regard to Cyberspace.”," Germany on the Application of International Law in Cyberspace, pg.2, §II.a, ¶3(2021).",,,
GER,2. Does sovereignty confer on states authority over cyber infrastructure located in their respective territories and over the actions they take with respect to that infrastructure?,Yes,"“State sovereignty implies, inter alia, that a State retains a right of regulation, enforcement and adjudication (jurisdiction) with regard to both persons engaging in cyber activities and cyber infrastructure on its territory. “"," Germany on the Application of International Law in Cyberspace, pg.2, §II.a, ¶3 (2021).¶",,,
GER,"2(a). Does sovereignty encompass the right of a state to protect cyber infrastructure and safeguard cyber activity that is located in, or takes place on, its territory?",Yes¶,"“Within its borders, a State has the exclusive right – within the framework of international law – to fully exercise its authority, which includes the protection of cyber activities, persons engaging therein as well as cyber infrastructures in the territory of a State against cyber and non-cyber-related interferences attributable to foreign States.”"," Germany on the Application of International Law in Cyberspace, pg.3, §II.a, ¶3 (2021).¶¶",,,
GER,2(b) Is the exercise of such sovereign authority subject to international human rights law and other fundamental freedoms?,Yes¶,"“It is limited only by relevant rules of international law, including international humanitarian law and international human rights law. “","Germany on the Application of International Law in Cyberspace, pg.2, §II.a, ¶3 (2021).¶",,,
GER,"3. Is sovereignty a stand-alone, primary rule of international law, the breach of which can incur international responsibility?",Yes¶,"“Germany agrees with the view that cyber operations attributable to States which violate the sovereignty of another State are contrary to international law. ¶¶In this regard, State sovereignty constitutes a legal norm in its own right and may apply directly as a general norm also in cases in which more specific rules applicable to State behaviour, such as the prohibition of intervention or the use of force, are not applicable.”","Germany on the Application of International Law in Cyberspace, pg.3, §II.a, ¶5 (2021).¶¶¶",,,
GER,3(a) Can violations of sovereignty not amounting to prohibited interventions constitute internationally wrongful acts?  ,Yes,"“Germany agrees with the view that cyber operations attributable to States which violate the sovereignty of another State are contrary to international law. ¶¶In this regard, State sovereignty constitutes a legal norm in its own right and may apply directly as a general norm also in cases in which more specific rules applicable to State behaviour, such as the  prohibition of intervention or the use of force, are not applicable.”","Germany on the Application of International Law in Cyberspace, pg.3, §II.a, ¶5  (2021).¶¶",,,
GER,4. Does the State indicate how to identify a violation of any stand-alone sovereignty rule?,Yes,"“Germany essentially concurs with the view proffered, inter alia, in the Tallinn Manual 2.0 that cyber operations attributable to a State which lead to physical effects and harm in the  territory of another State constitute a violation of that State’s territorial sovereignty. This encompasses physical damage to cyber infrastructure components per se and physical effects of such damage on persons or on other infrastructure, i.e. cyber or analogue infrastructure components connected to the damaged cyber component or infrastructure located in the vicinity of the damaged cyber infrastructure (provided a sufficient causal link can be established).”"," Germany on the Application of International Law in Cyberspace, pg.4, §II.a, ¶2  (2021).¶¶",,,
GER,4(a) Is there a de minimis threshold below which a violation of sovereignty would not occur? ¶,Yes,"“In any case, negligible physical effects and functional impairments below a certain impact threshold cannot – taken by themselves – be deemed to constitute a violation of territorial sovereignty.”","Germany on the Application of International Law in Cyberspace, pg.4, §II.a, ¶4 (2021).¶",,,
GER,"5. Is it a violation of territorial sovereignty for an organ of a State, or others whose conduct is attributable to the State, to conduct non-consensual cyber operations while physically present on another State’s territory against that State or entities or persons on its territory?",Silent,,,,,
GER,6. Can state cyber operations that cause physical effects in another state’s territory constitute a violation of sovereignty as a rule?,Yes,"“Germany essentially concurs with the view proffered, inter alia, in the Tallinn Manual 2.0 that cyber operations attributable to a State which lead to physical effects and harm in the territory of another State constitute a violation of that State’s territorial sovereignty. This encompasses physical damage to cyber infrastructure components per se and physical effects of such damage on persons or on other infrastructure, i.e. cyber or analogue infrastructure components connected to the damaged cyber component or infrastructure located in the vicinity of the damaged cyber infrastructure (provided a sufficient causal link can be established).”","Germany on the Application of International Law in Cyberspace, pg.4, §II.a, ¶2  (2021).¶¶",,,
GER,6(a) Do any physical effects constitute a violation?,No,"“In any case, negligible physical effects and functional impairments below a certain impact threshold cannot – taken by themselves – be deemed to constitute a violation of territorial sovereignty.”","Germany on the Application of International Law in Cyberspace, pg.4, §II.a, ¶4 (2021).¶",,,
GER,"6(b) Must the effects involve physical damage to computer infrastructure or other tangible things, or injury to persons, to constitute a violation of sovereignty as a rule?",No,"“In Germany’s view, this may also apply to certain substantial non-physical (i.e. software-related) functional impairments. In such situations, an evaluation of all relevant circumstances of the individual case will be necessary. If functional impairments result in substantive secondary or indirect physical effects in the territory of the target State (and a sufficient causal link to the cyber operation can be established), a violation of territorial sovereignty will appear highly probable.”"," Germany on the Application of International Law in Cyberspace, pg.4, §II.a, ¶3  (2021).¶",,,
GER,6(b)(i) Must the effect of a cyber operation to computer infrastructure require repair or replacement of physical components to qualify as damage?,Silent,,,,,
GER,6(c) Do only cyber operations generating significant physical effects within another State’s territory constitute a violation?,Silent,,,,,
GER,7 Can state cyber operations that cause a loss to computer functionality in another State’s territory constitute a violation of sovereignty as a rule?,Yes.,"Germany generally also concurs with the view expressed and discussed in the Tallinn Manual ¶2.0 that certain effects in form of functional impairments with regard to cyber ¶infrastructures located in a State’s territory may constitute a violation of a State’s territorial ¶sovereignty.18 In Germany’s view, this may also apply to certain substantial non-physical (i.e. ¶software-related) functional impairments. In such situations, an evaluation of all relevant ¶circumstances of the individual case will be necessary. If functional impairments result in ¶substantive secondary or indirect physical effects in the territory of the target State (and a ¶sufficient causal link to the cyber operation can be established), a violation of territorial ¶sovereignty will appear highly probable.","Germany on the Application of International Law in Cyberspace, pg.4, (2021).¶",,,
GER,7(a) Is the rule violated by a cyber operation generating any functionality losses within another state’s territory?,No.," “In any case, negligible physical effects and functional impairments below a certain impact threshold cannot – taken by themselves – be deemed to constitute a violation of territorial sovereignty.”¶","Germany on the Application of International Law in Cyberspace, pg.4, §II.a, ¶4 (2021).¶",,,
GER,7(b) Is the rule violated by a cyber operation generating significant functionality losses within another state’s territory?,Ambiguous ,"In Germany’s view, this may also apply to certain substantial non-physical (i.e. ¶software-related) functional impairments.","Germany on the Application of International Law in Cyberspace, pg.4, §II.a, ¶3 (2021).¶",,,
GER,7(c) Is the rule violated by a cyber operation generating systemic functionality losses within another state’s territory?,Silent,,¶,,,
GER,8. Can state cyber operations that interfere with another state’s “inherent governmental functions” constitute a violation of sovereignty as a rule?,Silent,,,,,
GER,9. Must there be proximate causation between the state cyber operation and the effects or interference prohibited by sovereignty as a rule?  ,Ambiguous. ,"“The benchmark for the application of the principle of distinction is the effect caused by a cyber attack, irrespective of whether it is exercised in an offensive or a defensive context.¶If functional impairments result in substantive secondary or indirect physical effects in the territory of the target State (and a sufficient causal link to the cyber operation can be established), a violation of territorial sovereignty will appear highly probable.”","Germany on the Application of International Law in Cyberspace, pg.9, §III.b(1), ¶2 (2021).¶¶¶¶","Germany references a necessary causal link between some effects and the cyber operation, but does not specify the type or degree of causal connection. ",,
GER,9(a) Must the state cyber operation generate prohibited effects directly?,No.,"“If functional impairments result in substantive secondary or indirect physical effects in the territory of the target State (and a sufficient causal link to the cyber operation can be established), a violation of territorial sovereignty will appear highly probable.”","Germany on the Application of International Law in Cyberspace, pg.4, §II.a, ¶3 (2021).¶¶",,,
GER,9(b) Do prohibited effects indirectly generated by a state cyber operation constitute a violation of sovereignty as a rule?,Ambiguous," “If functional impairments result in substantive secondary or indirect physical effects in the territory of the target State (and a sufficient causal link to the cyber operation can be established), a violation of territorial sovereignty will appear highly probable.”¶","Germany on the Application of International Law in Cyberspace, pg.4, §II.a, ¶3 (2021).¶",,,
GER,10. Can state cyber operations that deny access to or degrade data in the control of another State constitute a violation of sovereignty as a rule?,Silent,,,,,
GER,10(a) Do state sponsored ransomware operations violate the sovereignty of another State?,Silent,,,,,
GER,10(b) Can state cyber operations against data residing in cloud servers outside of a State’s territorial jurisdiction constitute a violation of sovereignty as a rule?,Silent,,,,,
GER,10(c) Does the exercise of one State’s law enforcement tools via cyber means in the networks or systems of another State’s territory violate the sovereignty of the latter State?,Ambiguous,"“Germany recognizes that due to the high degree of cross-border interconnectedness of cyber infrastructures, a State’s exercise of its jurisdiction may have unavoidable and immediate repercussions for the cyber infrastructure of other States. While this does not limit a State’s right to exercise its jurisdiction, due regard has to be given to potential adverse effects on third States.”","Germany on the Application of International Law in Cyberspace, pg.2-3, §II.a , ¶3-1 (2021).¶¶¶",,,
GER,11. Do State cyber operations that interfere at any level with critical infrastructure in another State constitute a violation of sovereignty as a rule?¶,Ambiguous,"“Generally, the fact that a piece of critical infrastructure (i.e. infrastructure which plays an indispensable role in ensuring the functioning of the State and its society) or a company of special public interest in the territory of a State has been affected may indicate that a State’s territorial sovereignty has been violated. However, this cannot in and of itself constitute a violation, inter alia because uniform international definitions of the terms do not yet exist.).”","Germany on the Application of International Law in Cyberspace, pg.4, §II.a, ¶5 (2021).¶",,,
GER,12. Can State cyber operations that cause significant national economic impacts for another State constitute a violation of sovereignty as a rule?,Silent,,,,,
GER,13. Does cyber espionage by one State in or transiting networks or hardware resident in another State constitute a violation of sovereignty as a rule?,Silent,,,,,
GER,13(a) Can gaining unauthorized access to computer systems or data within a State’s sovereign control violate the rules of sovereignty?¶,Silent,,,,,
GER,14. Are violations of sovereignty assessed on a case-by-case basis?,Ambiguous.,"In Germany’s view, this may also apply to certain substantial non-physical (i.e. ¶software-related) functional impairments. In such situations, an evaluation of all relevant ¶circumstances of the individual case will be necessary.","Germany on the Application of International Law in Cyberspace, pg.4, (2021).¶","Germany makes clear that for at least some cyber operations, whether a violation of sovereignty occurs is circumstance dependent.  It is unclear whether this qualification applies only to functionality losses, or more broadly to physical effects as well. ",,
GUY,1. Is sovereignty a foundational principle of the international legal order?,Silent,,,,,
GUY,2. Does sovereignty confer on states authority over cyber infrastructure located in their respective territories and over the actions they take with respect to that infrastructure?,Yes,¶ “States have a right to exercise their territorial jurisdiction over cyber activities within their territories.”¶¶“Cyber infrastructure located in areas covered by the territorial sovereignty is protected against interference by other States.”¶,"OAS Survey Response Submitted by Guyana, pg. 5, questions  8 and 9, ¶2(2019). EDIT",,,
GUY,"2(a) Does sovereignty encompass the right of a state to protect cyber infrastructure and safeguard cyber activity that is located in, or takes place on, its territory?",Ambiguous, ¶“States have a right to exercise their territorial jurisdiction over cyber activities within their territories.”¶¶ “Cyber infrastructure located in areas covered by the territorial sovereignty is protected against interference by other States.”¶,"OAS Survey Response Submitted by Guyana, pg. 5, questions 8 and 9, ¶1 (2019).¶",,,
GUY,2(b) Is the exercise of such sovereign authority subject to international human rights law and other fundamental freedoms?,Silent,,,,,
GUY,"3. Is sovereignty a stand-alone, primary rule of international law, the breach of which can incur international responsibility?",Yes,"“If a State’s sovereignty is violated, it amounts to a breach of international law.”","OAS Survey Response Submitted by Guyana, pg. 5, question 8, ¶1 (2019).",,,
GUY,3(a) Can violations of sovereignty not amounting to prohibited interventions constitute internationally wrongful acts?  ,Yes,"This protection is not limited to activities amounting to an unjustified use of force, to an armed attack, or to a prohibited intervention. ","OAS Survey Response Submitted by Guyana, pg. 5, question 8, ¶1 (2019).",,,
GUY,4. Does the State indicate how to identify a violation of any stand-alone sovereignty rule?,Yes ,“Whether a violation occurs depends on the degree of infringement and whether there has been an interference with Government functions.”,"OAS Survey Response Submitted by Guyana, pg. 5, question 8, ¶1 (2019).¶",,,
GUY,4(a) Is there a de minimis threshold below which a violation of sovereignty would not occur? ¶,Silent,,,,,
GUY,"5. Is it a violation of territorial sovereignty for an organ of a State, or others whose conduct is attributable to the State, to conduct non-consensual cyber operations while physically present on another State’s territory against that State or entities or persons on its territory?",Silent,,,,,
GUY,6. Can state cyber operations that cause physical effects in another state’s territory constitute a violation of sovereignty as a rule?,Silent,,,,,
GUY,6(a) Do any physical effects constitute a violation?,Silent,,,,,
GUY,"6(b) Must the effects involve physical damage to computer infrastructure or other tangible things, or injury to persons, to constitute a violation of sovereignty as a rule?",Silent,,,,,
GUY,6(b)(i) Must the effect of a cyber operation to computer infrastructure require repair or replacement of physical components to qualify as damage?,Silent,,,,,
GUY,6(c) Do only cyber operations generating significant physical effects within another State’s territory constitute a violation?,Silent,,,,,
GUY,7 Can state cyber operations that cause a loss to computer functionality in another State’s territory constitute a violation of sovereignty as a rule?,Silent,,,,,
GUY,7(a) Is the rule violated by a cyber operation generating any functionality losses within another state’s territory?,Silent,,,,,
GUY,7(b) Is the rule violated by a cyber operation generating significant functionality losses within another state’s territory?,Silent,,,,,
GUY,7(c) Is the rule violated by a cyber operation generating systemic functionality losses within another state’s territory?,Silent,,,,,
GUY,8. Can state cyber operations that interfere with another state’s “inherent governmental functions” constitute a violation of sovereignty as a rule?,Yes.,“Whether a violation occurs depends on the degree of infringement and whether there has been an interference with Government functions.”,"OAS Survey Response Submitted by Guyana, pg. 5, question 8, ¶1 (2019).",,,
GUY,9. Must there be proximate causation between the state cyber operation and the effects or interference prohibited by sovereignty as a rule?  ,Silent,,,,,
GUY,9(a) Must the state cyber operation generate prohibited effects directly?,Silent,,,,,
GUY,9(b) Do prohibited effects indirectly generated by a state cyber operation constitute a violation of sovereignty as a rule?,Silent,,,,,
GUY,10. Can state cyber operations that deny access to or degrade data in the control of another State constitute a violation of sovereignty as a rule?,Silent,,,,,
GUY,10(a) Can state sponsored ransomware operations violate the sovereignty of another State?,Silent,,,,,
GUY,10(b) Can state cyber operations against data residing in cloud servers outside of a State’s territorial jurisdiction constitute a violation of sovereignty as a rule?,Silent,,,,,
GUY,10(c) Does the exercise of one State’s law enforcement tools via cyber means in the networks or systems of another State’s territory violate the sovereignty of the latter State?,Silent,,,,,
GUY,11. Do State cyber operations that interfere at any level with critical infrastructure in another State constitute a violation of sovereignty as a rule?¶,Silent,,,,,
GUY,12. Can State cyber operations that cause significant national economic impacts for another State constitute a violation of sovereignty as a rule?,Silent,,,,,
GUY,13. Does cyber espionage by one State in or transiting networks or hardware resident in another State constitute a violation of sovereignty as a rule?,Silent,,,,,
GUY,13(a) Can gaining unauthorized access to computer systems or data within a State’s sovereign control violate the rules of sovereignty?,Silent,,,,,
GUY,14. Are violations of sovereignty assessed on a case-by-case basis?,Ambiguous,“Whether a violation occurs depends on the degree of infringement and whether there has been an interference with government functions “,"OAS Survey Response Submitted by Guyana, pg. 5, question 8, ¶1 (2019).",,,
GTM,1. Is sovereignty a foundational principle of the international legal order?,Silent,,,,,
GTM,2. Does sovereignty confer on states authority over cyber infrastructure located in their respective territories and over the actions they take with respect to that infrastructure?,Silent.,,,,,
GTM,"2(a). Does sovereignty encompass the right of a state to protect cyber infrastructure and safeguard cyber activity that is located in, or takes place on, its territory?",Silent.,,¶,,,
GTM,2(b) Is the exercise of such sovereign authority subject to international human rights law and other fundamental freedoms?,Yes.,"Yes: the current fields of international law apply to the existing proposals and draft legislation, together with the strategies and policies related to national cybersecurity, including the prohibition of the use of force, the right of legitimate defense, international humanitarian law, and human rights.”","OAS Survey Response Submitted by Guatemala, pg. 2-3, question 2, ¶6-1 (2019).¶",,,
GTM,"3. Is sovereignty a stand-alone, primary rule of international law, the breach of which can incur international responsibility?",Ambiguous,"“Consequently, a State participating in a specific cyber operations violates a country’s sovereignty if, in the course of a cyber attack, it takes certain information from another State’s cyber realm, even when no harm that could affect equipment or the human rights of a person or persons is caused.”","OAS Survey Response Submitted by Guatemala, pg. 4, question 8, ¶7 (2019).¶¶",,,
GTM,3(a) Can violations of sovereignty not amounting to prohibited interventions constitute internationally wrongful acts?  ,Silent.,,,,,
GTM,4. Does the State indicate how to identify a violation of any stand-alone sovereignty rule?,Silent.,,,,,
GTM,4(a) Is there a de minimis threshold below which a violation of sovereignty would not occur?,Silent,,,,,
GTM,"5. Is it a violation of territorial sovereignty for an organ of a State, or others whose conduct is attributable to the State, to conduct non-consensual cyber operations while physically present on another State’s territory against that State or entities or persons on its territory?",Silent.,,,,,
GTM,6. Can state cyber operations that cause physical effects in another state’s territory constitute a violation of sovereignty as a rule?,Silent,,¶,,,
GTM,6(a) Do any physical effects constitute a violation?,Silent,,,,,
GTM,"6(b) Must the effects involve physical damage to computer infrastructure or other tangible things, or injury to persons, to constitute a violation of sovereignty as a rule?",Silent,,,,,
GTM,6(b)(i) Must the effect of a cyber operation to computer infrastructure require repair or replacement of physical components to qualify as damage?,Silent.,,,,,
GTM,6(c) Do only cyber operations generating significant physical effects within another State’s territory constitute a violation?,Silent.,,,,,
GTM,7 Can state cyber operations that cause a loss to computer functionality in another State’s territory constitute a violation of sovereignty as a rule?,Silent. ,,,,,
GTM,7(a) Is the rule violated by a cyber operation generating any functionality losses within another state’s territory?,Silent,,,,,
GTM,7(b) Is the rule violated by a cyber operation generating significant functionality losses within another state’s territory?,Silent.,,,,,
GTM,7(c) Is the rule violated by a cyber operation generating systemic functionality losses within another state’s territory?,Silent.,,,,,
GTM,8. Can state cyber operations that interfere with another state’s “inherent governmental functions” constitute a violation of sovereignty as a rule?,Silent.,,,,,
GTM,9. Must there be proximate causation between the state cyber operation and the effects or interference prohibited by sovereignty as a rule?  ,Silent,,,,,
GTM,9(a) Must the state cyber operation generate prohibited effects directly?,Silent.,,,,,
GTM,9(b) Do prohibited effects indirectly generated by a state cyber operation constitute a violation of sovereignty as a rule?,Silent.,,,,,
GTM,10. Can state cyber operations that deny access to or degrade data in the control of another State constitute a violation of sovereignty as a rule?,Silent.,,,,,
GTM,10(a) Do state sponsored ransomware operations violate the sovereignty of another State?,Silent,,,,,
GTM,10(b) Can state cyber operations against data residing in cloud servers outside of a State’s territorial jurisdiction constitute a violation of sovereignty as a rule?,Silent,,,,,
GTM,10(c) Does the exercise of one State’s law enforcement tools via cyber means in the networks or systems of another State’s territory violate the sovereignty of the latter State?,Silent,,,,,
GTM,11. Do State cyber operations that interfere at any level with critical infrastructure in another State constitute a violation of sovereignty as a rule?¶,Silent,,,,,
GTM,12. Can State cyber operations that cause significant national economic impacts for another State constitute a violation of sovereignty as a rule?,Silent,,,,,
GTM,13. Does cyber espionage by one State in or transiting networks or hardware resident in another State constitute a violation of sovereignty as a rule?,Silent,,,,,
GTM,13(a) Can gaining unauthorized access to computer systems or data within a State’s sovereign control violate the rules of sovereignty?,Silent,,,,,
GTM,14. Are violations of sovereignty assessed on a case-by-case basis?,Silent,,,,,
IRN,1. Is sovereignty a foundational principle of the international legal order?,Silent,,,,,
IRN,2. Does sovereignty confer on states authority over cyber infrastructure located in their respective territories and over the actions they take with respect to that infrastructure?,Yes.,"“According to the armed forces of the Islamic Republic of Iran, the territorial sovereignty and jurisdiction of the states are also extended to all elements of the cyberspace.”","Iran on International Law and Cyberspace, pg. 2, Article II, ¶2 (2020)",,,
IRN,"2(a) Does sovereignty encompass the right of a state to protect cyber infrastructure and safeguard cyber activity that is located in, or takes place on, its territory?",Yes.,"“The Islamic Republic of Iran has developed its sovereignty fields consistent with necessary capabilities for protection of its strategic military, economic, social, cultural, and political authority. In doing so, the development of expertise and advanced cyber tools for active and deterrent cyber-defense is, among others, one of the significant priorities for the protection of the strategic authority of the state.”","Iran on International Law and Cyberspace, ,  pg. 2, Article II, ¶1 (2020)",,,
IRN,2(b) Is the exercise of such sovereign authority subject to international human rights law and other fundamental freedoms?,Silent,,,,,
IRN,"3. Is sovereignty a stand-alone, primary rule of international law, the breach of which can incur international responsibility?",Ambiguous," “Any utilization of cyberspace if and when involves unlawful intrusion to the (public or private) cyber structures which is under the control of another state, may be constituted as the violation of the sovereignty of the targeted state.”","Iran on International Law and Cyberspace, pg. 2, Article II, ¶4 (2020)","Note: The title references “sovereignty policies” and also emphasizes articulation of sovereignty via other rules, so it is not clear if it’s a stand-alone rule, making follow-on question responses all ambiguous as well.",,
IRN,3(a) Can violations of sovereignty not amounting to prohibited interventions constitute internationally wrongful acts?  ,Ambiguous,"“Any utilization of cyberspace if and when involves unlawful intrusion to the (public or private) cyber structures which is under the control of another state, may be constituted as the violation of the sovereignty of the targeted state.”","Iran on International Law and Cyberspace, pg. 2, Article II, ¶4 (2020)¶",,,
IRN,4. Does the State indicate how to identify a violation of any stand-alone sovereignty rule?,Silent, ,,,,
IRN,4(a) Is there a de minimis threshold below which a violation of sovereignty would not occur?,Silent,,,,,
IRN,"5. Is it a violation of territorial sovereignty for an organ of a State, or others whose conduct is attributable to the State, to conduct non-consensual cyber operations while physically present on another State’s territory against that State or entities or persons on its territory?",Silent,,,,,
IRN,6. Can state cyber operations that cause physical effects in another state’s territory constitute a violation of sovereignty as a rule?,Ambiguous,"“Any intentional use of cyber-force with tangible or non-tangible implications which is or can be a threat to the national security or may, due to political, economic, social, and cultural destabilization, result in destabilization of national security constitutes a violation of the sovereignty of the state.”","Iran on International Law and Cyberspace, pg. 2, Article II, ¶3 (2020)",,,
IRN,6(a) Do any physical effects constitute a violation?,Ambiguous," “Any intentional use of cyber-force with tangible or non-tangible implications which is or can be a threat to the national security or may, due to political, economic, social, and cultural destabilization, result in destabilization of national security constitutes a violation of the sovereignty of the state.”¶","¶Iran on International Law and Cyberspace, pg. 2, Article II, ¶3 (2020)",,,
IRN,"6(b) Must the effects involve physical damage to computer infrastructure or other tangible things, or injury to persons, to constitute a violation of sovereignty as a rule?",Ambiguous," “Any intentional use of cyber-force with tangible or non-tangible implications which is or can be a threat to the national security or may, due to political, economic, social, and cultural destabilization, result in destabilization of national security constitutes a violation of the sovereignty of the state.”¶","¶Iran on International Law and Cyberspace, pg. 2, Article II, ¶3 (2020)",,,
IRN,6(b)(i) Must the effect of a cyber operation to computer infrastructure require repair or replacement of physical components to qualify as damage?,Ambiguous," “Any intentional use of cyber-force with tangible or non-tangible implications which is or can be a threat to the national security or may, due to political, economic, social, and cultural destabilization, result in destabilization of national security constitutes a violation of the sovereignty of the state.”¶","Iran on International Law and Cyberspace, pg. 2, Article II, ¶3 (2020)",,,
IRN,6(c) Do only cyber operations generating significant physical effects within another State’s territory constitute a violation?,¶Ambiguous," “Any intentional use of cyber-force with tangible or non-tangible implications which is or can be a threat to the national security or may, due to political, economic, social, and cultural destabilization, result in destabilization of national security constitutes a violation of the sovereignty of the state.”¶","¶Iran on International Law and Cyberspace, pg. 2, Article II, ¶3 (2020)",,,
IRN,7 Can state cyber operations that cause a loss to computer functionality in another State’s territory constitute a violation of sovereignty as a rule?,Silent,,,,,
IRN,7(a) Is the rule violated by a cyber operation generating any functionality losses within another state’s territory?,Silent,,,,,
IRN,7(b) Is the rule violated by a cyber operation generating significant functionality losses within another state’s territory?,Silent,,,,,
IRN,7(c) Is the rule violated by a cyber operation generating systemic functionality losses within another state’s territory?,Silent,,,,,
IRN,8. Can state cyber operations that interfere with another state’s “inherent governmental functions” constitute a violation of sovereignty as a rule?,Silent,,,,,
IRN,9. Must there be proximate causation between the state cyber operation and the effects or interference prohibited by sovereignty as a rule?  ,Silent,,,,,
IRN,9(a) Must the state cyber operation generate prohibited effects directly?,Silent,,,,,
IRN,9(b) Do prohibited effects indirectly generated by a state cyber operation constitute a violation of sovereignty as a rule?,Silent,,,,,
IRN,10. Can state cyber operations that deny access to or degrade data in the control of another State constitute a violation of sovereignty as a rule?,Silent,,,,,
IRN,10(a) Do state sponsored ransomware operations violate the sovereignty of another State?,Silent,,,,,
IRN,10(b) Can state cyber operations against data residing in cloud servers outside of a State’s territorial jurisdiction constitute a violation of sovereignty as a rule?,Silent,,,,,
IRN,10(c) Does the exercise of one State’s law enforcement tools via cyber means in the networks or systems of another State’s territory violate the sovereignty of the latter State?,Silent,,,,,
IRN,11. Do State cyber operations that interfere at any level with critical infrastructure in another State constitute a violation of sovereignty as a rule?¶,Silent , ,,,,
IRN,12. Can State cyber operations that cause significant national economic impacts for another State constitute a violation of sovereignty as a rule?,Silent,,¶,,,
IRN,13. Does cyber espionage by one State in or transiting networks or hardware resident in another State constitute a violation of sovereignty as a rule?,Silent,,,,,
IRN,13a. Can gaining unauthorized access to computer systems or data within a State’s sovereign control violate the rules of sovereignty?,Ambiguous ,"“Unlawful intrusion to the (public or private) cyber structures which is under the control of another state, may be constituted as the violation of the sovereignty of the targeted state.”","Iran on International Law and Cyberspace, pg. 2-3, Article II, ¶1 (2020)¶",,,
IRN,14. Are violations of sovereignty assessed on a case-by-case basis?,Silent,,,,,
IRL,1. Is sovereignty a foundational principle of the international legal order?,Yes,State sovereignty and international norms and principles that flow from sovereignty¶apply to the conduct by states of ICT-related activities and to their jurisdiction over ICT infrastructure within their territory.,"Ireland Position Paper on the Application of International Law in Cyberspace, pg. 1, ¶4 (2023).¶",,,
IRL,2.  Does sovereignty confer on states authority over cyber infrastructure located in their respective territories and over the actions they take with respect to that infrastructure?,Yes.,"State sovereignty and international norms and principles that flow from sovereignty apply to the conduct by states of ICT-related activities and to their jurisdiction over ICT infrastructure within their territory. The principle of state sovereignty encompasses the concepts of territorial integrity and territorial authority, the independence of state powers, and the equality of states in the international order. A state enjoys a right to exercise jurisdiction in terms of regulation, adjudication and enforcement in relation to cyber infrastructure as well as persons engaging in cyber activities on its territory. A state may also be entitled, in limited circumstances, to exercise extraterritorial jurisdiction in accordance with international law.","¶Ireland Position Paper on the Application of International Law in Cyberspace, pg. 1, ¶4 (2023).¶",,,
IRL,"2(a). Does sovereignty encompass the right of a state to protect cyber infrastructure and safeguard cyber activity that is located in, or takes place on, its territory?¶",Ambiguous ,"A state enjoys a right to exercise jurisdiction in terms of regulation, adjudication and enforcement in relation to cyber infrastructure as well as persons engaging in cyber activities on its territory.","Ireland Position Paper on the Application of International Law in Cyberspace, pg. 1, ¶4 (2023).¶",,,
IRL,2(b) Is the exercise of such sovereign authority subject to international human rights law and other fundamental freedoms?,Yes.,"Ireland considers an open, stable, accessible and safe internet to be an essential foundation for the protection of international human rights law in cyberspace. Any restrictions imposed by states on human rights in a cyber context must fall within parameters recognized as permissible under international human rights law. State sovereignty cannot be relied on as a guise for censoring free internet or otherwise impinging on applicable human rights. Any exercise of state sovereignty must be consistent with international human rights law.¶¶Sovereignty may not be relied on to justify a state’s non-compliance with applicable obligations under international law. Ireland notes with regret that sovereignty has at times been relied on by some states as justification for cyber measures and/or restrictions within their jurisdiction – such as cyber surveillance or censorship – which compromise human rights, in particular the right to freedom of expression, freedom of thought, conscience and religion, and the right to privacy.","¶Ireland Position Paper on the Application of International Law in Cyberspace, pg. 8, ¶34 (2023).¶¶¶¶¶¶¶¶¶¶¶¶¶Ireland Position Paper on the Application of International Law in Cyberspace, pg. 2, ¶7 (2023).",,,
IRL,"3. Is sovereignty a stand-alone, primary rule of international law, the breach of which can incur international responsibility?",Yes,"In line with the stated position of many other states, Ireland considers that respect for sovereignty is an obligation in its own right. A violation of state sovereignty by way of cyber activities is capable of amounting to an internationally wrongful act and triggering state responsibility, even if such a violation falls short of the threshold of non-intervention or the use of force. ","¶¶Ireland Position Paper on the Application of International Law in Cyberspace,  pg. 1, ¶5 (2023).¶¶",,,
IRL,3(a) Can violations of sovereignty not amounting to prohibited interventions constitute internationally wrongful acts?  ,Yes,"In line with the stated position of many other states, Ireland considers that respect for sovereignty is an obligation in its own right. A violation of state sovereignty by way of cyber activities is capable of amounting to an internationally wrongful act and triggering state responsibility, even if such a violation falls short of the threshold of non-intervention or the use of force. ",".¶Ireland Position Paper on the Application of International Law in Cyberspace,  pg. 1, ¶5 (2023).¶¶",,,
IRL,4. Does the State indicate how to identify a violation of any stand-alone sovereignty rule?,Yes,"A violation of a state’s sovereignty may arise where a cyber-operation attributable to another state causes physical damage to ICT or other infrastructure (whether or not in state ownership or control), functional impairment to such infrastructure, interference with data, and/or secondary effects. The nature and consequences of a cyber-operation are relevant to determining whether a violation has occurred in any given case. ","¶Ireland Position Paper on the Application of International Law in Cyberspace,  pg. 2, ¶6 (2023).¶¶¶",,,
IRL,4(a) Is there a de minimis threshold below which a violation of sovereignty would not occur?,Silent,,,,,
IRL,"5. Is it a violation of territorial sovereignty for an organ of a State, or others whose conduct is attributable to the State, to conduct non-consensual cyber operations while physically present on another State’s territory against that State or entities or persons on its territory?",Silent,,,,,
IRL,6. Can state cyber operations that cause physical effects in another state’s territory constitute a violation of sovereignty as a rule?,Yes. ,"A violation of a state’s sovereignty may arise where a cyber-operation attributable to another state causes physical damage to ICT or other infrastructure (whether or not in state ownership or control), functional impairment to such infrastructure, interference with data, and/or secondary effects.","¶Ireland Position Paper on the Application of International Law in Cyberspace,  pg. 2, ¶6 (2023).¶¶",,,
IRL,6(a) Do any physical effects constitute a violation?,Ambiguous,"A violation of a state’s sovereignty may arise where a cyber-operation attributable to another state causes physical damage to ICT or other infrastructure (whether or not in state ownership or control), functional impairment to such infrastructure, interference with data, and/or secondary effects. The nature and consequences of a cyber-operation are relevant to determining whether a violation has occurred in any given case.","Ireland Position Paper on the Application of International Law in Cyberspace,  pg. 2, ¶6 (2023).¶",The physical effects are considered on a case-by-case basis which is why this would be an ambiguous standard.,,
IRL,"6(b) Must the effects involve physical damage to computer infrastructure or other tangible things, or injury to persons, to constitute a violation of sovereignty as a rule?",¶No,"A violation of a state’s sovereignty may arise where a cyber-operation attributable to another state causes physical damage to ICT or other infrastructure (whether or not in state ownership or control), functional impairment to such infrastructure, interference with data, and/or secondary effects. The nature and consequences of a cyber-operation are relevant to determining whether a violation has occurred in any given case.","Ireland Position Paper on the Application of International Law in Cyberspace,  pg. 2, ¶6 (2023).¶",,,
IRL,6(b)(i) Must the effect of a cyber operation to computer infrastructure require repair or replacement of physical components to qualify as damage?,Silent.,,,,,
IRL,6(c) Do only cyber operations generating significant physical effects within another State’s territory constitute a violation?,No. ,"A violation of a state’s sovereignty may arise where a cyber-operation attributable to another state causes physical damage to ICT or other infrastructure (whether or not in state ownership or control), functional impairment to such infrastructure, interference with data, and/or secondary effects. The nature and consequences of a cyber-operation are relevant to determining whether a violation has occurred in any given case.","Ireland Position Paper on the Application of International Law in Cyberspace,  pg. 2, ¶6 (2023).¶",,,
IRL,7. Can state cyber operations that cause a loss to computer functionality in another State’s territory constitute a violation of sovereignty as a rule?,Yes.,"A violation of a state’s sovereignty may arise where a cyber-operation attributable to another state causes physical damage to ICT or other infrastructure (whether or not in state ownership or control), functional impairment to such infrastructure, interference with data, and/or secondary effects. ","Ireland Position Paper on the Application of International Law in Cyberspace,  pg. 2, ¶6 (2023).¶",,,
IRL,7(a) Is the rule violated by a cyber operation generating any functionality losses within another state’s territory?,Ambiguous,"A violation of a state’s sovereignty may arise where a cyber-operation attributable to another state causes physical damage to ICT or other infrastructure (whether or not in state ownership or control), functional impairment to such infrastructure, interference with data, and/or secondary effects.","Ireland Position Paper on the Application of International Law in Cyberspace,  pg. 2, ¶6 (2023).¶",,,
IRL,7(b) Is the rule violated by a cyber operation generating significant functionality losses within another state’s territory?,Silent,,,,,
IRL,7(c) Is the rule violated by a cyber operation generating systemic functionality losses within another state’s territory?,Silent ,,¶,,,
IRL,8. Can state cyber operations that interfere with another state’s “inherent governmental functions” constitute a violation of sovereignty as a rule?,Silent,,¶,,,
IRL,9. Must there be proximate causation between the state cyber operation and the effects or interference prohibited by sovereignty as a rule?  ,Silent,,,,,
IRL,9(a) Must the state cyber operation generate prohibited effects directly?,Silent,,,,,
IRL,9(b) Do prohibited effects indirectly generated by a state cyber operation constitute a violation of sovereignty as a rule?,Ambiguous,"A violation of a state’s sovereignty may arise where a cyber-operation attributable to another state causes physical damage to ICT or other infrastructure (whether or not in state ownership or control), functional impairment to such infrastructure, interference with data, and/or secondary effects. ","Ireland Position Paper on the Application of International Law in Cyberspace,  pg. 2, ¶6 (2023).¶",,,
IRL,10. Can state cyber operations that deny access to or degrade data in the control of another State constitute a violation of sovereignty as a rule?,Yes. ,"A violation of a state’s sovereignty may arise where a cyber-operation attributable to another state causes physical damage to ICT or other infrastructure (whether or not in state ownership or control), functional impairment to such infrastructure, interference with data, and/or secondary effects. ","Ireland Position Paper on the Application of International Law in Cyberspace,  pg. 2, ¶6 (2023).¶",,,
IRL,10(a) Do state sponsored ransomware operations violate the sovereignty of another State?,Silent,,,,,
IRL,10(b) Can state cyber operations against data residing in cloud servers outside of a State’s territorial jurisdiction constitute a violation of sovereignty as a rule?,Silent,,,,,
IRL,10(c) Does the exercise of one State’s law enforcement tools via cyber means in the networks or systems of another State’s territory violate the sovereignty of the latter State?,Silent,,,,,
IRL,11. Do State cyber operations that interfere at any level with critical infrastructure in another State constitute a violation of sovereignty as a rule?¶,Ambiguous,"A violation of a state’s sovereignty may arise where a cyber-operation attributable to another state causes physical damage to ICT or other infrastructure (whether or not in state ownership or control), functional impairment to such infrastructure, interference with data, and/or secondary effects.","Ireland Position Paper on the Application of International Law in Cyberspace,  pg. 2, ¶6 (2023).¶",,,
IRL,12. Can State cyber operations that cause significant national economic impacts for another State constitute a violation of sovereignty as a rule?,Silent,,,,,
IRL,13. Does cyber espionage by one State in or transiting networks or hardware resident in another State constitute a violation of sovereignty as a rule?,Silent,,,,,
IRL,13a. Can gaining unauthorized access to computer systems or data within a State’s sovereign control violate the rules of sovereignty?,Silent,,,,,
IRL,14. Are violations of sovereignty assessed on a case-by-case basis?,Yes ,The nature and consequences of a cyber-operation are relevant to determining whether a violation has occurred in any given case.,"Ireland Position Paper on the Application of International Law in Cyberspace,  pg. 2, ¶6 (2023).¶",,,
ISR,1.  Is sovereignty a foundational principle of the international legal order?,Yes,The first is that sovereignty is a cornerstone of international law and international relations.,"Israel’s perspective on Key Legal and Practical issues Concerning the Application of International Law to Cyber Operations, pg. 402, ¶3 (2021)",,,
ISR,2. Does sovereignty confer on states authority over cyber infrastructure located in their respective territories and over the actions they take with respect to that infrastructure?,Silent ,,,"Note: Israel is firm that States have sovereign interests to protecting cyber infrastructure and activity on its territory, but it is not clear if that interest constitutes authority or a right",,
ISR,"2(a). Does sovereignty encompass the right of a state to protect cyber infrastructure and safeguard cyber activity that is located in, or takes place on, its territory?",Silent,Err:501,,,,
ISR,2(b) Is the exercise of such sovereign authority subject to international human rights law and other fundamental freedoms?,Silent,,,,,
ISR,"3. Is sovereignty a stand-alone, primary rule of international law, the breach of which can incur international responsibility?",Ambiguous ,"To begin with, there are diverging views regarding whether sovereignty is merely a principle, from ¶which legal rules are derived, or a binding rule of international law in itself, ¶the violation of which could be considered an internationally wrongful act.  This issue has many facets, and while I will not offer any definitive position ¶for the time being, I would like to stress a number of important points¶¶The first is that sovereignty is a cornerstone of international law and international relations. Of course, we need to distinguish, in this regard, between sovereignty, which is typically used as a general concept that connotes ¶independence, and “territorial sovereignty,” which is an international legal rule. States will sometimes point to the need to protect their sovereignty, ¶referring broadly to their political will and autonomy, without necessarily referring to a legal rule. The two meanings are sometimes conflated, and we ¶need to be very careful when drawing legal conclusions.¶¶States occasionally do conduct cyber activities that transit through, and target, networks and computers located in other ¶States, for example for national defense, cybersecurity, or law enforcement ¶purposes. Under existing international law, it is not clear whether these types ¶of actions are violations of the rule of territorial sovereignty, or perhaps that ¶our understanding of territorial sovereignty in cyberspace is substantively ¶different from its meaning in the physical world","¶Israel’s perspective on Key Legal and Practical issues Concerning the Application of International Law to Cyber Operations, pg. 402-03, ¶2-5 (2021)¶","Does say territorial sovereignty is an international legal rule, but doesn’t take a position on whether that translates into a rule for cyberspace ",,
ISR,3(a) Can violations of sovereignty not amounting to prohibited interventions constitute internationally wrongful acts?  ,Ambiguous,"The fact that a cyber operation is not an attack does not mean that has no legal limitations apply thereto¶¶¶Under existing international law, it is not clear whether these types of actions are violations of the rule of territorial sovereignty, or perhaps that our understanding of territorial sovereignty in cyberspace is substantively different from its meaning in the physical world.","Israel’s perspective on Key Legal and Practical issues Concerning the Application of International Law to Cyber Operations, pg. 401, ¶2 (2021)¶¶Israel’s perspective on Key Legal and Practical issues Concerning the Application of International Law to Cyber Operations, pg. 403, ¶2 (2021)¶",Does not directly pertain to violations on sovereignty ,,
ISR,4. Does the State indicate how to identify a violation of any stand-alone sovereignty rule?,Silent,,,,,
ISR,4(a) Is there a de minimis threshold below which a violation of sovereignty would not occur?,Silent,,,,,
ISR,"5. Is it a violation of territorial sovereignty for an organ of a State, or others whose conduct is attributable to the State, to conduct non-consensual cyber operations while physically present on another State’s territory against that State or entities or persons on its territory?",Silent,,,,,
ISR,6. Can state cyber operations that cause physical effects in another state’s territory constitute a violation of sovereignty as a rule?,Silent,,,,,
ISR,6(a) Do any physical effects constitute a violation?,Silent ,,,,,
ISR,"6(b) Must the effects involve physical damage to computer infrastructure or other tangible things, or injury to persons, to constitute a violation of sovereignty as a rule?",Silent,,,,,
ISR,6(b)(i) Must the effect of a cyber operation to computer infrastructure require repair or replacement of physical components to qualify as damage?,Silent,,,,,
ISR,6(c) Do only cyber operations generating significant physical effects within another State’s territory constitute a violation?,Silent,,,,,
ISR,7 Can state cyber operations that cause a loss to computer functionality in another State’s territory constitute a violation of sovereignty as a rule?,Silent,,,,,
ISR,7(a) Is the rule violated by a cyber operation generating any functionality losses within another state’s territory?,Silent,,,,,
ISR,7(b) Is the rule violated by a cyber operation generating significant functionality losses within another state’s territory?,Silent,,,,,
ISR,7(c) Is the rule violated by a cyber operation generating systemic functionality losses within another state’s territory?,Silent,,,,,
ISR,8. Can state cyber operations that interfere with another state’s “inherent governmental functions” constitute a violation of sovereignty as a rule?,Silent,,,,,
ISR,9. Must there be proximate causation between the state cyber operation and the effects or interference prohibited by sovereignty as a rule?  ,Silent,,,,,
ISR,9(a) Must the state cyber operation generate prohibited effects directly?,Silent,,,,,
ISR,9(b) Do prohibited effects indirectly generated by a state cyber operation constitute a violation of sovereignty as a rule?,Silent,,,,,
ISR,10. Can state cyber operations that deny access to or degrade data in the control of another State constitute a violation of sovereignty as a rule?,Silent,,,,,
ISR,10(a) Do state sponsored ransomware operations violate the sovereignty of another State?,Silent,,,,,
ISR,10(b) Can state cyber operations against data residing in cloud servers outside of a State’s territorial jurisdiction constitute a violation of sovereignty as a rule?,Silent,,,,,
ISR,10(c) Does the exercise of one State’s law enforcement tools via cyber means in the networks or systems of another State’s territory violate the sovereignty of the latter State?,Silent,,,,,
ISR,11. Do State cyber operations that interfere at any level with critical infrastructure in another State constitute a violation of sovereignty as a rule?¶,Silent,,,,,
ISR,12. Can State cyber operations that cause significant national economic impacts for another State constitute a violation of sovereignty as a rule?,Silent,,,,,
ISR,13. Does cyber espionage by one State in or transiting networks or hardware resident in another State constitute a violation of sovereignty as a rule?,Silent,,,,,
ISR,13a. Can gaining unauthorized access to computer systems or data within a State’s sovereign control violate the rules of sovereignty?,Silent,,,,,
ISR,14. Are violations of sovereignty assessed on a case-by-case basis?,Silent,,,,,
ITA,1.  Is sovereignty a foundational principle of the international legal order?,Yes,"Italy attaches fundamental importance to the application of the principle of sovereignty to cyberspace, including its ancillary rules, such as the right to internal self-determination. Italy considers that both the internal and external aspects of sovereignty apply in cyberspace. The principle of sovereignty is a primary rule of international law, the violation of which amounts to an internationally wrongful act.","Italian position paper on International Law and Cyberspace, pg. 4 (2021)",,,
ITA,2. Does sovereignty confer on states authority over cyber infrastructure located in their respective territories and over the actions they take with respect to that infrastructure?,Yes ,"Each State’s exclusive jurisdiction over the physical, social and logical layers of cyberspace located on its territory may be exercised within the limits imposed by international law, including international obligations deriving from diplomatic privileges and immunities and those arising from human rights obligations","Italian position paper on International Law and Cyberspace, pg. 4 (2021)",,,
ITA,"2(a). Does sovereignty encompass the right of a state to protect cyber infrastructure and safeguard cyber activity that is located in, or takes place on, its territory?",Silent, ,,,,
ITA,2(b) Is the exercise of such sovereign authority subject to international human rights law and other fundamental freedoms?,Yes,"Each State’s exclusive jurisdiction over the physical, social and logical layers of cyberspace located on its territory may be exercised within the limits imposed by international law, including international obligations deriving from diplomatic privileges and immunities and those arising from human rights obligations","Italian position paper on International Law and Cyberspace, pg. 4 (2021)¶",,,
ITA,"3. Is sovereignty a stand-alone, primary rule of international law, the breach of which can incur international responsibility?",Yes ,"The principle of sovereignty is a primary rule of international law, the violation of which amounts to an internationally wrongful act","Italian position paper on International Law and Cyberspace, pg. 4 (2021)¶",,,
ITA,3(a) Can violations of sovereignty not amounting to prohibited interventions constitute internationally wrongful acts?  ,Yes,"The principle of sovereignty is a primary rule of international law, the violation of which amounts to an internationally wrongful act¶","Italian position paper on International Law and Cyberspace, pg. 8 (2021)¶",,,
ITA,4. Does the State indicate how to identify a violation of any stand-alone sovereignty rule?,Silent,,,,,
ITA,4(a) Is there a de minimis threshold below which a violation of sovereignty would not occur?,Silent,,,,,
ITA,"5. Is it a violation of territorial sovereignty for an organ of a State, or others whose conduct is attributable to the State, to conduct non-consensual cyber operations while physically present on another State’s territory against that State or entities or persons on its territory?",Ambiguous ,"Italy finds that, according to the same principle, a State may not conduct cyber operations from the territory of another State without its express authorization","Italian position paper on International Law and Cyberspace, pg. 4 (2021)¶",,,
ITA,6. Can state cyber operations that cause physical effects in another state’s territory constitute a violation of sovereignty as a rule?,Ambiguous,"Italy considers that the principle in question prohibits a State from conducting cyber operations, which produce harmful effects on the territory of another State, irrespective of the physical location of the perpetrator","Italian position paper on International Law and Cyberspace, pg. 4 (2021)¶",Harmful is undefined so it could (or could not) be a reference to physical effects,,
ITA,6(a) Do any physical effects constitute a violation?,Silent,,,,,
ITA,"6(b) Must the effects involve physical damage to computer infrastructure or other tangible things, or injury to persons, to constitute a violation of sovereignty as a rule?",Silent,,¶¶¶¶¶¶¶¶¶¶,,,
ITA,6(b)(i) Must the effect of a cyber operation to computer infrastructure require repair or replacement of physical components to qualify as damage?,Silent,,,,,
ITA,6(c) Do only cyber operations generating significant physical effects within another State’s territory constitute a violation?, Silent,,,,,
ITA,7 Can state cyber operations that cause a loss to computer functionality in another State’s territory constitute a violation of sovereignty as a rule?,Silent,,,,,
ITA,7(a) Is the rule violated by a cyber operation generating any functionality losses within another state’s territory?,Silent,,,,,
ITA,7(b) Is the rule violated by a cyber operation generating significant functionality losses within another state’s territory?,Silent,,,,,
ITA,7(c) Is the rule violated by a cyber operation generating systemic functionality losses within another state’s territory?, Silent,,,,,
ITA,8. Can state cyber operations that interfere with another state’s “inherent governmental functions” constitute a violation of sovereignty as a rule?,Silent,,,,,
ITA,9. Must there be proximate causation between the state cyber operation and the effects or interference prohibited by sovereignty as a rule?  , Silent,,,,,
ITA,9(a) Must the state cyber operation generate prohibited effects directly?,Silent,,,,,
ITA,9(b) Do prohibited effects indirectly generated by a state cyber operation constitute a violation of sovereignty as a rule?, Silent,,,,,
ITA,10. Can state cyber operations that deny access to or degrade data in the control of another State constitute a violation of sovereignty as a rule?, Silent,,,,,
ITA,10(a) Do state sponsored ransomware operations violate the sovereignty of another State?,Silent,,,,,
ITA,10(b) Can state cyber operations against data residing in cloud servers outside of a State’s territorial jurisdiction constitute a violation of sovereignty as a rule?, Silent,,,,,
ITA,10(c) Does the exercise of one State’s law enforcement tools via cyber means in the networks or systems of another State’s territory violate the sovereignty of the latter State?,Silent ,,,,,
ITA,11. Do State cyber operations that interfere at any level with critical infrastructure in another State constitute a violation of sovereignty as a rule?¶,Silent,,,,,
ITA,12. Can State cyber operations that cause significant national economic impacts for another State constitute a violation of sovereignty as a rule?, Silent,,,,,
ITA,13. Does cyber espionage by one State in or transiting networks or hardware resident in another State constitute a violation of sovereignty as a rule?, Silent,,,,,
ITA,13a. Can gaining unauthorized access to computer systems or data within a State’s sovereign control violate the rules of sovereignty?,Silent,,,,,
ITA,14. Are violations of sovereignty assessed on a case-by-case basis?,Ambiguous,Responses to violations of sovereignty should be assessed on a case-by-case basis taking into account the nature and consequences of each violation,"Italian position paper on International Law and Cyberspace, pg. 4 (2021)¶",Note: only talks about case-by-case for responses to violations,,
JPN,1.  Is sovereignty a foundational principle of the international legal order?,¶Yes,"... [I[t can be presumed that, in some cases, a violation of sovereignty constitutes a violation of international law even when it does not fall within the scope of unlawful intervention.¶","Basic Position of the Government of Japan on International Law Applicable to Cyber Operations, p. 3-4, point 2 (2021)",An affirmative answer can be inferred from the Statement. ,,
JPN,2. Does sovereignty confer on states authority over cyber infrastructure located in their respective territories and over the actions they take with respect to that infrastructure?,Silent,,,,,
JPN,"2(a) Does sovereignty encompass the right of a state to protect cyber infrastructure and safeguard cyber activity that is located in, or takes place on, its territory?",Silent ,,,,,
JPN,2(b) Is the exercise of such sovereign authority subject to international human rights law and other fundamental freedoms?,Yes,"Pursuant to international human rights law, States are under the obligation to respect human rights. The human rights that must be respected in cyberspace include all human rights that are recognized under international human rights law, such as civil, political, economic, social and cultural rights. The human rights that are particularly relevant in the context of cyberspace include the right to privacy, freedom of thought and conscience, freedom of expression, and guarantee of due process",", p. 7-8 (2021)",,,
JPN,"3. Is sovereignty a stand-alone, primary rule of international law, the breach of which can incur international responsibility?",Yes,"In the case of cyber operations as well, there is an internationally wrongful act when a State violates primary rules, including the principles of sovereignty, non-intervention, prohibition of the use of force","Basic Position of the Government of Japan on International Law Applicable to Cyber Operations, p. 3 (2021)¶",,,
JPN,3(a) Can violations of sovereignty not amounting to prohibited interventions constitute internationally wrongful acts?  ,Yes,"… it can be presumed that, in some cases, a violation of sovereignty constitutes a violation of international law even when it does not fall within the scope of unlawful intervention.","Basic Position of the Government of Japan on International Law Applicable to Cyber Operations, p. 3 (2021)¶",There seems to be precedent set that there are instances where certain actions can still fall under the scope of illegality in international law,,
JPN,4. Does the State indicate how to identify a violation of any stand-alone sovereignty rule?, Ambiguous,"An act of causing physical damage or loss of functionality by means of cyber operations against critical infrastructure, including medical institutions, may constitute an unlawful intervention, depending on the circumstances, and at any rate, it may constitute a violation of sovereignty ¶","Basic Position of the Government of Japan on International Law Applicable to Cyber Operations, p. 3 (2021)¶",,,
JPN,4(a) Is there a de minimis threshold below which a violation of sovereignty would not occur?,Silent,,,,,
JPN,"5. Is it a violation of territorial sovereignty for an organ of a State, or others whose conduct is attributable to the State, to conduct non-consensual cyber operations while physically present on another State’s territory against that State or entities or persons on its territory?",Silent,,,,,
JPN,6. Can state cyber operations that cause physical effects in another state’s territory constitute a violation of sovereignty as a rule?,Yes ,"An act of causing physical damage or loss of functionality by means of cyber operations against critical infrastructure, including medical institutions, may constitute an unlawful intervention, depending on the circumstances, and at any rate, it may constitute a violation of sovereignty¶","Basic Position of the Government of Japan on International Law Applicable to Cyber Operations, p. 3 (2021)",,,
JPN,6(a) Do any physical effects constitute a violation?, Silent,,, ,,
JPN,"6(b) Must the effects involve physical damage to computer infrastructure or other tangible things, or injury to persons, to constitute a violation of sovereignty as a rule?",¶No,"An act of causing physical damage or loss of functionality by means of cyber operations against critical infrastructure, including medical institutions, may constitute an unlawful intervention, depending on the circumstances, and at any rate, it may constitute a violation of sovereignty¶","Basic Position of the Government of Japan on International Law Applicable to Cyber Operations, p. 3 (2021)¶",,,
JPN,6(b)(i) Must the effect of a cyber operation to computer infrastructure require repair or replacement of physical components to qualify as damage?, Silent,,,,,
JPN,6(c) Do only cyber operations generating significant physical effects within another State’s territory constitute a violation?,¶No,"An act of causing physical damage or loss of functionality by means of cyber operations against critical infrastructure, including medical institutions, may constitute an unlawful intervention, depending on the circumstances, and at any rate, it may constitute a violation of sovereignty","Basic Position of the Government of Japan on International Law Applicable to Cyber Operations, p. 3 (2021)¶",The statement does not differentiate nor explicitly limit whether the physical effects must only be significant to constitute a violation¶¶I think this is a “no” because the statement states that a violation can occur due to physical damage or loss of functionality. This to me means that there does not only have to be significant physical effects ,,
JPN,7 Can state cyber operations that cause a loss to computer functionality in another State’s territory constitute a violation of sovereignty as a rule?,Yes,"An act of causing physical damage or loss of functionality by means of cyber operations against critical infrastructure, including medical institutions, may constitute an unlawful intervention, depending on the circumstances, and at any rate, it may constitute a violation of sovereignty","Basic Position of the Government of Japan on International Law Applicable to Cyber Operations, p. 3 (2021)¶",,,
JPN,7(a) Is the rule violated by a cyber operation generating any functionality losses within another state’s territory?, Silent,,,,,
JPN,7(b) Is the rule violated by a cyber operation generating significant functionality losses within another state’s territory?,Silent,,,,,
JPN,7(c) Is the rule violated by a cyber operation generating systemic functionality losses within another state’s territory?,Silent,,,,,
JPN,8. Can state cyber operations that interfere with another state’s “inherent governmental functions” constitute a violation of sovereignty as a rule?, Silent,,,,,
JPN,9. Must there be proximate causation between the state cyber operation and the effects or interference prohibited by sovereignty as a rule?  , Silent,,,,,
JPN,9(a) Must the state cyber operation generate prohibited effects directly?,Silent,,,,,
JPN,9(b) Do prohibited effects indirectly generated by a state cyber operation constitute a violation of sovereignty as a rule?,Silent,,,,,
JPN,10. Can state cyber operations that deny access to or degrade data in the control of another State constitute a violation of sovereignty as a rule?,Silent ,,,,,
JPN,10(a) Do state sponsored ransomware operations violate the sovereignty of another State?,Silent,,,,,
JPN,10(b) Can state cyber operations against data residing in cloud servers outside of a State’s territorial jurisdiction constitute a violation of sovereignty as a rule?,Silent,,,,,
JPN,10(c) Does the exercise of one State’s law enforcement tools via cyber means in the networks or systems of another State’s territory violate the sovereignty of the latter State?,Silent,,,,,
JPN,11. Do State cyber operations that interfere at any level with critical infrastructure in another State constitute a violation of sovereignty as a rule?¶,¶Ambiguous,"An act of causing physical damage or loss of functionality by means of cyber operations against critical infrastructure, including medical institutions, may constitute an¶unlawful intervention, depending on the circumstances, and at any rate, it may constitute a violation of sovereignty","Basic Position of the Government of Japan on International Law Applicable to Cyber Operations, p. 3 (2021)¶",,,
JPN,12. Can State cyber operations that cause significant national economic impacts for another State constitute a violation of sovereignty as a rule?,Silent,,,Physical damage or loss of functionality seem broad categories and could include national economic impacts ,,
JPN,13. Does cyber espionage by one State in or transiting networks or hardware resident in another State constitute a violation of sovereignty as a rule?, Silent,,,,,
JPN,13a. Can gaining unauthorized access to computer systems or data within a State’s sovereign control violate the rules of sovereignty?,Silent,,,,,
JPN,14. Are violations of sovereignty assessed on a case-by-case basis?, ¶Silent,,,,,
KAZ,1.  Is sovereignty a foundational principle of the international legal order?,Silent ,,"Kazakhstan UNGA Response, pg. 2 ¶1 (2021).",No discussion of sovereignty in the statement at all,,
KAZ,2. Does sovereignty confer on states authority over cyber infrastructure located in their respective territories and over the actions they take with respect to that infrastructure?,Silent ,¶¶,¶,,,
KAZ,"2(a) Does sovereignty encompass the right of a state to protect cyber infrastructure and safeguard cyber activity that is located in, or takes place on, its territory?",Silent ,¶,,,,
KAZ,2(b) Is the exercise of such sovereign authority subject to international human rights law and other fundamental freedoms?,Silent,,,,,
KAZ,"3. Is sovereignty a stand-alone, primary rule of international law, the breach of which can incur international responsibility?",Silent ,,,,,
KAZ,3(a) Can violations of sovereignty not amounting to prohibited interventions constitute internationally wrongful acts?  ,Silent ,,,,,
KAZ,4. Does the State indicate how to identify a violation of any stand-alone sovereignty rule?,Silent ,,,,,
KAZ,4(a) Is there a de minimis threshold below which a violation of sovereignty would not occur?,Silent,,,,,
KAZ,"5. Is it a violation of territorial sovereignty for an organ of a State, or others whose conduct is attributable to the State, to conduct non-consensual cyber operations while physically present on another State’s territory against that State or entities or persons on its territory?",Silent ,,¶,,,
KAZ,6. Can state cyber operations that cause physical effects in another state’s territory constitute a violation of sovereignty as a rule?,Silent ,,,,,
KAZ,6(a) Do any physical effects constitute a violation?¶,Silent,,,,,
KAZ,"6(b) Must the effects involve physical damage to computer infrastructure or other tangible things, or injury to persons, to constitute a violation of sovereignty as a rule?",Silent ,,,,,
KAZ,6(b)(i) Must the effect of a cyber operation to computer infrastructure require repair or replacement of physical components to qualify as damage?,Silent,,,,,
KAZ,6(c) Do only cyber operations generating significant physical effects within another State’s territory constitute a violation?,Silent,,,,,
KAZ,7 Can state cyber operations that cause a loss to computer functionality in another State’s territory constitute a violation of sovereignty as a rule?,Silent ,,,,,
KAZ,7(a) Is the rule violated by a cyber operation generating any functionality losses within another state’s territory?,Silent ,,,,,
KAZ,7(b) Is the rule violated by a cyber operation generating significant functionality losses within another state’s territory?,Silent,,,,,
KAZ,7(c) Is the rule violated by a cyber operation generating systemic functionality losses within another state’s territory?,Silent,,,,,
KAZ,8. Can state cyber operations that interfere with another state’s “inherent governmental functions” constitute a violation of sovereignty as a rule?,Silent ,,,,,
KAZ,9. Must there be proximate causation between the state cyber operation and the effects or interference prohibited by sovereignty as a rule?  ,Silent ,,,,,
KAZ,9(a) Must the state cyber operation generate prohibited effects directly?,Silent ,,,,,
KAZ,9(b) Do prohibited effects indirectly generated by a state cyber operation constitute a violation of sovereignty as a rule?,Silent,,,,,
KAZ,10. Can state cyber operations that deny access to or degrade data in the control of another State constitute a violation of sovereignty as a rule?,Silent ,,,,,
KAZ,10(a) Do state sponsored ransomware operations violate the sovereignty of another State?,Silent ,,,,,
KAZ,10(b) Can state cyber operations against data residing in cloud servers outside of a State’s territorial jurisdiction constitute a violation of sovereignty as a rule?,Silent,,,,,
KAZ,10(c) Does the exercise of one State’s law enforcement tools via cyber means in the networks or systems of another State’s territory violate the sovereignty of the latter State?,Silent,,,,,
KAZ,11. Do State cyber operations that interfere at any level with critical infrastructure in another State constitute a violation of sovereignty as a rule?¶,Silent ,,,,,
KAZ,12. Can State cyber operations that cause significant national economic impacts for another State constitute a violation of sovereignty as a rule?,Silent ,,,,,
KAZ,13. Does cyber espionage by one State in or transiting networks or hardware resident in another State constitute a violation of sovereignty as a rule?,Silent,,,,,
KAZ,13a. Can gaining unauthorized access to computer systems or data within a State’s sovereign control violate the rules of sovereignty?,Silent,,,. ,,
KAZ,14. Are violations of sovereignty assessed on a case-by-case basis?,Silent ,,,,,
KEN,1.  Is sovereignty a foundational principle of the international legal order?,Yes¶¶¶¶¶¶¶¶¶¶¶,"The UN Charter forms a strong foundation for the interpretation of existing international laws underlined by inter alia the principles of State sovereignty, sovereign equality, and settlement of international disputes by peaceful means. It is the Charter’s emphasis on these principles that is fully aligned with Kenya’s peaceful stance in international affairs","Kenya UNGA Compendium, 54 (2021)",¶¶¶¶¶¶¶¶¶¶¶,,
KEN,2. Does sovereignty confer on states authority over cyber infrastructure located in their respective territories and over the actions they take with respect to that infrastructure?,Silent ,,,,,
KEN,"2(a) Does sovereignty encompass the right of a state to protect cyber infrastructure and safeguard cyber activity that is located in, or takes place on, its territory?",Silent ,,,,,
KEN,2(b) Is the exercise of such sovereign authority subject to international human rights law and other fundamental freedoms?,Silent ,,,,,
KEN,"3. Is sovereignty a stand-alone, primary rule of international law, the breach of which can incur international responsibility?",Silent ,,,,,
KEN,3(a) Can violations of sovereignty not amounting to prohibited interventions constitute internationally wrongful acts?  ,Silent ,,,,,
KEN,4. Does the State indicate how to identify a violation of any stand-alone sovereignty rule?,Silent ,,,,,
KEN,4(a) Is there a de minimis threshold below which a violation of sovereignty would not occur?,Silent,,,,,
KEN,"5. Is it a violation of territorial sovereignty for an organ of a State, or others whose conduct is attributable to the State, to conduct non-consensual cyber operations while physically present on another State’s territory against that State or entities or persons on its territory?",Silent ,,,,,
KEN,6. Can state cyber operations that cause physical effects in another state’s territory constitute a violation of sovereignty as a rule?,Silent ,,,,,
KEN,6(a) Do any physical effects constitute a violation?,Silent ,,,,,
KEN,"6(b) Must the effects involve physical damage to computer infrastructure or other tangible things, or injury to persons, to constitute a violation of sovereignty as a rule?",Silent ,,,,,
KEN,6(b)(i) Must the effect of a cyber operation to computer infrastructure require repair or replacement of physical components to qualify as damage?,Silent ,,,,,
KEN,6(c) Do only cyber operations generating significant physical effects within another State’s territory constitute a violation?,Silent ,,,,,
KEN,7 Can state cyber operations that cause a loss to computer functionality in another State’s territory constitute a violation of sovereignty as a rule?,Silent ,,,,,
KEN,7(a) Is the rule violated by a cyber operation generating any functionality losses within another state’s territory?,Silent ,,,,,
KEN,7(b) Is the rule violated by a cyber operation generating significant functionality losses within another state’s territory?,Silent ,,,,,
KEN,7(c) Is the rule violated by a cyber operation generating systemic functionality losses within another state’s territory?,Silent ,,,,,
KEN,8. Can state cyber operations that interfere with another state’s “inherent governmental functions” constitute a violation of sovereignty as a rule?,Silent ,,,,,
KEN,9. Must there be proximate causation between the state cyber operation and the effects or interference prohibited by sovereignty as a rule?  ,Silent ,,,,,
KEN,9(a) Must the state cyber operation generate prohibited effects directly?,Silent ,,,,,
KEN,9(b) Do prohibited effects indirectly generated by a state cyber operation constitute a violation of sovereignty as a rule?,Silent ,,,,,
KEN,10. Can state cyber operations that deny access to or degrade data in the control of another State constitute a violation of sovereignty as a rule?,Silent ,,,,,
KEN,10(a) Do state sponsored ransomware operations violate the sovereignty of another State?,Silent ,,,,,
KEN,10(b) Can state cyber operations against data residing in cloud servers outside of a State’s territorial jurisdiction constitute a violation of sovereignty as a rule?,Silent,,,,,
KEN,10(c) Does the exercise of one State’s law enforcement tools via cyber means in the networks or systems of another State’s territory violate the sovereignty of the latter State?,Silent ,,,,,
KEN,11. Do State cyber operations that interfere at any level with critical infrastructure in another State constitute a violation of sovereignty as a rule?¶,Silent ,,,,,
KEN,12. Can State cyber operations that cause significant national economic impacts for another State constitute a violation of sovereignty as a rule?,Silent ,,,,,
KEN,13. Does cyber espionage by one State in or transiting networks or hardware resident in another State constitute a violation of sovereignty as a rule?,Silent ,,,,,
KEN,13a. Can gaining unauthorized access to computer systems or data within a State’s sovereign control violate the rules of sovereignty?,Silent,,,,,
KEN,14. Are violations of sovereignty assessed on a case-by-case basis?,Silent ,,,,,
KOR,1.  Is sovereignty a foundational principle of the international legal order?,Yes,,"National Position of the Republic of Korea on the Application of International Law in Cyberspace, pg.#, §#¶",,,
KOR,2. Does sovereignty confer on states authority over cyber infrastructure located in their respective territories and over the actions they take with respect to that infrastructure? ,Yes,,,,,
KOR,"2(a) Does sovereignty encompass the right of a state to protect cyber infrastructure and safeguard cyber activity that is located in, or takes place on, its territory?",Yes,,,,,
KOR,2(b) Is the exercise of such sovereign authority subject to international human rights law and other fundamental freedoms?,Yes,,,,,
KOR,"3. Is sovereignty a stand-alone, primary rule of international law, the breach of which can incur international responsibility?",Silent,.,,,,
KOR,3(a) Can violations of sovereignty not amounting to prohibited interventions constitute internationally wrongful acts?  ,Silent,,,,,
KOR,4. Does the State indicate how to identify a violation of any stand-alone sovereignty rule?,No,,,,,
KOR,4(a) Is there a de minimis threshold below which a violation of sovereignty would not occur?,Silent,,,,,
KOR,"5. Is it a violation of territorial sovereignty for an organ of a State, or others whose conduct is attributable to the State, to conduct non-consensual cyber operations while physically present on another State’s territory against that State or entities or persons on its territory?",Silent,,,,,
KOR,6. Can state cyber operations that cause physical effects in another state’s territory constitute a violation of sovereignty as a rule?,Silent,,,,,
KOR,6(a) Do any physical effects constitute a violation?,Silent,,,,,
KOR,"6(b) Must the effects involve physical damage to computer infrastructure or other tangible things, or injury to persons, to constitute a violation of sovereignty as a rule?",Silent,,,,,
KOR,6(b)(i) Must the effect of a cyber operation to computer infrastructure require repair or replacement of physical components to qualify as damage?,Silent,,,,,
KOR,6(c) Do only cyber operations generating significant physical effects within another State’s territory constitute a violation?,Silent,,,,,
KOR,7 Can state cyber operations that cause a loss to computer functionality in another State’s territory constitute a violation of sovereignty as a rule?,Silent,,,,,
KOR,7(a) Is the rule violated by a cyber operation generating any functionality losses within another state’s territory?,Silent,,,,,
KOR,7(b) Is the rule violated by a cyber operation generating significant functionality losses within another state’s territory?,Silent,,,,,
KOR,7(c) Is the rule violated by a cyber operation generating systemic functionality losses within another state’s territory?,Silent,,,,,
KOR,8. Can state cyber operations that interfere with another state’s “inherent governmental functions” constitute a violation of sovereignty as a rule?,Silent,,,,,
KOR,9. Must there be proximate causation between the state cyber operation and the effects or interference prohibited by sovereignty as a rule?  ,Silent,,,,,
KOR,9(a) Must the state cyber operation generate prohibited effects directly?,Silent,,,,,
KOR,9(b) Do prohibited effects indirectly generated by a state cyber operation constitute a violation of sovereignty as a rule?,Silent,,,,,
KOR,10. Can state cyber operations that deny access to or degrade data in the control of another State constitute a violation of sovereignty as a rule?,Silent,,,,,
KOR,10(a) Do state sponsored ransomware operations violate the sovereignty of another State?,Silent,,,,,
KOR,10(b) Can state cyber operations against data residing in cloud servers outside of a State’s territorial jurisdiction constitute a violation of sovereignty as a rule?,Silent,,,,,
KOR,10(c) Does the exercise of one State’s law enforcement tools via cyber means in the networks or systems of another State’s territory violate the sovereignty of the latter State?,Silent,,,,,
KOR,11. Do State cyber operations that interfere at any level with critical infrastructure in another State constitute a violation of sovereignty as a rule?¶,Silent,,,,,
KOR,12. Can State cyber operations that cause significant national economic impacts for another State constitute a violation of sovereignty as a rule?,Silent,,,,,
KOR,13. Does cyber espionage by one State in or transiting networks or hardware resident in another State constitute a violation of sovereignty as a rule?,Silent,,,,,
KOR,13a. Can gaining unauthorized access to computer systems or data within a State’s sovereign control violate the rules of sovereignty?,Silent,,,,,
KOR,14. Are violations of sovereignty assessed on a case-by-case basis?,Silent,,,,,
NLD,1.  Is sovereignty a foundational principle of the international legal order?,Yes,"The principle of sovereignty, i.e. that states are equal and independent and hold the highest authority within their own borders, is one of the fundamental principles of international law.","Appendix: International Law in Cyberspace to Parliment, p. 1 ",,,
NLD,2. Does sovereignty confer on states authority over cyber infrastructure located in their respective territories and over the actions they take with respect to that infrastructure? ,Yes,"Firstly, sovereignty implies that states have exclusive jurisdiction over all persons, property and events within their territory, within the limits of their obligations under international law, such as those relating to diplomatic privileges and immunity, and those arising from human rights conventions. This is the internal aspect of sovereignty. Secondly, sovereignty implies that states may freely and independently determine their own foreign policy, enter into international obligations and relations, and carry out activities beyond their own borders, provided they respect the rules of international law. This is the external aspect of sovereignty.¶Both aspects apply equally in cyberspace.","Appendix: International Law in Cyberspace to Parliament, p. 2 ¶",,,
NLD,2(b) Is the exercise of such sovereign authority subject to international human rights law and other fundamental freedoms?,Yes,"Firstly, sovereignty implies that states have exclusive jurisdiction over all persons, property and events within their territory, within the limits of their obligations under international law, such as those relating to diplomatic privileges and immunity, and those arising from human rights conventions.",Appendix: Intl Law in Cyberspace to Parliament p. 2,,,
NLD,"3. Is sovereignty a stand-alone, primary rule of international law, the breach of which can incur international responsibility?",Yes,"It believes that respect for the sovereignty of other countries is an obligation in its own right, the violation of which may in turn constitute an internationally wrongful act. ",Appendix: Intl Law in Cyberspace to Parliament p. 1¶,,,
NLD,3(a) Can violations of sovereignty not amounting to prohibited interventions constitute internationally wrongful acts?  ,Yes,"It believes that respect for the sovereignty of other countries is an obligation in its own right, the violation of which may in turn constitute an internationally wrongful act.",Appendix: Intl Law in Cyberspace to Parliament p. 2,,,
NLD,4. Does the State indicate how to identify a violation of any stand-alone sovereignty rule?,Yes,"¶In general the government endorses Rule 4, proposed by the drafters of the Tallinn Manual 2.0, on establishing the boundaries of sovereignty in cyberspace. Under this rule, a violation of sovereignty is deemed to occur if there is 1) infringement upon the target State’s territorial integrity; and 2) there has been an interference with or usurpation of inherently governmental functions of another state. The precise interpretation of these factors is a matter of debate.",¶¶¶¶Appendix: Intl Law in Cyberspace to Parliament p. 3,,,
NLD,4(a) Is there a de minimis threshold below which a violation of sovereignty would not occur?,Ambiguous,"It should be noted in this regard that the precise boundaries of what is and is not permissible have yet to fully crystallise. This is due to the firmly territorial and physical connotations of the traditional concept of sovereignty. The principle has traditionally been aimed at protecting a state's authority over property and persons within its own national borders. In cyberspace, the concepts of territoriality and physical tangibility are often less clear. It is possible, for example, for a single cyber operation to be made up of numerous components or activities initiated from or deployed via different countries in a way that cannot always be traced. In addition, there are various ways of masking the geographic origin of activities performed in cyberspace. What is more, data stored using a cloud-based system is often moved from one location to another, and those locations are not always traceable. So it is by no means always possible to establish whether a cyber operation involves a cross-border component and thus violates a country's sovereignty. Even if the origin or route of a cyber operation can be established, these kinds of operations do not always have a direct physical or tangible impact.",Appendix: Intl Law in Cyberspace to Parliament p. 2¶,,,
NLD,"5. Is it a violation of territorial sovereignty for an organ of a State, or others whose conduct is attributable to the State, to conduct non-consensual cyber operations while physically present on another State’s territory against that State or entities or persons on its territory?",Silent,,,,,
NLD,6. Can state cyber operations that cause physical effects in another state’s territory constitute a violation of sovereignty as a rule?, Ambiguous,"In cyberspace, the concepts of territoriality and physical tangibility are often less clear. It is possible, for example, for a single cyber operation to be made up of numerous components or activities initiated from or deployed via different countries in a way that cannot always be traced. In addition, there are various ways of masking the geographic origin of activities performed in cyberspace. What is more, data stored using a cloud-based system is often moved from one location to another, and those locations are not always traceable. So it is by no means always possible to establish whether a cyber operation involves a cross-border component and thus violates a country's sovereignty. Even if the origin or route of a cyber operation can be established, these kinds of operations do not always have a direct physical or tangible impact.¶¶In general the government endorses Rule 4, proposed by the drafters of the Tallinn Manual 2.0, on establishing the boundaries of sovereignty in cyberspace. Under this rule, a violation of sovereignty is deemed to occur if there is 1) infringement upon the target State’s territorial integrity; and 2) there has been an interference with or usurpation of inherently governmental functions of another state. The precise interpretation of these factors is a matter of debate.",Appendix: Intl Law in Cyberspace to Parliament p. 2¶,,,
NLD,6(a) Do any physical effects constitute a violation?, Silent¶,,,,,
NLD,"6(b) Must the effects involve physical damage to computer infrastructure or other tangible things, or injury to persons, to constitute a violation of sovereignty as a rule?", Silent¶,,,,,
NLD,6(b)(i) Must the effect of a cyber operation to computer infrastructure require repair or replacement of physical components to qualify as damage?, Silent¶,,¶,,,
NLD,6(c) Do only cyber operations generating significant physical effects within another State’s territory constitute a violation?, Silent¶,,,,,
NLD,7 Can state cyber operations that cause a loss to computer functionality in another State’s territory constitute a violation of sovereignty as a rule?, Silent¶,,,,,
NLD,7(a) Is the rule violated by a cyber operation generating any functionality losses within another state’s territory?, Silent¶¶,,,,,
NLD,7(b) Is the rule violated by a cyber operation generating significant functionality losses within another state’s territory?, Silent¶¶,,,,,
NLD,7(c) Is the rule violated by a cyber operation generating systemic functionality losses within another state’s territory?, Silent¶¶,,,,,
NLD,8. Can state cyber operations that interfere with another state’s “inherent governmental functions” constitute a violation of sovereignty as a rule?,Yes ¶,"Under this rule, a violation of sovereignty is deemed to occur if there is 1) infringement upon the target State’s territorial integrity; and 2) there has been an interference with or usurpation of inherently governmental functions of another state. The precise interpretation of these factors is a matter of debate",Appendix: Intl Law in Cyberspace to Parliament p. 3¶,,,
NLD,9. Must there be proximate causation between the state cyber operation and the effects or interference prohibited by sovereignty as a rule?  , Silent¶¶,,,,,
NLD,9(a) Must the state cyber operation generate prohibited effects directly?, Silent¶¶,,,,,
NLD,9(b) Do prohibited effects indirectly generated by a state cyber operation constitute a violation of sovereignty as a rule?, Silent¶¶,,,,,
NLD,10. Can state cyber operations that deny access to or degrade data in the control of another State constitute a violation of sovereignty as a rule?, Silent¶¶,,,,,
NLD,10(a) Do state sponsored ransomware operations violate the sovereignty of another State?, Silent¶¶,,,,,
NLD,10(b) Can state cyber operations against data residing in cloud servers outside of a State’s territorial jurisdiction constitute a violation of sovereignty as a rule?, Silent¶¶,,,,,
NLD,10(c) Does the exercise of one State’s law enforcement tools via cyber means in the networks or systems of another State’s territory violate the sovereignty of the latter State?,Ambiguous,The act of exercising investigative powers in a cross-border context is traditionally deemed a violation of a country’s sovereignty unless the country in question has explicitly granted permission (by means of a treaty or other instrument). Opinion is divided as to what qualifies as exercising investigative powers in a cross-border context and when it is permissible without a legal basis founded in a treaty.¶,Appendix: Intl Law in Cyberspace to Parliament p. 2,Update to the actual Dutch position(s)...¶¶GPC:  Read full quote on this (cited above).  ,,
NLD,11. Do State cyber operations that interfere at any level with critical infrastructure in another State constitute a violation of sovereignty as a rule?¶,Silent,,,,,
NLD,12. Can State cyber operations that cause significant national economic impacts for another State constitute a violation of sovereignty as a rule?,Silent¶,,,Quoted text goes to use of force not sov’ty,,
NLD,13. Does cyber espionage by one State in or transiting networks or hardware resident in another State constitute a violation of sovereignty as a rule?,Silent¶,,,,,
NLD,13a. Can gaining unauthorized access to computer systems or data within a State’s sovereign control violate the rules of sovereignty?,Silent,,,,,
NLD,14. Are violations of sovereignty assessed on a case-by-case basis?,Silent,,,,,
NZL,1.  Is sovereignty a foundational principle of the international legal order?,Yes,"The principle of sovereignty prohibits the interference by one state in the inherently¶governmental functions of another and prohibits the exercise of state power or authority on the territory of another state. In the physical realm, the principle has legal effect through the prohibition on the use of force, through the rule of non-intervention and also through a standalone rule of territorial sovereignty. Subject to limited exceptions (e.g. authorisation by the United Nations Security Council, self-defence, consent), that standalone rule prohibits a¶state from sending its troops or police forces into or through, or its aircraft over, foreign¶territory, and prohibits a state from carrying out official investigations or otherwise exercising jurisdiction on foreign territory.","Application of Intl Law to State Activity in Cyberspace (2025) p. 3, para. 11 ",,,
NZL,2. Does sovereignty confer on states authority over cyber infrastructure located in their respective territories and over the actions they take with respect to that infrastructure?,Silent,¶,, ,,
NZL,"2(a) Does sovereignty encompass the right of a state to protect cyber infrastructure and safeguard cyber activity that is located in, or takes place on, its territory?", Yes ,"New Zealand considers that the rule of¶territorial sovereignty as applied in the cyber context does not prohibit states from taking necessary measures, with minimally destructive effects, to defend against the harmful activity of malicious cyber actors",Application of Intl Law to State Activity in Cyberspace (Dec. 2025) p. 4 para 14¶,,,
NZL,2(b) Is the exercise of such sovereign authority subject to international human rights law and other fundamental freedoms?,Yes,"International human rights law applies to cyber activities. States must comply with their obligations to protect and respect human rights online, including the right to freedom of expression and the right not to be subjected to arbitrary and unlawful interference with privacy. States are obliged to respect and ensure human rights to those individuals within their territory and subject to their jurisdiction. The circumstances in which states exercise jurisdiction, through cyber means, over individuals outside their territory is currently unsettled and would benefit from further discussion in multilateral fora.¶",Application of Intl Law to State Activity in Cyberspace (Dec. 2025) p. 7,,,
NZL,"3. Is sovereignty a stand-alone, primary rule of international law, the breach of which can incur international responsibility?",Yes,New Zealand considers that the standalone rule of territorial sovereignty also applies in the cyber context but acknowledges that further state practice is required for the precise boundaries of its application to crystallize¶¶¶,Application of Intl Law to State Activity in Cyberspace (Dec. 2025) p. 4 para 12¶¶¶¶¶¶¶¶¶¶,,,
NZL,3(a) Can violations of sovereignty not amounting to prohibited interventions constitute internationally wrongful acts?  ,Yes,"There is a range of circumstances – in addition to pure espionage activity – in which an unauthorised cyber intrusion, including one causing effects on the territory of another state, would not be internationally wrongful. ¶¶For example, New Zealand considers that the rule of territorial sovereignty as applied in the cyber context does not prohibit states from taking necessary measures, with minimally destructive effects, to defend against the harmful activity of malicious cyber actors.¶¶A detailed factual enquiry is required in each case to determine whether state cyber activity that has effects manifesting on the territory of another state, but which does not amount to a use of force or a prohibited intervention, nonetheless involves a violation of the standalone rule of territorial sovereignty ",Application of Intl Law to State Activity in Cyberspace (Dec. 2025) p. 4 para 14¶¶¶¶¶Application of Intl Law to State Activity in Cyberspace (Dec. 2025) p. 4 para 14¶¶¶¶¶Application of Intl Law to State Activity in Cyberspace (Dec. 2025) p. 4 para 14¶¶,,,
NZL,4. Does the State indicate how to identify a violation of any stand-alone sovereignty rule?,Silent, ,,,,
NZL,4(a) Is there a de minimis threshold below which a violation of sovereignty would not occur?,Yes,"Bearing those factors in mind, and having regard to developing state practice, New Zealand considers that territorial sovereignty prohibits states from using cyber means to cause significant harmful effects manifesting on the territory of another state. However, New Zealand does not consider that territorial sovereignty prohibits every unauthorised intrusion into a foreign ICT system or prohibits all cyber activity which has effects on the territory of another state.",,,,
NZL,"5. Is it a violation of territorial sovereignty for an organ of a State, or others whose conduct is attributable to the State, to conduct non-consensual cyber operations while physically present on another State’s territory against that State or entities or persons on its territory?",Ambiguous,"A detailed factual enquiry is required in each case to determine whether state cyber activity that has effects manifesting on the territory of another state, but which does not amount to a use of force or a prohibited intervention, nonetheless involves a violation of the standalone rule of territorial sovereignty. That factual enquiry should take into account the scale and significance of the effects, the objective of the activity, and the nature of the target.¶¶Subject to limited exceptions (e.g. authorisation by the United Nations Security Council, self-defence, consent), that standalone rule prohibits a state from sending its troops or police forces into or through, or its aircraft over, foreign territory, and prohibits a state from carrying out official investigations or otherwise exercising jurisdiction on foreign territory. ",Application of Intl Law to State Activity in Cyberspace (Dec. 2025) p. 4 para 15¶¶¶¶¶¶¶¶¶¶Application of Intl Law to State Activity in Cyberspace (Dec. 2025) p. 4 para 11,,,
NZL,6. Can state cyber operations that cause physical effects in another state’s territory constitute a violation of sovereignty as a rule?,Yes,"A detailed factual enquiry is required in each case to determine whether state cyber activity that has effects manifesting on the territory of another state, but which does not amount to a use of force or a prohibited intervention, nonetheless involves a violation of the standalone rule of territorial sovereignty. That factual enquiry should take into account the scale and significance of the effects, the objective of the activity, and the nature of the target.¶¶New Zealand considers that territorial sovereignty prohibits states from using cyber means to cause significant harmful effects manifesting on the territory of another state. ","Application of Intl Law to State Activity in Cyberspace (Dec. 2025) p. 4 para 15¶¶¶¶¶¶¶¶¶¶Application of Intl Law to State Activity in Cyberspace (Dec. 2025) Pg. 4, para 14",,,
NZL,6(a) Do any physical effects constitute a violation?, No,"New Zealand does not consider that territorial sovereignty prohibits every unauthorised intrusion into a foreign ICT system or prohibits all cyber activity which has effects on the territory of another state. There is a range of circumstances – in addition to pure espionage activity – in which an unauthorised cyber intrusion, including one causing effects on the territory of another state, would not be internationally wrongful.","Application of Intl Law to State Activity in Cyberspace (Dec. 2025) Pg. 4, para 14",,,
NZL,"6(b) Must the effects involve physical damage to computer infrastructure or other tangible things, or injury to persons, to constitute a violation of sovereignty as a rule?", Ambiguous,"Bearing those factors in mind, and having regard to developing state practice, New Zealand considers that territorial sovereignty prohibits states from using cyber means to cause significant harmful effects manifesting on the territory of another state","Application of Intl Law to State Activity in Cyberspace (Dec. 2025) Pg. 4, para 14",,,
NZL,6(b)(i) Must the effect of a cyber operation to computer infrastructure require repair or replacement of physical components to qualify as damage?,Silent,,,,,
NZL,6(c) Do only cyber operations generating significant physical effects within another State’s territory constitute a violation?, Ambiguous,"Bearing those factors in mind, and having regard to developing state practice, New Zealand considers that territorial sovereignty prohibits states from using cyber means to cause significant harmful effects manifesting on the territory of another state","Application of Intl Law to State Activity in Cyberspace (Dec. 2025) Pg. 4, para 14",,,
NZL,7 Can state cyber operations that cause a loss to computer functionality in another State’s territory constitute a violation of sovereignty as a rule?, Ambiguous,"New Zealand does not consider that territorial sovereignty prohibits every unauthorised intrusion into a foreign ICT system or prohibits all cyber activity which has effects on the territory of another state. There is a range of circumstances – in addition to pure espionage activity – in which an unauthorised cyber intrusion, including one causing effects on the territory of another state, would not be internationally wrongful. For example, New Zealand considers that the rule of territorial sovereignty as applied in the cyber context does not prohibit states from taking necessary measures, with minimally destructive effects, to defend against the harmful activity of malicious cyber actors.","Application of Intl Law to State Activity in Cyberspace (Dec. 2025) Pg. 4, para 14¶",,,
NZL,7(a) Is the rule violated by a cyber operation generating any functionality losses within another state’s territory?, No ,"New Zealand considers that the rule of territorial sovereignty as applied in the cyber context does not prohibit states from taking necessary measures, with minimally destructive effects, to defend against the harmful activity of malicious cyber actors.","Application of Intl Law to State Activity in Cyberspace (Dec. 2025) Pg. 4, para 14¶¶",,,
NZL,7(b) Is the rule violated by a cyber operation generating significant functionality losses within another state’s territory?,Ambiguous,"Bearing those factors in mind, and having regard to developing state practice, New Zealand considers that territorial sovereignty prohibits states from using cyber means to cause significant harmful effects manifesting on the territory of another state",,,,
NZL,7(c) Is the rule violated by a cyber operation generating systemic functionality losses within another state’s territory?,Silent,,,,,
NZL,8. Can state cyber operations that interfere with another state’s “inherent governmental functions” constitute a violation of sovereignty as a rule?,Silent,,,,,
NZL,9. Must there be proximate causation between the state cyber operation and the effects or interference prohibited by sovereignty as a rule?  ,Silent,,,,,
NZL,9(a) Must the state cyber operation generate prohibited effects directly?,Silent,,,,,
NZL,9(b) Do prohibited effects indirectly generated by a state cyber operation constitute a violation of sovereignty as a rule?,Silent,,,,,
NZL,10. Can state cyber operations that deny access to or degrade data in the control of another State constitute a violation of sovereignty as a rule?,Silent,,,,,
NZL,10(a) Do state sponsored ransomware operations violate the sovereignty of another State?,Silent,,,,,
NZL,10(b) Can state cyber operations against data residing in cloud servers outside of a State’s territorial jurisdiction constitute a violation of sovereignty as a rule?,Silent,,,,,
NZL,10(c) Does the exercise of one State’s law enforcement tools via cyber means in the networks or systems of another State’s territory violate the sovereignty of the latter State?,Silent,,,,,
NZL,11. Do State cyber operations that interfere at any level with critical infrastructure in another State constitute a violation of sovereignty as a rule?¶,Silent,,,,,
NZL,12. Can State cyber operations that cause significant national economic impacts for another State constitute a violation of sovereignty as a rule?,Silent,,,,,
NZL,13. Does cyber espionage by one State in or transiting networks or hardware resident in another State constitute a violation of sovereignty as a rule?, No,"New Zealand does not consider that territorial sovereignty prohibits every unauthorised intrusion into a foreign ICT system or prohibits all cyber activity which has effects on the territory of another state. There is a range of circumstances – in addition to pure espionage activity – in which an unauthorised cyber intrusion, including one causing effects on the territory of another state, would not be internationally wrongful.","Application of Intl Law to State Activity in Cyberspace (Dec. 2025) Pg. 4, para 14¶¶",,,
NZL,13a. Can gaining unauthorized access to computer systems or data within a State’s sovereign control violate the rules of sovereignty?, Ambiguous ,New Zealand does not consider that territorial sovereignty prohibits every unauthorised intrusion into a foreign ICT system or prohibits all cyber activity which has effects on the territory of another state.,"Application of Intl Law to State Activity in Cyberspace (Dec. 2025) Pg. 4, para 14¶¶¶",,,
NZL,14. Are violations of sovereignty assessed on a case-by-case basis?,Yes,"A detailed factual enquiry is required in each case to determine whether state cyber activity that has effects manifesting on the territory of another state, but which does not amount to a use of force or a prohibited intervention, nonetheless involves a violation of the standalone rule of territorial sovereignty. That factual enquiry should take into account the scale and significance of the effects, the objective of the activity, and the nature of the target.",Application of Intl Law to State Activity in Cyberspace (Dec. 2025) p. 4 para 15,,,
NOR,1. Is sovereignty a foundational principle of the international legal order?,Yes,"Sovereignty is not just a principle, but also a primary rule of international law. The principle of sovereignty is one of the fundamental principles of international law and applies in cyberspace.¶",Norway position statement pg. 3 (2021),,,
NOR,2. Does sovereignty confer on states authority over cyber infrastructure located in their respective territories and over the actions they take with respect to that infrastructure?,Yes,"The internal dimension of a State’s sovereignty includes the exclusive right to exercise jurisdiction within its territory, including over the information systems located on its territory, and to exercise independent State powers. The external dimension includes the right of the State to decide its foreign policy and to enter into international agreements. Both dimensions of sovereignty apply in cyberspace, subject only to obligations under international law.",Norway position statement pg. 3 (2021)¶,,,
NOR,"2(a) Does sovereignty encompass the right of a state to protect cyber infrastructure and safeguard cyber activity that is located in, or takes place on, its territory?", Silent,,¶¶¶¶¶¶¶¶¶Norway position statement pg. 3 (2021),,,
NOR,2(b) Is the exercise of such sovereign authority subject to international human rights law and other fundamental freedoms?,Yes,"States must comply with their human rights obligations in cyberspace, just as they¶must in the physical world. States must both respect and protect human rights.¶",Norway position statement pg. 10 (2021),,,
NOR,"3. Is sovereignty a stand-alone, primary rule of international law, the breach of which can incur international responsibility?",Yes,"Norway is of the view that sovereignty constitutes both an international law principle from which various rules derive, such as the prohibition of intervention and the prohibition of the use of force, and a primary rule in its own right capable of being violated.",Norway position statement pg. 3 (2021)¶,,,
NOR,3(a) Can violations of sovereignty not amounting to prohibited interventions constitute internationally wrongful acts?  ,Yes,cyber operations that do not amount to a prohibited intervention or a prohibited use of force may nevertheless amount to a violation of a State’s sovereignty under international law,Norway position statement pg. 3 (2021)¶,,,
NOR,4. Does the State indicate how to identify a violation of any stand-alone sovereignty rule?,Yes,"A cyber operation that manifests itself on another State’s territory may, depending on its nature, the scale of the intrusion and its consequences, constitute a violation of sovereignty. . . . Similarly, a cyber operation that interferes with or usurps the inherently governmental functions of another State may constitute a violation of sovereignty. . . The precise threshold of what constitute a cyber operation in violation of sovereignty is not settled in international law, and will depend on a case-by-case assessment.",Norway position statement pg. 3–4 (2021),,,
NOR,4(a) Is there a de minimis threshold below which a violation of sovereignty would not occur?,Silent,,,,,
NOR,"5. Is it a violation of territorial sovereignty for an organ of a State, or others whose conduct is attributable to the State, to conduct non-consensual cyber operations while physically present on another State’s territory against that State or entities or persons on its territory?",Silent¶,,,,,
NOR,6. Can state cyber operations that cause physical effects in another state’s territory constitute a violation of sovereignty as a rule?, Yes,Causing physical damage by cyber means on another State’s territory may easily qualify as a violation of territorial sovereignty.,Norway position statement pg. 3 (2021)¶,,,
NOR,6(a) Do any physical effects constitute a violation?,Ambiguous¶,"Causing physical damage by cyber means on another State’s territory may easily qualify as a violation of territorial sovereignty. . .  . The precise threshold of what constitute a cyber operation in violation of sovereignty is not settled in international law, and will depend on a case-by-case assessment.¶",Norway position statement pg. 3–4 (2021)¶,,,
NOR,"6(b) Must the effects involve physical damage to computer infrastructure or other tangible things, or injury to persons, to constitute a violation of sovereignty as a rule?",No¶,"Causing physical damage by cyber means on another State’s territory may easily qualify as a violation of territorial sovereignty. For example, a cyber operation against an industrial control system at a petrochemical plant that led to a malfunction and a subsequent fire would constitute a violation of the State’s territorial sovereignty. In addition to physical damage, causing cyber infrastructure to lose functionality may also be taken into consideration and may amount to a violation.",Norway position statement pg. 3 (2021)¶,,,
NOR,6(b)(i) Must the effect of a cyber operation to computer infrastructure require repair or replacement of physical components to qualify as damage?,¶Silent,,¶,GPC:  The question is very specific; I’m inclined to go with silent.,,
NOR,6(c) Do only cyber operations generating significant physical effects within another State’s territory constitute a violation?,¶No,"Causing physical damage by cyber means on another State’s territory may easily qualify as a violation of territorial sovereignty. . .  . In addition to physical damage, causing cyber infrastructure to lose functionality may also be taken into consideration and may amount to a violation. This includes the use of crypto viruses to encrypt data and thus render them unusable for a substantial period of time...The precise threshold of what constitute a cyber operation in violation of sovereignty is not settled in international law, and will depend on a case-by-case assessment.",Norway position statement pg. 3–4 (2021)¶,"While significant physical effects are more likely to be considered violations, it's not necessarily limited to only those",,
NOR,7 Can state cyber operations that cause a loss to computer functionality in another State’s territory constitute a violation of sovereignty as a rule?,Yes¶,"Causing physical damage by cyber means on another State’s territory may easily qualify as a violation of territorial sovereignty. For example, a cyber operation against an industrial control system at a petrochemical plant that led to a malfunction and a subsequent fire would constitute a violation of the State’s territorial sovereignty. In addition to physical damage, causing cyber infrastructure to lose functionality may also be taken into consideration and may amount to a violation. This includes the use of crypto viruses to encrypt data and thus render them unusable for a substantial period of time.",Norway position statement pg. 3 (2021)¶,,,
NOR,7(a) Is the rule violated by a cyber operation generating any functionality losses within another state’s territory?,No,"The precise threshold of what constitute a cyber operation in violation of sovereignty is not settled in international law, and will depend on a case-by-case assessment.",Norway position statement pg. 4 (2021)¶,,,
NOR,7(b) Is the rule violated by a cyber operation generating significant functionality losses within another state’s territory?,Silent¶,,,,,
NOR,7(c) Is the rule violated by a cyber operation generating systemic functionality losses within another state’s territory?,Silent¶,,,,,
NOR,8. Can state cyber operations that interfere with another state’s “inherent governmental functions” constitute a violation of sovereignty as a rule?,Yes¶,"Accordingly, what matters is not whether physical damage, injury, or loss of functionality has resulted, but whether the cyber operation has interfered with data or services that are necessary for the exercise of inherently governmental functions.¶¶Similarly, a cyber operation that interferes with or usurps the inherently governmental functions of another State may constitute a violation of sovereignty.",Norway position statement pg. 4 (2021)¶¶¶¶¶Norway position statement pg. 4 (2021),,,
NOR,9. Must there be proximate causation between the state cyber operation and the effects or interference prohibited by sovereignty as a rule?  ,Silent¶¶,,,,,
NOR,9(a) Must the state cyber operation generate prohibited effects directly?,Silent,,,,,
NOR,9(b) Do prohibited effects indirectly generated by a state cyber operation constitute a violation of sovereignty as a rule?,Silent,,,,,
NOR,10. Can state cyber operations that deny access to or degrade data in the control of another State constitute a violation of sovereignty as a rule?,Yes,"Similarly, a cyber operation that interferes with or usurps the inherently governmental functions of another State may constitute a violation of sovereignty. This is based on the premise that a State enjoys the exclusive right to exercise within its territory, to the exclusion of any other State, the functions of a State’. Accordingly, what matters is not whether physical damage, injury, or loss of functionality has resulted, but whether the cyber operation has interfered with data or services that are necessary for the exercise of inherently governmental functions.",Norway position statement pg. 4 (2021),,,
NOR,10(a) Do state sponsored ransomware operations violate the sovereignty of another State?,¶Ambiguous ,"In addition to physical damage, causing cyber infrastructure to lose functionality may also be taken into consideration and may amount to a violation. This includes the use of crypto viruses to encrypt data and thus render them unusable for a substantial period of time. The principle of sovereignty encompasses cyber infrastructure located in a State’s territory irrespective of¶whether it is governmental or private.",Norway position statement pg. 4 (2021)¶,,,
NOR,10(b) Can state cyber operations against data residing in cloud servers outside of a State’s territorial jurisdiction constitute a violation of sovereignty as a rule?,Silent¶,,,No mention of the location of the data exists. ,,
NOR,10(c) Does the exercise of one State’s law enforcement tools via cyber means in the networks or systems of another State’s territory violate the sovereignty of the latter State?,Silent,,,,,
NOR,11. Do State cyber operations that interfere at any level with critical infrastructure in another State constitute a violation of sovereignty as a rule?¶,Silent,,¶,I would move this to silent.  The question is very specific; looking for whether approach is different for CI.,,
NOR,12. Can State cyber operations that cause significant national economic impacts for another State constitute a violation of sovereignty as a rule?,Silent¶,,,,,
NOR,13. Does cyber espionage by one State in or transiting networks or hardware resident in another State constitute a violation of sovereignty as a rule?,Silent¶,,,,,
NOR,13a. Can gaining unauthorized access to computer systems or data within a State’s sovereign control violate the rules of sovereignty?,Silent,,,,,
NOR,14. Are violations of sovereignty assessed on a case-by-case basis?,Yes¶,"The precise threshold of what constitute a cyber operation in violation of sovereignty is not settled in international law, and will depend on a case-by-case assessment.",Norway position statement pg. 4 (2021)¶,,,
PAK,1.  Is sovereignty a foundational principle of the international legal order?,Silent,,,,,
PAK,2. Does sovereignty confer on states authority over cyber infrastructure located in their respective territories and over the actions they take with respect to that infrastructure?,Silent.,,,,,
PAK,"2(a) Does sovereignty encompass the right of a state to protect cyber infrastructure and safeguard cyber activity that is located in, or takes place on, its territory?", Silent.,,,,,
PAK,"2(a) Does sovereignty encompass the right of a state to protect cyber infrastructure and safeguard cyber activity that is located in, or takes place on, its territory?",Silent.,,,,,
PAK,2(b) Is the exercise of such sovereign authority subject to international human rights law and other fundamental freedoms?,Silent,,,,,
PAK,"3. Is sovereignty a stand-alone, primary rule of international law, the breach of which can incur international responsibility?", Silent.,,,,,
PAK,3(a) Can violations of sovereignty not amounting to prohibited interventions constitute internationally wrongful acts?  , Silent.,,,,,
PAK,4. Does the State indicate how to identify a violation of any stand-alone sovereignty rule?, Silent.,,,,,
PAK,4(a) Is there a de minimis threshold below which a violation of sovereignty would not occur?,,,,,,
PAK,"5. Is it a violation of territorial sovereignty for an organ of a State, or others whose conduct is attributable to the State, to conduct non-consensual cyber operations while physically present on another State’s territory against that State or entities or persons on its territory?", Silent,,,,,
PAK,6. Can state cyber operations that cause physical effects in another state’s territory constitute a violation of sovereignty as a rule?, Silent.,,,,,
PAK,6(a) Do any physical effects constitute a violation?, Silent.,,,,,
PAK,"6(b) Must the effects involve physical damage to computer infrastructure or other tangible things, or injury to persons, to constitute a violation of sovereignty as a rule?", Silent.,,,,,
PAK,6(b)(i) Must the effect of a cyber operation to computer infrastructure require repair or replacement of physical components to qualify as damage?, Silent.,,,,,
PAK,6(c) Do only cyber operations generating significant physical effects within another State’s territory constitute a violation?, Silent.,,,,,
PAK,7 Can state cyber operations that cause a loss to computer functionality in another State’s territory constitute a violation of sovereignty as a rule?, Silent.,,,,,
PAK,7(a) Is the rule violated by a cyber operation generating any functionality losses within another state’s territory?, Silent.,,,,,
PAK,7(b) Is the rule violated by a cyber operation generating significant functionality losses within another state’s territory?, Silent.,,,,,
PAK,7(c) Is the rule violated by a cyber operation generating systemic functionality losses within another state’s territory?, Silent.,,,,,
PAK,8. Can state cyber operations that interfere with another state’s “inherent governmental functions” constitute a violation of sovereignty as a rule?, Silent.,,,,,
PAK,9. Must there be proximate causation between the state cyber operation and the effects or interference prohibited by sovereignty as a rule?  ,Silent,,,,,
PAK,9(a) Must the state cyber operation generate prohibited effects directly?, Silent,,,,,
PAK,9(b) Do prohibited effects indirectly generated by a state cyber operation constitute a violation of sovereignty as a rule?, Silent,,,,,
PAK,10. Can state cyber operations that deny access to or degrade data in the control of another State constitute a violation of sovereignty as a rule?, Silent,,,,,
PAK,10(a) Do state sponsored ransomware operations violate the sovereignty of another State?, Silent,,,,,
PAK,10(b) Can state cyber operations against data residing in cloud servers outside of a State’s territorial jurisdiction constitute a violation of sovereignty as a rule?, Silent¶,,,,,
PAK,10(c) Does the exercise of one State’s law enforcement tools via cyber means in the networks or systems of another State’s territory violate the sovereignty of the latter State?, Silent¶,,,,,
PAK,11. Do State cyber operations that interfere at any level with critical infrastructure in another State constitute a violation of sovereignty as a rule?¶, Silent,,,,,
PAK,12. Can State cyber operations that cause significant national economic impacts for another State constitute a violation of sovereignty as a rule?, Silent,,,,,
PAK,13. Does cyber espionage by one State in or transiting networks or hardware resident in another State constitute a violation of sovereignty as a rule?, Silent,,,,,
PAK,13(a). Can gaining unauthorized access to computer systems or data within a State’s sovereign control violate the rules of sovereignty?,Silent,,,,,
PAK,14. Are violations of sovereignty assessed on a case-by-case basis?, Silent,,,,,
PER,1.  Is sovereignty a foundational principle of the international legal order?,Yes,Respect for the sovereignty of States is one of the fundamental pillars of international society.,Response submitted by Peru (OAS) Peru Response p. 1; p. 6,,,
PER,2.  Does sovereignty confer on states authority over cyber infrastructure located in their respective territories and over the actions they take with respect to that infrastructure?,Silent,,Peru Response p. 1; p. 6-7¶¶¶,,,
PER,"2(a). Does sovereignty encompass the right of a state to protect cyber infrastructure and safeguard cyber activity that is located in, or takes place on, its territory?",Silent,,,,,
PER,2(b) Is the exercise of such sovereign authority subject to international human rights law and other fundamental freedoms?  ,Silent,,,,,
PER,"3. Is sovereignty a stand-alone, primary rule of international law, the breach of which can incur international responsibility?",Silent ,,,,,
PER,3(a) Can violations of sovereignty not amounting to prohibited interventions constitute internationally wrongful acts?  ,Silent,,,,,
PER,4. Does the State indicate how to identify a violation of any stand-alone sovereignty rule?,Silent,,,,,
PER,4(a) Is there a de minimis threshold below which a violation of sovereignty would not occur?,Silent,,,,,
PER,"5. Is it a violation of territorial sovereignty for an organ of a State, or others whose conduct is attributable to the State, to conduct non-consensual cyber operations while physically present on another State’s territory against that State or entities or persons on its territory?",Silent,,,,,
PER,6. Can state cyber operations that cause physical effects in another state’s territory constitute a violation of sovereignty as a rule?,Silent,,,,,
PER,6(a) Do any physical effects constitute a violation?,Silent,,,,,
PER,"6(b) Must the effects involve physical damage to computer infrastructure or other tangible things, or injury to persons, to constitute a violation of sovereignty as a rule?",Silent,,,,,
PER,6(b)(i) Must the effect of a cyber operation to computer infrastructure require repair or replacement of physical components to qualify as damage?,Silent ,,,,,
PER,6(c) Do only cyber operations generating significant physical effects within another State’s territory constitute a violation?,Silent ,,,,,
PER,7 Can state cyber operations that cause a loss to computer functionality in another State’s territory constitute a violation of sovereignty as a rule?,Silent,,,,,
PER,7(a) Is the rule violated by a cyber operation generating any functionality losses within another state’s territory?,Silent,,,,,
PER,7(b) Is the rule violated by a cyber operation generating significant functionality losses within another state’s territory?,Silent,,,,,
PER,7(c) Is the rule violated by a cyber operation generating systemic functionality losses within another state’s territory?,Silent,,,,,
PER,8. Can state cyber operations that interfere with another state’s “inherent governmental functions” constitute a violation of sovereignty as a rule?,Silent,,,,,
PER,9. Must there be proximate causation between the state cyber operation and the effects or interference prohibited by sovereignty as a rule?  ,Silent,,,,,
PER,9(a) Must the state cyber operation generate prohibited effects directly?,Silent,,,,,
PER,9(b) Do prohibited effects indirectly generated by a state cyber operation constitute a violation of sovereignty as a rule?,Silent¶,,,,,
PER,10. Can state cyber operations that deny access to or degrade data in the control of another State constitute a violation of sovereignty as a rule?,Silent¶,,,,,
PER,10(a) Do state sponsored ransomware operations violate the sovereignty of another State?,Silent¶,,,,,
PER,10(b) Can state cyber operations against data residing in cloud servers outside of a State’s territorial jurisdiction constitute a violation of sovereignty as a rule?,Silent¶,,,,,
PER,10(c) Does the exercise of one State’s law enforcement tools via cyber means in the networks or systems of another State’s territory violate the sovereignty of the latter State?,Silent¶,,,,,
PER,11. Do State cyber operations that interfere at any level with critical infrastructure in another State constitute a violation of sovereignty as a rule?¶,Silent¶,,,,,
PER,12. Can State cyber operations that cause significant national economic impacts for another State constitute a violation of sovereignty as a rule?,Silent¶,,,,,
PER,13. Does cyber espionage by one State in or transiting networks or hardware resident in another State constitute a violation of sovereignty as a rule?,Silent¶,,,,,
PER,13(a). Can gaining unauthorized access to computer systems or data within a State’s sovereign control violate the rules of sovereignty?,Silent,,,,,
PER,14. Are violations of sovereignty assessed on a case-by-case basis?,Silent,,,,,
POL,1.  Is sovereignty a foundational principle of the international legal order?,Yes,State sovereignty is a basic principle of international law.,"¶Poland's Position (2022)¶Poland Position pg. 3, §2 (2022)",,,
POL,2.  Does sovereignty confer on states authority over cyber infrastructure located in their respective territories and over the actions they take with respect to that infrastructure?,Yes,"State sovereignty is a basic principle of international law. According to this principle, states are independent and equal in international relations, while their territorial integrity and political independence are inviolable. As a consequence, states exercise supreme power over their own territory.","Poland Position pg. 3, §2 (2022)",Poland’s position confers supreme power over a state’s own territory based on sovereignty and territorial integrity.,,
POL,"2(a) Does sovereignty encompass the right of a state to protect cyber infrastructure and safeguard cyber activity that is located in, or takes place on, its territory?",Yes,"A state exercises power over cyberspace users located within its territory, over IT infrastructure and over data. While respecting the norms of international law by which it is bound, it may exercise its sovereign prerogatives over such actors and facilities. It is also entitled to protect them.","Poland Position pg. 3, §2 (2022)¶","Poland’s position recognizes that sovereignty includes prerogatives over actors, facilities, and users of information technology infrastructure. The right to protect cyber infrastructure is extensive enough to include safeguarding cyber activity located on a state’s own territory.",,
POL,2(b) Is the exercise of such sovereign authority subject to international human rights law and other fundamental freedoms?  ,Yes,Respecting sovereignty in cyberspace must not serve as an excuse for violations of international human rights law. ,"Poland Position pg.6, §7, 2022",,,
POL,"3. Is sovereignty a stand-alone, primary rule of international law, the breach of which can incur international responsibility?",Yes,. . .  Actions in cyberspace that violate the prohibition of the use of force and the principle of non-intervention in affairs falling under the domestic jurisdiction of a state would also violate the principle of sovereignty . . . A cyberattack that does not reach the threshold of the prohibited use of force may be deemed a prohibited intervention or an action that violates the principle of sovereignty.¶ ,"Poland Position pp. 3-4, §2","Poland’s position indicates that violations of sovereignty also exist independently from any prohibited acts, although one act may overlap in terms of violations of all the applicable principle of international law.",,
POL,3(a) Can violations of sovereignty not amounting to prohibited interventions constitute internationally wrongful acts?  ,Yes,A cyberattack that does not reach the threshold of the prohibited use of force may be deemed a prohibited intervention or an action that violates the principle of sovereignty.,"Poland Position pg. 5, §4",Poland’s position indicates that violations of sovereignty also exist independently from any prohibited acts.¶,,
POL,4. Does the State indicate how to identify a violation of any stand-alone sovereignty rule?,Yes,"Poland is of the opinion that in the event of a hostile operation conducted in cyberspace, causing serious adverse effects within the territory of a state, such actions should be considered a violation of the principle of sovereignty, irrespective of whether such effects are of kinetic nature or are limited to cyberspace. The violation of the principle of sovereignty may be exemplified by a conduct attributable to a third country that consists in interfering with the functioning of state organs, for instance by preventing the proper functioning of ICT networks, services or systems of public entities, or by a theft, erasure or public disclosure of data belonging to such entities","Poland Position pg. 3, §2",1)    Elements:¶Hostile Cyberspace Operation ¶Serious Adverse Effects¶Within Territory of a State¶Does not matter if effects are physical or cyberspace,,
POL,4(a) Is there a de minimis threshold below which a violation of sovereignty would not occur?,Yes,"Poland is of the opinion that in the event of a hostile operation conducted in cyberspace, causing serious adverse effects within the territory of a state, such actions should be considered a violation of the principle of sovereignty, irrespective of whether such effects are of kinetic nature or are limited to cyberspace. The violation of the principle of sovereignty may be exemplified by a conduct attributable to a third country that consists in interfering with the functioning of state organs, for instance by preventing the proper functioning of ICT networks, services or systems of public entities, or by a theft, erasure or public disclosure of data belonging to such entities",,Inferred from statement,,
POL,"5. Is it a violation of territorial sovereignty for an organ of a State, or others whose conduct is attributable to the State, to conduct non-consensual cyber operations while physically present on another State’s territory against that State or entities or persons on its territory?", Silent,,,,,
POL,6. Can state cyber operations that cause physical effects in another state’s territory constitute a violation of sovereignty as a rule?,Yes,"Poland is of the opinion that in the event of a hostile operation conducted in cyberspace, causing serious adverse effects within the territory of a state, such actions should be considered a violation of the principle of sovereignty, irrespective of whether such effects are of kinetic nature or are limited to cyberspace.","Poland Position pg. 3, §2",,,
POL,6(a) Do any physical effects constitute a violation?,Ambiguous,"Poland is of the opinion that in the event of a hostile operation conducted in cyberspace, causing serious adverse effects within the territory of a state, such actions should be considered a violation of the principle of sovereignty, irrespective of whether such effects are of kinetic nature or are limited to cyberspace.",,Inferred from statement re serious adverse effects,,
POL,"6(b) Must the effects involve physical damage to computer infrastructure or other tangible things, or injury to persons, to constitute a violation of sovereignty as a rule?",No,"Poland is of the opinion that in the event of a hostile operation conducted in cyberspace, causing serious adverse effects within the territory of a state, such actions should be considered a violation of the principle of sovereignty, irrespective of whether such effects are of kinetic nature or are limited to cyberspace.","Poland Position pg. 3, §2¶",,,
POL,6(b)(i) Must the effect of a cyber operation to computer infrastructure require repair or replacement of physical components to qualify as damage?,Silent,.,,,,
POL,6(c) Do only cyber operations generating significant physical effects within another State’s territory constitute a violation?,No¶,"Poland is of the opinion that in the event of a hostile operation conducted in cyberspace, causing serious adverse effects within the territory of a state, such actions should be considered a violation of the principle of sovereignty, irrespective of whether such effects are of kinetic nature or are limited to cyberspace.",,,,
POL,7 Can state cyber operations that cause a loss to computer functionality in another State’s territory constitute a violation of sovereignty as a rule?,Yes,"Poland is of the opinion that in the event of a hostile operation conducted in cyberspace, causing serious adverse effects within the territory of a state, such actions should be considered a violation of the principle of sovereignty, irrespective of whether such effects are of kinetic nature or are limited to cyberspace. The violation of the principle of sovereignty may be exemplified by a conduct attributable to a third country that consists in interfering with the functioning of state organs, for instance by preventing the proper functioning of ICT networks, services or systems of public entities, or by a theft, erasure or public disclosure of data belonging to such entities. ","Poland Position pg. 3, §2¶",,,
POL,7(a) Is the rule violated by a cyber operation generating any functionality losses within another state’s territory?,No ,"Poland is of the opinion that in the event of a hostile operation conducted in cyberspace, causing serious adverse effects within the territory of a state, such actions should be considered a violation of the principle of sovereignty, irrespective of whether such effects are of kinetic nature or are limited to cyberspace.","Poland Position pg. 3, §2¶¶¶¶¶¶¶",See “serious”,,
POL,7(b) Is the rule violated by a cyber operation generating significant functionality losses within another state’s territory?,Yes,"Poland is of the opinion that in the event of a hostile operation conducted in cyberspace, causing serious adverse effects within the territory of a state, such actions should be considered a violation of the principle of sovereignty, irrespective of whether such effects are of kinetic nature or are limited to cyberspace.",,,,
POL,7(c) Is the rule violated by a cyber operation generating systemic functionality losses within another state’s territory?,Silent,,,,,
POL,8. Can state cyber operations that interfere with another state’s “inherent governmental functions” constitute a violation of sovereignty as a rule?,Yes,"The violation of the principle of sovereignty may be exemplified by a conduct attributable to a third country that consists in interfering with the functioning of state organs, for instance by preventing the proper functioning of ICT networks, services or systems of public entities, or by a theft, erasure or public disclosure of data belonging to such entities.",,¶.,,
POL,9. Must there be proximate causation between the state cyber operation and the effects or interference prohibited by sovereignty as a rule?  ,Silent,,,,,
POL,9(a) Must the state cyber operation generate prohibited effects directly?,Silent,,,,,
POL,9(b) Do prohibited effects indirectly generated by a state cyber operation constitute a violation of sovereignty as a rule?,Silent,,,,,
POL,10. Can state cyber operations that deny access to or degrade data in the control of another State constitute a violation of sovereignty as a rule?,Silent,,,,,
POL,10(a) Do state sponsored ransomware operations violate the sovereignty of another State?, Silent,,,,,
POL,10(b) Can state cyber operations against data residing in cloud servers outside of a State’s territorial jurisdiction constitute a violation of sovereignty as a rule?, Silent,,,,,
POL,10(c) Does the exercise of one State’s law enforcement tools via cyber means in the networks or systems of another State’s territory violate the sovereignty of the latter State?, Silent,,,,,
POL,11. Do State cyber operations that interfere at any level with critical infrastructure in another State constitute a violation of sovereignty as a rule?¶,¶Silent,,,,,
POL,12. Can State cyber operations that cause significant national economic impacts for another State constitute a violation of sovereignty as a rule?,Silent ,,¶,,,
POL,13. Does cyber espionage by one State in or transiting networks or hardware resident in another State constitute a violation of sovereignty as a rule?, Silent,,,,,
POL,13(a). Can gaining unauthorized access to computer systems or data within a State’s sovereign control violate the rules of sovereignty?,Silent,,,,,
POL,14. Are violations of sovereignty assessed on a case-by-case basis?,Silent ,,,,,
ROU,1.  Is sovereignty a foundational principle of the international legal order?,Yes,Romania considers that respect for the state sovereignty is an international obligation per se . . . ,"Romania, UNGA Compendium pg. 76 (2021)¶",By inference,,
ROU,2.  Does sovereignty confer on states authority over cyber infrastructure located in their respective territories and over the actions they take with respect to that infrastructure?, Silent,,,,,
ROU,"2(a). Does sovereignty encompass the right of a state to protect cyber infrastructure and safeguard cyber activity that is located in, or takes place on, its territory?",Silent,,,,,
ROU,2(b) Is the exercise of such sovereign authority subject to international human rights law and other fundamental freedoms?  ,Yes,whatever regulation a State adopts (by virtue of its sovereign right) it must conform with its international obligations in the field of human rights.,UNGA Compendium pg. 76¶,,,
ROU,"3. Is sovereignty a stand-alone, primary rule of international law, the breach of which can incur international responsibility?",Yes,"Romania considers that respect for the state sovereignty is an international obligation per se, the breach of which constitutes an internationally wrongful act; States have an obligation to respect the sovereignty of other States and refrain from activities that constitute a violation of their sovereignty; this holds true both in what concerns the internal as well as the external facet of the principle of sovereignty.",UNGA Compendium pg. 76¶,,,
ROU,3(a) Can violations of sovereignty not amounting to prohibited interventions constitute internationally wrongful acts?  ,Yes,"Romania considers that respect for the state sovereignty is an international obligation per se, the breach of which constitutes an internationally wrongful act; States have an obligation to respect the sovereignty of other States and refrain from activities that constitute a violation of their sovereignty; this holds true both in what concerns the internal as well as the external facet of the principle of sovereignty.",UNGA Compendium pg. 76,,,
ROU,4. Does the State indicate how to identify a violation of any stand-alone sovereignty rule?,Yes,"In relation to these aspects, RO is of the view that cyber operations (conducted by a State organ or by a person or entity exercising elements of governmental authority or by a person acting under the instructions of or under the direction or control of a State) that interferes with or prevents in any way a State from exercising its (internal and/ or external) sovereign prerogatives (i.e. authority over its territory, over the property and persons situated therein) constitute a violation of the principle of State sovereignty and, thus, a breach of international law.",UNGA Compendium pg. 76¶,Elements¶Cyber Operation¶Interferes with or prevents in any way a State from exercising its sovereign prerogatives¶,,
ROU,4(a) Is there a de minimis threshold below which a violation of sovereignty would not occur?,Ambiguous,"In relation to these aspects, RO is of the view that cyber operations (conducted by a State organ or by a person or entity exercising elements of governmental authority or by a person acting under the instructions of or under the direction or control of a State) that interferes with or prevents in any way a State from exercising its (internal and/ or external) sovereign prerogatives (i.e. authority over its territory, over the property and persons situated therein) constitute a violation of the principle of State sovereignty and, thus, a breach of international law",UNGA Compendium pg. 76¶,"w/respect to “any interference w/exercise of sov. authority, but not clear if de minimis applies to physical or functionality effects ",,
ROU,"5. Is it a violation of territorial sovereignty for an organ of a State, or others whose conduct is attributable to the State, to conduct non-consensual cyber operations while physically present on another State’s territory against that State or entities or persons on its territory?",Silent,.,,,,
ROU,6. Can state cyber operations that cause physical effects in another state’s territory constitute a violation of sovereignty as a rule?, Ambiguous,"In relation to these aspects, RO is of the view that cyber operations (conducted by a State organ or by a person or entity exercising elements of governmental authority or by a person acting under the instructions of or under the direction or control of a State) that interferes with or prevents in any way a State from exercising its (internal and/ or external) sovereign prerogatives (i.e. authority over its territory, over the property and persons situated therein) constitute a violation of the principle of State sovereignty and, thus, a breach of international law",UNGA Compendium pg. 76¶,"If physical effect is against a gov’t infrastructure, it could be inferred as a yes",,
ROU,6(a) Do any physical effects constitute a violation?,Ambiguous,"In relation to these aspects, RO is of the view that cyber operations (conducted by a State organ or by a person or entity exercising elements of governmental authority or by a person acting under the instructions of or under the direction or control of a State) that interferes with or prevents in any way a State from exercising its (internal and/ or external) sovereign prerogatives (i.e. authority over its territory, over the property and persons situated therein) constitute a violation of the principle of State sovereignty and, thus, a breach of international law",UNGA Compendium pg. 76¶,,,
ROU,"6(b) Must the effects involve physical damage to computer infrastructure or other tangible things, or injury to persons, to constitute a violation of sovereignty as a rule?",Silent ,,,,,
ROU,6(b)(i) Must the effect of a cyber operation to computer infrastructure require repair or replacement of physical components to qualify as damage?,Silent ,,,,,
ROU,6(c) Do only cyber operations generating significant physical effects within another State’s territory constitute a violation?,No ,"In relation to these aspects, RO is of the view that cyber operations (conducted by a State organ or by a person or entity exercising elements of governmental authority or by a person acting under the instructions of or under the direction or control of a State) that interferes with or prevents in any way a State from exercising its (internal and/ or external) sovereign prerogatives (i.e. authority over its territory, over the property and persons situated therein) constitute a violation of the principle of State sovereignty and, thus, a breach of international law.",UNGA Compendium pg. 76¶,“any way” ,,
ROU,7. Can state cyber operations that cause a loss to computer functionality in another State’s territory constitute a violation of sovereignty as a rule?,Yes,"In relation to these aspects, RO is of the view that cyber operations (conducted by a State organ or by a person or entity exercising elements of governmental authority or by a person acting under the instructions of or under the direction or control of a State) that interferes with or prevents in any way a State from exercising its (internal and/ or external) sovereign prerogatives (i.e. authority over its territory, over the property and persons situated therein) constitute a violation of the principle of State sovereignty and, thus, a breach of international law.",UNGA Compendium pg. 76¶,,,
ROU,7(a) Is the rule violated by a cyber operation generating any functionality losses within another state’s territory?,Ambiguous ,"In relation to these aspects, RO is of the view that cyber operations (conducted by a State organ or by a person or entity exercising elements of governmental authority or by a person acting under the instructions of or under the direction or control of a State) that interferes with or prevents in any way a State from exercising its (internal and/ or external) sovereign prerogatives (i.e. authority over its territory, over the property and persons situated therein) constitute a violation of the principle of State sovereignty and, thus, a breach of international law",,,,
ROU,7(b) Is the rule violated by a cyber operation generating significant functionality losses within another state’s territory?,Silent ,,,,,
ROU,7(c) Is the rule violated by a cyber operation generating systemic functionality losses within another state’s territory?,Silent,,,,,
ROU,8. Can state cyber operations that interfere with another state’s “inherent governmental functions” constitute a violation of sovereignty as a rule?,Yes,"In relation to these aspects, RO is of the view that cyber operations (conducted by a State organ or by a person or entity exercising elements of governmental authority or by a person acting under the instructions of or under the direction or control of a State) that interferes with or prevents in any way a State from exercising its (internal and/ or external) sovereign prerogatives (i.e. authority over its territory, over the property and persons situated therein) constitute a violation of the principle of State sovereignty and, thus, a breach of international law.",UNGA Compendium pg. 76¶,By implication even though the phrase isn’t used,,
ROU,9. Must there be proximate causation between the state cyber operation and the effects or interference prohibited by sovereignty as a rule?  ,Silent,,,,,
ROU,9(a) Must the state cyber operation generate prohibited effects directly?,Silent,.,,S¶,,
ROU,9(b) Do prohibited effects indirectly generated by a state cyber operation constitute a violation of sovereignty as a rule?,Silent,,,,,
ROU,10. Can state cyber operations that deny access to or degrade data in the control of another State constitute a violation of sovereignty as a rule?,Yes,"In relation to these aspects, RO is of the view that cyber operations (conducted by a State organ or by a person or entity exercising elements of governmental authority or by a person acting under the instructions of or under the direction or control of a State) that interferes with or prevents in any way a State from exercising its (internal and/ or external) sovereign prerogatives (i.e. authority over its territory, over the property and persons situated therein) constitute a violation of the principle of State sovereignty and, thus, a breach of international law.",UNGA Compendium pg. 76¶,,,
ROU,10(a) Do state sponsored ransomware operations violate the sovereignty of another State?,Silent,,,,,
ROU,10(b) Can state cyber operations against data residing in cloud servers outside of a State’s territorial jurisdiction constitute a violation of sovereignty as a rule?,Silent,,,,,
ROU,10(c) Does the exercise of one State’s law enforcement tools via cyber means in the networks or systems of another State’s territory violate the sovereignty of the latter State?,Silent,,,,,
ROU,11. Do State cyber operations that interfere at any level with critical infrastructure in another State constitute a violation of sovereignty as a rule?¶,Silent,,,,,
ROU,12. Can State cyber operations that cause significant national economic impacts for another State constitute a violation of sovereignty as a rule?,Silent,,UNGA Compendium pg. 76¶,,,
ROU,13. Does cyber espionage by one State in or transiting networks or hardware resident in another State constitute a violation of sovereignty as a rule?,Silent,,,,,
ROU,13(a). Can gaining unauthorized access to computer systems or data within a State’s sovereign control violate the rules of sovereignty?,Silent,,,,,
ROU,14. Are violations of sovereignty assessed on a case-by-case basis?,Silent ,,,,,
RUS,1.  Is sovereignty a foundational principle of the international legal order?,Silent,,,,,
RUS,2.  Does sovereignty confer on states authority over cyber infrastructure located in their respective territories and over the actions they take with respect to that infrastructure?,Silent,,,,,
RUS,"2(a). Does sovereignty encompass the right of a state to protect cyber infrastructure and safeguard cyber activity that is located in, or takes place on, its territory?",Silent,,,,,
RUS,2(b) Is the exercise of such sovereign authority subject to international human rights law and other fundamental freedoms?  ,Silent,,,,,
RUS,"3. Is sovereignty a stand-alone, primary rule of international law, the breach of which can incur international responsibility?",Silent ,,,,,
RUS,3(a) Can violations of sovereignty not amounting to prohibited interventions constitute internationally wrongful acts?  ,Silent,,,,,
RUS,4. Does the State indicate how to identify a violation of any stand-alone sovereignty rule?,Silent,,,,,
RUS,4(a) Is there a de minimis threshold below which a violation of sovereignty would not occur?,,,,,,
RUS,"5. Is it a violation of territorial sovereignty for an organ of a State, or others whose conduct is attributable to the State, to conduct non-consensual cyber operations while physically present on another State’s territory against that State or entities or persons on its territory?",Silent,,,,,
RUS,6. Can state cyber operations that cause physical effects in another state’s territory constitute a violation of sovereignty as a rule?,Silent,,,,,
RUS,6(a) Do any physical effects constitute a violation?,Silent,,,,,
RUS,"6(b) Must the effects involve physical damage to computer infrastructure or other tangible things, or injury to persons, to constitute a violation of sovereignty as a rule?",Silent,,,,,
RUS,6(b)(i) Must the effect of a cyber operation to computer infrastructure require repair or replacement of physical components to qualify as damage?,Silent ,,,,,
RUS,6(c) Do only cyber operations generating significant physical effects within another State’s territory constitute a violation?,Silent,,,,,
RUS,7 Do state cyber operations that cause a loss to computer functionality in another State’s territory constitute a violation of sovereignty as a rule?,Silent,,,,,
RUS,7(a) Is the rule violated by a cyber operation generating any functionality losses within another state’s territory?,Silent,,,,,
RUS,7(b) Is the rule violated by a cyber operation generating significant functionality losses within another state’s territory?,Silent,,,,,
RUS,7(c) Is the rule violated by a cyber operation generating systemic functionality losses within another state’s territory?,Silent,,,,,
RUS,8. Can state cyber operations that interfere with another state’s “inherent governmental functions” constitute a violation of sovereignty as a rule?,Silent ,,,,,
RUS,9. Must there be proximate causation between the state cyber operation and the effects or interference prohibited by sovereignty as a rule?  ,Silent,,,,,
RUS,9(a) Must the state cyber operation generate prohibited effects directly?,Silent,,,,,
RUS,9(b) Do prohibited effects indirectly generated by a state cyber operation constitute a violation of sovereignty as a rule?,Silent,,,,,
RUS,10. Can state cyber operations that deny access to or degrade data in the control of another State constitute a violation of sovereignty as a rule?,Silent,,,,,
RUS,10(a) Do state sponsored ransomware operations violate the sovereignty of another State?,Silent,,,,,
RUS,10(b) Can state cyber operations against data residing in cloud servers outside of a State’s territorial jurisdiction constitute a violation of sovereignty as a rule?,Silent,,,,,
RUS,10(c) Does the exercise of one State’s law enforcement tools via cyber means in the networks or systems of another State’s territory violate the sovereignty of the latter State?,Silent  ,,,,,
RUS,11. Do State cyber operations that interfere at any level with critical infrastructure in another State constitute a violation of sovereignty as a rule?¶,Silent,,,,,
RUS,12. Can State cyber operations that cause significant national economic impacts for another State constitute a violation of sovereignty as a rule?,Silent,,,,,
RUS,13. Does cyber espionage by one State in or transiting networks or hardware resident in another State constitute a violation of sovereignty as a rule?,Silent,,,,,
RUS,13(a). Can gaining unauthorized access to computer systems or data within a State’s sovereign control violate the rules of sovereignty?,Silent,,,,,
RUS,14. Are violations of sovereignty assessed on a case-by-case basis?,Silent,,,,,
SGP,1.  Is sovereignty a foundational principle of the international legal order?,Yes,"Singapore affirms the principle that international law, in particular the Charter of the United Nations (the “UN Charter”), applies to cyberspace...¶First, the principles of State sovereignty and sovereign equality of all States.","Singapore Position UNGA Compendium (2021) pg. 84, para. 3",,,
SGP,2.  Does sovereignty confer on states authority over cyber infrastructure located in their respective territories and over the actions they take with respect to that infrastructure?,Silent,,,,,
SGP,"2(a). Does sovereignty encompass the right of a state to protect cyber infrastructure and safeguard cyber activity that is located in, or takes place on, its territory?",Silent,,¶¶¶¶¶¶¶¶¶¶¶¶¶¶¶¶¶¶,,,
SGP,2(b) Is the exercise of such sovereign authority subject to international human rights law and other fundamental freedoms?  ,Ambiguous,The same human rights which apply offline also apply online.¶,"Singapore Position UNGA Compendium (2021) pg. 85, para. 18¶",,,
SGP,"3. Is sovereignty a stand-alone, primary rule of international law, the breach of which can incur international responsibility?",Ambiguous,"Singapore affirms that the following key principles enshrined in the UN Charter apply in cyberspace as they do in the physical world, and are of fundamental importance to small States, such as Singapore: First, the principles of State sovereignty and sovereign equality of all States. Singapore’s position is that a cyber operation could, in certain circumstances, amount to a violation of sovereignty.","Singapore Position UNGA Compendium (2021) pg. 83, para. 5",,,
SGP,3(a) Can violations of sovereignty not amounting to prohibited interventions constitute internationally wrongful acts?  ,Ambiguous,"First, the principles of State sovereignty and sovereign equality of all States. Singapore’s position is that a cyber operation could, in certain circumstances, amount to a violation of sovereignty. Second, and as a corollary of the first, the principle of non-intervention in each other’s internal affairs. Singapore affirms that the principle of non-intervention in the internal affairs of other States applies to cyberspace.","Singapore Position UNGA Compendium (2021) pg. 83, para. 5","Singapore indicates that sovereignty is a standalone principle, whereas the principle of non-intervention is a logical consequence of sovereignty. However, malicious cyber activities rising to the level of internationally wrongful acts are mainly discussed in terms of attribution, counter-measures, and peaceful dispute resolution, rather than violations of sovereignty.",,
SGP,4. Does the State indicate how to identify a violation of any stand-alone sovereignty rule?,No,,"Singapore Position UNGA Compendium (2021) pg. 83, para. 5",,,
SGP,4(a) Is there a de minimis threshold below which a violation of sovereignty would not occur?,Silent,,,,,
SGP,"5. Is it a violation of territorial sovereignty for an organ of a State, or others whose conduct is attributable to the State, to conduct non-consensual cyber operations while physically present on another State’s territory against that State or entities or persons on its territory?",Silent,,,"Singapore does not explicitly discuss unauthorized cyber operations or consent as a criterion of sovereignty violations, although these considerations may play a role in determining whether a state’s government was coerced in its exercise of sovereign prerogatives.",,
SGP,6. Can state cyber operations that cause physical effects in another state’s territory constitute a violation of sovereignty as a rule?,Silent,,,,,
SGP,6(a) Do any physical effects constitute a violation?,Silent,,,,,
SGP,"6(b) Must the effects involve physical damage to computer infrastructure or other tangible things, or injury to persons, to constitute a violation of sovereignty as a rule?",Silent,,,,,
SGP,6(b)(i) Must the effect of a cyber operation to computer infrastructure require repair or replacement of physical components to qualify as damage?,Silent,,,,,
SGP,6(c) Do only cyber operations generating significant physical effects within another State’s territory constitute a violation?,Silent,,,,,
SGP,7. Can state cyber operations that cause a loss to computer functionality in another State’s territory constitute a violation of sovereignty as a rule?,Silent,,,,,
SGP,7(a) Is the rule violated by a cyber operation generating any functionality losses within another state’s territory?,Silent,,,,,
SGP,7(b) Is the rule violated by a cyber operation generating significant functionality losses within another state’s territory?,Silent,,,,,
SGP,7(c) Is the rule violated by a cyber operation generating systemic functionality losses within another state’s territory?,Silent,,,,,
SGP,8. Can state cyber operations that interfere with another state’s “inherent governmental functions” constitute a violation of sovereignty as a rule?,Silent,,,,,
SGP,9. Must there be proximate causation between the state cyber operation and the effects or interference prohibited by sovereignty as a rule?  ,Silent,,,,,
SGP,9(a) Must the state cyber operation generate prohibited effects directly?,Silent,,,,,
SGP,9(b) Do prohibited effects indirectly generated by a state cyber operation constitute a violation of sovereignty as a rule?,Silent ,,,,,
SGP,10. Can state cyber operations that deny access to or degrade data in the control of another State constitute a violation of sovereignty as a rule?,Silent,,,,,
SGP,10(a) Do state sponsored ransomware operations violate the sovereignty of another State?,Silent,,¶,,,
SGP,10(b) Can state cyber operations against data residing in cloud servers outside of a State’s territorial jurisdiction constitute a violation of sovereignty as a rule?,Silent,,,,,
SGP,10(c) Does the exercise of one State’s law enforcement tools via cyber means in the networks or systems of another State’s territory violate the sovereignty of the latter State?,Silent ,,,,,
SGP,11. Do State cyber operations that interfere at any level with critical infrastructure in another State constitute a violation of sovereignty as a rule?¶,Silent,,,,,
SGP,12. Can State cyber operations that cause significant national economic impacts for another State constitute a violation of sovereignty as a rule?,Silent ,,,,,
SGP,13. Does cyber espionage by one State in or transiting networks or hardware resident in another State constitute a violation of sovereignty as a rule?,Silent,,,,,
SGP,13(a). Can gaining unauthorized access to computer systems or data within a State’s sovereign control violate the rules of sovereignty?,Silent,,,,,
SGP,14. Are violations of sovereignty assessed on a case-by-case basis?,Silent,,,,,
SWE,1.  Is sovereignty a foundational principle of the international legal order?,Yes,State sovereignty provides a basic foundation for other principles and rules such as those governing the prohibition of intervention and the prohibition of the use of force.,Sweden Position (July 2022) pg. 2,,,
SWE,2.  Does sovereignty confer on states authority over cyber infrastructure located in their respective territories and over the actions they take with respect to that infrastructure?,Yes,"The principle of sovereign equality of States is also applicable to cyberspace. Within their territories, States have jurisdiction and the right to exercise authority within the framework of international law...¶A State’s jurisdiction and authority apply to persons and objects within its territorial borders, including cyber-related activities. A State has a right to protect persons and objects within its territory, or otherwise under its jurisdiction, against interference by cyber means.",Sweden Position (July 2021) pg. 2,,,
SWE,"2(a). Does sovereignty encompass the right of a state to protect cyber infrastructure and safeguard cyber activity that is located in, or takes place on, its territory?",Yes,"A State’s jurisdiction and authority apply to persons and objects within its territorial borders, including cyber-related activities. A State has a right to protect persons and objects within its territory, or otherwise under its jurisdiction, against interference by cyber means.",Sweden Position (July 2021) pg. 2¶,,,
SWE,2(b) Is the exercise of such sovereign authority subject to international human rights law and other fundamental freedoms?,Yes,"Human rights apply online as they do offline...¶The same human rights responsibilities and obligations that States have in the physical world also apply in the digital world. Although human rights are universal and indivisible, some are particularly relevant to the use of the internet, including (but not limited to) freedom of opinion, expression and information, freedom of association and assembly, and privacy. To enable the full enjoyment of human rights online, it is crucial that the internet remains open, free and secure with equal access and inclusiveness for all.",Sweden Position (July 2021) pp. 7-8,,,
SWE,"3. Is sovereignty a stand-alone, primary rule of international law, the breach of which can incur international responsibility?",Yes,"State sovereignty provides a basic foundation for other principles and rules such as those governing the prohibition of intervention and the prohibition of the use of force. However, States also have an obligation to respect the sovereignty of other States, and a breach of this obligation would amount to a wrongful act and give rise to State responsibility.",Sweden Position (July 2021) pg. 2,,,
SWE,3(a) Can violations of sovereignty not amounting to prohibited interventions constitute internationally wrongful acts?  ,Yes,"However, States also have an obligation to respect the sovereignty of other States, and a breach of this obligation would amount to a wrongful act and give rise to State responsibility . . . In general, Sweden is of the view that violations of sovereignty may arise from cyber operations that result in damage or loss of functionality . . . Whether an intrusion has in fact resulted in a violation of sovereignty needs to be assessed on a case-by-case basis taking into consideration the nature and character of the intrusion.",Sweden Position (July 2021) pg. 2¶,"Sweden’s position recognizes that cyber operations resulting in damage or loss of functionality may lead to a sovereignty violation. Given the separate treatment of sovereignty and non-intervention, a standalone violation of sovereignty that is not a prohibited intervention still constitutes a wrongful act.",,
SWE,4. Does the State indicate how to identify a violation of any stand-alone sovereignty rule?,Yes,"Altering and interfering with data without causing physical harm may also violate sovereignty. Such acts include those directed against cyber infrastructure belonging to private individuals or entities. Interference with a State’s inherently governmental functions may also constitute a violation of State sovereignty, including when undertaken with cyber means. Whether an intrusion has in fact resulted in a violation of sovereignty needs to be assessed on a case-by-case basis taking into consideration the nature and character of the intrusion.",Sweden Position (July 2021) pg. 2¶,,,
SWE,4(a) Is there a de minimis threshold below which a violation of sovereignty would not occur?,Silent,,,,,
SWE,"5. Is it a violation of territorial sovereignty for an organ of a State, or others whose conduct is attributable to the State, to conduct non-consensual cyber operations while physically present on another State’s territory against that State or entities or persons on its territory?",Silent ,,,,,
SWE,6. Can state cyber operations that cause physical effects in another state’s territory constitute a violation of sovereignty as a rule?,Yes,"In general, Sweden is of the view that violations of sovereignty may arise from cyber operations that result in damage or loss of functionality. Altering and interfering with data without causing physical harm may also violate sovereignty.",Sweden Position (July 2021) pg. 2¶,.,,
SWE,6(a) Do any physical effects constitute a violation?,Ambiguous,"In general, Sweden is of the view that violations of sovereignty may arise from cyber operations that result in damage or loss of functionality . . . Whether an intrusion has in fact resulted in a violation of sovereignty needs to be assessed on a case-by-case basis taking into consideration the nature and character of the intrusion.",Sweden Position (July 2021) pg. 2¶,,,
SWE,"6(b) Must the effects involve physical damage to computer infrastructure or other tangible things, or injury to persons, to constitute a violation of sovereignty as a rule?",No,"In general, Sweden is of the view that violations of sovereignty may arise from cyber operations that result in damage or loss of functionality. Altering and interfering with data without causing physical harm may also violate sovereignty.",Sweden Position (July 2021) pg. 2¶,The first sentence in the excerpt of Sweden’s position suggests that either physical damage or loss of functionality includes altering and interfering with data without causing physical harm.,,
SWE,6(b)(i) Must the effect of a cyber operation to computer infrastructure require repair or replacement of physical components to qualify as damage?,Silent,,,,,
SWE,6(c) Do only cyber operations generating significant physical effects within another State’s territory constitute a violation?,Silent,.,,.,,
SWE,7 Can state cyber operations that cause a loss to computer functionality in another State’s territory constitute a violation of sovereignty as a rule?,Yes¶,"In general, Sweden is of the view that violations of sovereignty may arise from cyber operations that result in damage or loss of functionality. Altering and interfering with data without causing physical harm may also violate sovereignty . . . Whether an intrusion has in fact resulted in a violation of sovereignty needs to be assessed on a case-by-case basis taking into consideration the nature and character of the intrusion.",Sweden Position (July 2021) pg. 2¶,"If cyber operations result in any damage or loss of functionality, then a sovereignty violation may occur, according to Sweden’s position.",,
SWE,7(a) Is the rule violated by a cyber operation generating any functionality losses within another state’s territory?,Ambiguous,"In general, Sweden is of the view that violations of sovereignty may arise from cyber operations that result in damage or loss of functionality. Altering and interfering with data without causing physical harm may also violate sovereignty . . . Whether an intrusion has in fact resulted in a violation of sovereignty needs to be assessed on a case-by-case basis taking into consideration the nature and character of the intrusion.",Sweden Position (July 2021) pg. 2¶,,,
SWE,7(b) Is the rule violated by a cyber operation generating significant functionality losses within another state’s territory?,Ambiguous,"In general, Sweden is of the view that violations of sovereignty may arise from cyber operations that result in damage or loss of functionality. Altering and interfering with data without causing physical harm may also violate sovereignty . . . Whether an intrusion has in fact resulted in a violation of sovereignty needs to be assessed on a case-by-case basis taking into consideration the nature and character of the intrusion.",Sweden Position (July 2021) pg. 2¶,"If cyber operations result in any damage or loss of functionality, then a sovereignty violation may occur, according to Sweden’s position. The qualification of functionality losses as significant may be a consideration of the intrusion's nature and character.",,
SWE,7(c) Is the rule violated by a cyber operation generating systemic functionality losses within another state’s territory?,Silent,,,,,
SWE,8. Can state cyber operations that interfere with another state’s “inherent governmental functions” constitute a violation of sovereignty as a rule?,Yes,"Interference with a State’s inherently governmental functions may also constitute a violation of State sovereignty, including when undertaken with cyber means. Whether an intrusion has in fact resulted in a violation of sovereignty needs to be assessed on a case-by-case basis taking into consideration the nature and character of the intrusion.",Sweden Position (July 2021) pg. 2,"If cyber operations interfere with a state’s inherently governmental functions, then a sovereignty violation may occur, according to Sweden’s position.",,
SWE,9. Must there be proximate causation between the state cyber operation and the effects or interference prohibited by sovereignty as a rule?  ,Silent,,,,,
SWE,9(a) Must the state cyber operation generate prohibited effects directly?,Silent,,,,,
SWE,9(b) Do prohibited effects indirectly generated by a state cyber operation constitute a violation of sovereignty as a rule?,Silent¶,,,,,
SWE,10. Can state cyber operations that deny access to or degrade data in the control of another State constitute a violation of sovereignty as a rule?,Yes,"In general, Sweden is of the view that violations of sovereignty may arise from cyber operations that result in damage or loss of functionality Altering and interfering with data without causing physical harm may also violate sovereignty . . . Whether an intrusion has in fact resulted in a violation of sovereignty needs to be assessed on a case-by-case basis taking into consideration the nature and character of the intrusion.¶",Sweden Position (July 2021) pg. 2¶,"If a cyber operation results in damage or loss of functionality, then it may be a breach of sovereignty as assessed on a case-by-case basis in accord with Sweden’s position. The alteration of data is presented as an example of a potential breach.",,
SWE,10(a) Do state sponsored ransomware operations violate the sovereignty of another State?,Silent,,,,,
SWE,10(b) Can state cyber operations against data residing in cloud servers outside of a State’s territorial jurisdiction constitute a violation of sovereignty as a rule?,Silent,,,,,
SWE,10(c) Does the exercise of one State’s law enforcement tools via cyber means in the networks or systems of another State’s territory violate the sovereignty of the latter State?,Silent,,,,,
SWE,11. Do State cyber operations that interfere at any level with critical infrastructure in another State constitute a violation of sovereignty as a rule?¶,Silent,,,,,
SWE,12. Can State cyber operations that cause significant national economic impacts for another State constitute a violation of sovereignty as a rule?,Silent,,,,,
SWE,13. Does cyber espionage by one State in or transiting networks or hardware resident in another State constitute a violation of sovereignty as a rule?,Silent,,,,,
SWE,13(a). Can gaining unauthorized access to computer systems or data within a State’s sovereign control violate the rules of sovereignty?,Silent,,,,,
SWE,14. Are violations of sovereignty assessed on a case-by-case basis?,Yes,Whether an intrusion has in fact resulted in a violation of sovereignty needs to be assessed on a case-by-case basis taking into consideration the nature and character of the intrusion.,Sweden Position (July 2021) pg. 2¶,,,
CHE,1.  Is sovereignty a foundational principle of the international legal order?,Yes,Sovereignty is a foundational principle of international law.,"UNGA Compendium Switzerland Position¶¶Switzerland Position UNGA Compendium (2021) pg. 2, §2",,,
CHE,2. Does sovereignty confer on states authority over cyber infrastructure located in their respective territories and over the actions they take with respect to that infrastructure?,Yes,"It refers to a state's jurisdiction to define, apply and enforce its own legal order, which in principle is limited to its territory … State sovereignty is also applicable to cyberspace... For example, state sovereignty protects information and communication technologies (ICT) infrastructure on a state's territory against unauthorised intrusion or material damage. This includes the computer networks,","Switzerland Position UNGA Compendium (2021) pg. 2, §2",,,
CHE,"2(a). Does sovereignty encompass the right of a state to protect cyber infrastructure and safeguard cyber activity that is located in, or takes place on, its territory?",Yes,"Conversely, in terms of interstate relations at cybersecurity level, the principle of sovereignty provides wide scope for protection against cyber operations. For example, state sovereignty protects information and communication technologies (ICT) infrastructure on a state's territory against unauthorised intrusion or material damage. This includes the computer networks, systems and software supported by the ICT infrastructure, regardless of whether the infrastructure is private or public.","Switzerland Position UNGA Compendium (2021) pg. 2, §2¶¶¶¶¶¶¶¶¶¶¶",,,
CHE,2(b) Is the exercise of such sovereign authority subject to international human rights law and other fundamental freedoms?,Yes,"Human rights also apply in the digital space and are a key pillar in the international regulatory framework for digitalisation.¶...¶A number of specific human rights may be particularly affected by cyber-related activities. An individual's right of access to information, right to privacy, or freedom of expression for example, could be restricted because of cyber operations or other cyber-related measures. A state must be able to justify restricting these or other human rights in cyberspace based on the same rules that apply in physical space. In principle, any act of state interference requires an adequate legal basis. The state must also be able to demonstrate that in the balance of interests its actions are appropriate, necessary and reasonable in order to meet a legitimate objective.","Switzerland Position UNGA Compendium (2021) pg. 8, §7",,,
CHE,"3. Is sovereignty a stand-alone, primary rule of international law, the breach of which can incur international responsibility?",Yes,"Sovereignty is a binding primary rule of international law. Violations of sovereignty are therefore considered internationally wrongful acts which, if attributable to the state itself, give rise to state responsibility.","Switzerland Position UNGA Compendium (2021) pg. 2, §2¶",,,
CHE,3(a) Can violations of sovereignty not amounting to prohibited interventions constitute internationally wrongful acts?  ,Yes,"Sovereignty is a binding primary rule of international law. Violations of sovereignty are therefore considered internationally wrongful acts which, if attributable to the state itself, give rise to state responsibility.¶...¶Switzerland recognises that defining what constitutes a violation of the principle of sovereignty in cyberspace is particularly challenging and has yet to be clarified conclusively.","Switzerland Position UNGA Compendium (2021) pp. 2-3, §2¶","Switzerland’s position acknowledges that what constitutes as a violation of sovereignty is still open to debate, but recognizes violations of sovereignty as internationally wrongful acts in accord with state responsibility. Given the separate treatment of sovereignty and non-intervention, a standalone violation of sovereignty that is not a prohibited intervention still constitutes an internationally wrongful act.",,
CHE,4. Does the State indicate how to identify a violation of any stand-alone sovereignty rule?,Yes,"It supports considering the following two criteria in such assessments: first, does the incident violate the state's territorial integrity and second, does it constitute interference with or usurpation of an inherently governmental function. A precise definition of these criteria is a question of interpretation and subject to debate. The current debate includes among other aspects i) incidents whereby the functionality of infrastructure or related equipment has been damaged or limited, ii) cases where data has been altered or deleted, interfering with the fulfilment of inherently governmental functions such as providing social services, conducting elections and referendums, or collecting taxes, and iii) situations in which a state has sought to influence, disrupt or delay democratic decision-making processes in another state through the coordinated use of legal and illegal methods in cyberspace e.g. propaganda, disinformation and covert actions by intelligence services.","Switzerland Position UNGA Compendium (2021) pg. 3, §2",Criteria:¶Violation of State’s Territorial Integrity¶Interference with or Usurpation of an inherently governmental function¶Switzerland’s position notes that various definitions of this two-part test are still up to debate.,,
CHE,4(a) Is there a de minimis threshold below which a violation of sovereignty would not occur?,Silent,,,,,
CHE,"5. Is it a violation of territorial sovereignty for an organ of a State, or others whose conduct is attributable to the State, to conduct non-consensual cyber operations while physically present on another State’s territory against that State or entities or persons on its territory?",Silent,,,,,
CHE,6. Can state cyber operations that cause physical effects in another state’s territory constitute a violation of sovereignty as a rule?,Yes,"For example, state sovereignty protects information and communication technologies (ICT) infrastructure on a state's territory against unauthorised intrusion or material damage...¶It supports considering the following two criteria in such assessments: first, does the incident violate the state's territorial integrity and second, does it constitute interference with or usurpation of an inherently governmental function. A precise definition of these criteria is a question of interpretation and subject to debate.","Switzerland Position UNGA Compendium (2021) pg. 2–3, §2¶",,,
CHE,6(a) Do any physical effects constitute a violation?,Ambiguous,"It supports considering the following two criteria in such assessments: first, does the incident violate the state's territorial integrity and second, does it constitute interference with or usurpation of an inherently governmental function. A precise definition of these criteria is a question of interpretation and subject to debate.","Switzerland Position UNGA Compendium (2021) pg. 3, §2","If a state cyber operation meets the two criteria elicited in the excerpt while causing physical effects in another state’s territory, then such an operation may breach sovereignty, especially if the physical effects cause material damage to ICT infrastructure. The issue lies in the definition and interpretation of these criteria.",,
CHE,"6(b) Must the effects involve physical damage to computer infrastructure or other tangible things, or injury to persons, to constitute a violation of sovereignty as a rule?",No,"the principle of sovereignty provides wide scope for protection against cyber operations. For example, state sovereignty protects information and communication technologies (ICT) infrastructure on a state's territory against unauthorised intrusion or material damage.","Switzerland Position UNGA Compendium (2021) pg. 3, §2",,,
CHE,6(b)(i) Must the effect of a cyber operation to computer infrastructure require repair or replacement of physical components to qualify as damage?,Silent,,,,,
CHE,6(c) Do only cyber operations generating significant physical effects within another State’s territory constitute a violation?,Silent,,,,,
CHE,7. Can state cyber operations that cause a loss to computer functionality in another State’s territory constitute a violation of sovereignty as a rule?,Ambiguous ,A precise definition of these criteria is a question of interpretation and subject to debate. The current debate includes among other aspects i) incidents whereby the functionality of infrastructure or related equipment has been damaged or limited . . . ,"Switzerland Position UNGA Compendium (2021) pg. 3, §2¶¶","Although Switzerland’s position acknowledges that the definition of the criteria is up to debate, the first point of contention is whether effects on functionality constitute a violation of sovereignty.",,
CHE,7(a) Is the rule violated by a cyber operation generating any functionality losses within another state’s territory?,Silent,,,,,
CHE,7(b) Is the rule violated by a cyber operation generating significant functionality losses within another state’s territory?,Silent,,,,,
CHE,7(c) Is the rule violated by a cyber operation generating systemic functionality losses within another state’s territory?,Silent,,,,,
CHE,8. Can state cyber operations that interfere with another state’s “inherent governmental functions” constitute a violation of sovereignty as a rule?,Yes ,"It supports considering the following two criteria in such assessments: first, does the incident violate the state's territorial integrity and second, does it constitute interference with or usurpation of an inherently governmental function.","Switzerland Position UNGA Compendium (2021) pg. 3, §2¶¶¶",,,
CHE,9. Must there be proximate causation between the state cyber operation and the effects or interference prohibited by sovereignty as a rule?  ,Silent,,,,,
CHE,9(a) Must the state cyber operation generate prohibited effects directly?,Silent,,,,,
CHE,9(b) Do prohibited effects indirectly generated by a state cyber operation constitute a violation of sovereignty as a rule?,Silent ,,,,,
CHE,10. Can state cyber operations that deny access to or degrade data in the control of another State constitute a violation of sovereignty as a rule?,Silent,,,,,
CHE,10(a) Do state sponsored ransomware operations violate the sovereignty of another State?,Silent,,,,,
CHE,10(b) Can state cyber operations against data residing in cloud servers outside of a State’s territorial jurisdiction constitute a violation of sovereignty as a rule?,Ambiguous,"One major issue is who has jurisdiction over or access to digital data. In the cyber context, the key question is which states have legitimate control over digital data and are authorised to access that data – which may, depending on the circumstances, be stored on a different territory or may not be localised geographically . . . Conversely, in terms of interstate relations at cybersecurity level, the principle of sovereignty provides wide scope for protection against cyber operations.. . . A precise definition of these criteria is a question of interpretation and subject to debate. The current debate includes among other aspects . . . ii) cases where data has been altered or deleted, interfering with the fulfilment of inherently governmental functions such as providing social services, conducting elections and referendums, or collecting taxes . . .","Switzerland Position UNGA Compendium (2021) pp. 2-3, §2¶¶¶¶¶¶¶","Switzerland’s position recognizes that determining control over digital data is difficult, but sovereignty still allows for the protection of such data even extraterritorially. However, Switzerland’s position also acknowledges that the question of how the elements are defined is up to debate, with a point of contention being whether the alteration or deletion of data constitutes a violation of sovereignty.",,
CHE,10(c) Does the exercise of one State’s law enforcement tools via cyber means in the networks or systems of another State’s territory violate the sovereignty of the latter State?,Silent,,,,,
CHE,11. Do State cyber operations that interfere at any level with critical infrastructure in another State constitute a violation of sovereignty as a rule?¶,Silent,,¶¶¶¶¶,,,
CHE,12. Can State cyber operations that cause significant national economic impacts for another State constitute a violation of sovereignty as a rule?,Silent,,,,,
CHE,13. Does cyber espionage by one State in or transiting networks or hardware resident in another State constitute a violation of sovereignty as a rule?,Silent,,,,,
CHE,13(a). Can gaining unauthorized access to computer systems or data within a State’s sovereign control violate the rules of sovereignty?,Yes,"State sovereignty is also applicable to cyberspace... One major issue is who has jurisdiction over or access to digital data. In the cyber context, the key question is which states have legitimate control over digital data and are authorised to access that data – which may, depending on the circumstances, be stored on a different territory or may not be localised geographically. Conversely, in terms of interstate relations at cybersecurity level, the principle of sovereignty provides wide scope for protection against cyber operations. For example, state sovereignty protects information and communication technologies (ICT) infrastructure on a state's territory against unauthorised intrusion or material damage. This includes the computer networks, systems and software supported by the ICT infrastructure, regardless of whether the infrastructure is private or public","Switzerland’s Position Paper on the Application of International Law in Cyberspace, pg. 2-3, § “Sovereignty” (2021)",,,
CHE,14. Are violations of sovereignty assessed on a case-by-case basis?,Yes,The assessment of an individual case depends on the nature of the cyber incident and its repercussions.,"Switzerland Position UNGA Compendium (2021) pg. 3, §2¶",,,
THA,1.  Is sovereignty a foundational principle of the international legal order?, Yes,The principle of state sovereignty is a fundamental rule of international law that underpins international relations. It is firmly established in customary international law and enshrined in international legal instruments including the Charter of the United Nations and the ASEAN Charter,"Thailand’s National Position on the Application of International Law in Cyberspace, pg. 2, § 7 (2025)",,,
THA,2. Does sovereignty confer on states authority over cyber infrastructure located in their respective territories and over the actions they take with respect to that infrastructure?,Yes,"every State exercises sovereignty over the ICT infrastructure, persons, and activities within its territory, subject to its international legal obligations. This includes the authority to prescribe and enforce laws and regulations governing cyberspace and to protect critical information infrastructure","Thailand’s National Position on the Application of International Law in Cyberspace, pg. 3, § 9 (2025)",,,
THA,"2(a). Does sovereignty encompass the right of a state to protect cyber infrastructure and safeguard cyber activity that is located in, or takes place on, its territory?",Yes,"every State exercises sovereignty over the ICT infrastructure, persons, and activities within its territory, subject to its international legal obligations. This includes the authority to prescribe and enforce laws and regulations governing cyberspace and to protect critical information infrastructure¶","Thailand’s National Position on the Application of International Law in Cyberspace, pg. 3, § 9 (2025)¶",,,
THA,2(b) Is the exercise of such sovereign authority subject to international human rights law and other fundamental freedoms?,Yes¶¶¶¶¶¶¶¶¶¶¶¶¶¶¶,"Thailand affirms that “international human rights law (IHRL) applies in cyberspace, as it does in the physical world,” and that States’ cyber activities “must be conducted in accordance with their international human rights obligations”","¶Thailand’s National Position on the Application of International Law in Cyberspace, pg. 10-11, § 39-41 (2025)¶",,,
THA,"3. Is sovereignty a stand-alone, primary rule of international law, the breach of which can incur international responsibility?", Yes,"Thailand asserts that “a cyber activity... that causes, or is reasonably expected to cause, harmful effects... constitutes a violation of that State’s territorial sovereignty”, and that “such a breach... amounts to an internationally wrongful act”","Thailand’s National Position on the Application of International Law in Cyberspace, pg. 3,4, § 11, 14 (2025)¶",,,
THA,3(a) Can violations of sovereignty not amounting to prohibited interventions constitute internationally wrongful acts?  , Yes,"a breach of the obligation to respect State sovereignty amounts to an internationally wrongful act, even if the cyber operation does not rise to the level of a prohibited intervention","Thailand’s National Position on the Application of International Law in Cyberspace, pg. 4, § 14 (2025)¶",,,
THA,4. Does the State indicate how to identify a violation of any stand-alone sovereignty rule?, Yes,"a cyber activity attributable to a State that causes, or is reasonably expected to cause, harmful effects on ICT systems or infrastructure located within another State’s territory constitutes a violation of that State’s territorial sovereignty¶¶State cyber operations targeting another State’s critical infrastructure constitute a violation of sovereignty where they interfere with the State’s sovereign control over the critical infrastructure; cause harm or compromise essential functions of the critical infrastructure.","Thailand’s National Position on the Application of International Law in Cyberspace, pg. 3, § 11 , 12 (2025)¶",,,
THA,4(a) Is there a de minimis threshold below which a violation of sovereignty would not occur?,Silent,,,,,
THA,"5. Is it a violation of territorial sovereignty for an organ of a State, or others whose conduct is attributable to the State, to conduct non-consensual cyber operations while physically present on another State’s territory against that State or entities or persons on its territory?", Silent,,,,,
THA,6. Can state cyber operations that cause physical effects in another state’s territory constitute a violation of sovereignty as a rule?, Silent,,,,,
THA,6(a) Do any physical effects constitute a violation?¶,Silent,,,,,
THA,"6(b) Must the effects involve physical damage to computer infrastructure or other tangible things, or injury to persons, to constitute a violation of sovereignty as a rule?", Silent,,,,,
THA,6(b)(i) Must the effect of a cyber operation to computer infrastructure require repair or replacement of physical components to qualify as damage?,Silent,,,,,
THA,6(c) Do only cyber operations generating significant physical effects within another State’s territory constitute a violation?,Silent,,,,,
THA,7 Can state cyber operations that cause a loss to computer functionality in another State’s territory constitute a violation of sovereignty as a rule?,Yes,Thailand refers to “harmful effects on ICT systems” as constituting a sovereignty violation¶¶cause harm or compromise essential functions of the critical infrastructure,"Thailand’s National Position on the Application of International Law in Cyberspace, pg. 3, § 11 , 12 (2025)¶",,,
THA,7(a) Is the rule violated by a cyber operation generating any functionality losses within another state’s territory?, No,State cyber operations targeting another State’s critical infrastructure constitute a violation of sovereignty where they interfere with the State’s sovereign control over the critical infrastructure; cause harm or compromise essential functions of the critical infrastructure,"Thailand’s National Position on the Application of International Law in Cyberspace, pg. 3, § 12 (2025)¶",Ltd to Critical Infrastructure,,
THA,7(b) Is the rule violated by a cyber operation generating significant functionality losses within another state’s territory?,Ambiguous,State cyber operations targeting another State’s critical infrastructure constitute a violation of sovereignty where they interfere with the State’s sovereign control over the critical infrastructure; cause harm or compromise essential functions of the critical infrastructure¶,"Thailand’s National Position on the Application of International Law in Cyberspace, pg. 3, § 12 (2025)¶",,,
THA,7(c) Is the rule violated by a cyber operation generating systemic functionality losses within another state’s territory?,Silent,,,,,
THA,8. Can state cyber operations that interfere with another state’s “inherent governmental functions” constitute a violation of sovereignty as a rule?, Silent,,,,,
THA,9. Must there be proximate causation between the state cyber operation and the effects or interference prohibited by sovereignty as a rule?  , Silent,,,,,
THA,9(a) Must the state cyber operation generate prohibited effects directly?,Silent,,,,,
THA,9(b) Do prohibited effects indirectly generated by a state cyber operation constitute a violation of sovereignty as a rule?,Silent,,¶,,,
THA,10. Can state cyber operations that deny access to or degrade data in the control of another State constitute a violation of sovereignty as a rule?, Yes,State cyber operations targeting another State’s critical infrastructure constitute a violation of sovereignty where they interfere with the State’s sovereign control over the critical infrastructure; cause harm or compromise essential functions of the critical infrastructure,"Thailand’s National Position on the Application of International Law in Cyberspace, pg. 3, § 12 (2025)¶",If causing harm follows denial of access or degredation of data,,
THA,10(a) Do state sponsored ransomware operations violate the sovereignty of another State?, Silent,,,Thailand does not specifically address ransomware operations,,
THA,10(b) Can state cyber operations against data residing in cloud servers outside of a State’s territorial jurisdiction constitute a violation of sovereignty as a rule?,Silent,,,No explicit extraterritorial data stance,,
THA,10(c) Does the exercise of one State’s law enforcement tools via cyber means in the networks or systems of another State’s territory violate the sovereignty of the latter State?,Silent,,,Thailand does not explicitly address this,,
THA,11. Do State cyber operations that interfere at any level with critical infrastructure in another State constitute a violation of sovereignty as a rule?¶, No,State cyber operations targeting another State’s critical infrastructure constitute a violation of sovereignty where they interfere with the State’s sovereign control over the critical infrastructure; cause harm or compromise essential functions,"Thailand’s National Position on the Application of International Law in Cyberspace, pg. 3, § 12 (2025)¶",,,
THA,12. Can State cyber operations that cause significant national economic impacts for another State constitute a violation of sovereignty as a rule?,Silent,,,,,
THA,13. Does cyber espionage by one State in or transiting networks or hardware resident in another State constitute a violation of sovereignty as a rule?,Silent,,,,,
THA,13a. Can gaining unauthorized access to computer systems or data within a State’s sovereign control violate the rules of sovereignty?,Silent,,,,,
THA,14. Are violations of sovereignty assessed on a case-by-case basis?, Silent,,,,,
GBR,1.  Is sovereignty a foundational principle of the international legal order?,Yes,". . . Sovereignty, as a general principle, is a fundamental concept in international law. . .","UK Position (2021) para. 1, 3",,,
GBR,2.  Does sovereignty confer on states authority over cyber infrastructure located in their respective territories and over the actions they take with respect to that infrastructure?,Silent,,¶¶¶¶¶¶¶¶¶¶¶¶,,,
GBR,"2(a). Does sovereignty encompass the right of a state to protect cyber infrastructure and safeguard cyber activity that is located in, or takes place on, its territory?",Silent,,,,,
GBR,2(b) Is the exercise of such sovereign authority subject to international human rights law and other fundamental freedoms?,Yes,"Human rights obligations apply to States’ activities in cyberspace as they do to in relation to their other activities. The UK continues to support the view set out in Human Rights Council Resolution 20/8 that ‘the same rights that people have ofine must also be protected online…’. States have an obligation to act in accordance with applicable international human rights law, including customary international law, and international conventions to which they are a party, such as the International Covenant on Civil and Political Rights, other UN treaties, and regional instruments such as the European Convention on Human Rights.¶States’ respect for their human rights obligations in relation to their activities in cyberspace is essential to ensuring an open, secure, stable, accessible and peaceful environment and certain rights may have particular relevance to States’ activities in cyberspace including the right not to be subjected to arbitrary or unlawful interference with privacy, family, home or correspondence, the right to freedom of thought, conscience and religion and the right to freedom of expression.¶------------------------------------------------------------¶Online as well as everywhere else, the principle of sovereignty should not be used by states to undermine fundamental rights and freedoms and the right balance must be struck between national security and the protection of privacy and human rights.","UK Position (2021) paras. 20–21¶¶¶¶¶¶¶¶¶¶¶¶¶¶¶¶¶¶¶¶¶¶¶¶-------------------------------------¶Cyber and International Law in the 21st Century, Chatham House (2018) pg. 8",,,
GBR,"3. Is sovereignty a stand-alone, primary rule of international law, the breach of which can incur international responsibility?",No ,"The United Kingdom does not consider that the general concept of sovereignty by itself provides a sufficient or clear basis for extrapolating a specific rule or additional prohibition for cyber conduct going beyond that of non-intervention referred to above.¶------------------------------------------------------------¶States have expressed different views on the precise significance of sovereignty in cyberspace. The UK reiterated its own position on this point last year, in June, namely, that “Any prohibition on the activities of states, whether in relation to cyberspace or other matters, must be clearly established in international law.” The general concept of sovereignty, by itself, does not provide a sufficient or clear basis for extrapolating a specific rule of sovereignty or additional prohibition for cyber conduct, going beyond that of nonintervention. What matters, in practice, therefore, is whether there has been a violation of international law. Differences in legal reasoning must not obscure the common ground, which I believe exists when it comes to certain types of unacceptable and unlawful cyber behaviours. I think that common ground also extends to an appreciation that we must carefully preserve the space for perfectly legitimate everyday cyberactivity, which traverses multiple international boundaries millions of times a second.¶------------------------------------------------------------¶Sovereignty is of course fundamental to the international rules-based system. But I am not persuaded that we can currently extrapolate from that general principle a specific rule or additional prohibition for cyber activity beyond that of a prohibited intervention. The UK Government’s position is therefore that there is no such rule as a matter of current international law.","UK Position (2021) pg. 117, I ¶10¶¶¶¶¶-------------------------------------¶International Law in Future Frontiers, Chatham House (2022) pg. 6-7¶¶¶¶¶¶¶¶¶¶¶¶¶¶¶¶¶¶¶¶¶¶¶-------------------------------------¶Cyber and International Law in the 21st Century, Chatham House (2018) pg. 8",,,
GBR,3(a) Can violations of sovereignty not amounting to prohibited interventions constitute internationally wrongful acts?  ,No,The United Kingdom does not consider that the general concept of sovereignty by itself provides a sufficient or clear basis for extrapolating a specific rule or additional prohibition for cyber conduct going beyond that of non-intervention referred to above.,"UK Position (2021) pg. 117, I ¶10 ¶¶¶¶SAME SENTIMENT:¶International Law in Future Frontiers, Chatham House (2022) pg. 7",,,
GBR,4. Does the State indicate how to identify a violation of any stand-alone sovereignty rule?,No,The United Kingdom does not consider that the general concept of sovereignty by itself provides a sufficient or clear basis for extrapolating a specific rule or additional prohibition for cyber conduct going beyond that of non-intervention referred to above.,"UK Position (2021) pg. 117, I ¶10¶¶SAME SENTIMENT:¶International Law in Future Frontiers, Chatham House (2022) pg. 7",Inferred because the UK doesn’t agree that sovereignty is a rule,,
GBR,4(a) Is there a de minimis threshold below which a violation of sovereignty would not occur?,Silent,,,By inference from UK denial of a rule of sovereignty,,
GBR,"5. Is it a violation of territorial sovereignty for an organ of a State, or others whose conduct is attributable to the State, to conduct non-consensual cyber operations while physically present on another State’s territory against that State or entities or persons on its territory?",No,,,,,
GBR,6. Can state cyber operations that cause physical effects in another state’s territory constitute a violation of sovereignty as a rule?,No,The United Kingdom does not consider that the general concept of sovereignty by itself provides a sufficient or clear basis for extrapolating a specific rule or additional prohibition for cyber conduct going beyond that of non-intervention referred to above.,"UK Position (2021) pg. 117, I ¶10¶¶¶¶SAME SENTIMENT:¶International Law in Future Frontiers, Chatham House (2022) pg. 7¶","Given that the United Kingdom's position views sovereignty as a general principle rather than a judicially binding rule of international law specifically applicable to cyberspace, physical effects are not considered beyond the scope of non-intervention.",,
GBR,6(a) Do any physical effects constitute a violation? ,No,"Having identified the importance on the role – the rule on non-intervention, I now turn to the threshold for its application. The fact that behaviour attributed to another state is unwelcome, irresponsible or, indeed, hostile, does not mean that it is also unlawful. A core element of the non-intervention rule is that the offensive behaviour must be coercive . . . In essence, an intervention in the affairs of another state will be unlawful if it is forcible, dictatorial or otherwise coercive, depriving a state of its freedom of control over matters, which it is permitted to decide freely by the principle of state sovereignty.","International Law in Future Frontiers, Chatham House (2022) pg. 7","If non-intervention overlaps with sovereignty, then any forcible, dictatorial, or coercive element generating physical effects may constitute an intervention, and by extension, a violation of sovereignty. However, the United Kingdom’s position does not extrapolate cyber specific rules based on sovereignty.",,
GBR,"6(b) Must the effects involve physical damage to computer infrastructure or other tangible things, or injury to persons, to constitute a violation of sovereignty as a rule?",No,Se Question 6(a),"International Law in Future Frontiers, Chatham House (2022) pg. 7¶",,,
GBR,6(b)(i) Must the effect of a cyber operation to computer infrastructure require repair or replacement of physical components to qualify as damage?,No,Se Question 6(a),"International Law in Future Frontiers, Chatham House (2022) pg. 7¶",,,
GBR,6(c) Do only cyber operations generating significant physical effects within another State’s territory constitute a violation?,No,Se Question 6(a),"International Law in Future Frontiers, Chatham House (2022) pg. 7¶",,,
GBR,7. Can state cyber operations that cause a loss to computer functionality in another State’s territory constitute a violation of sovereignty as a rule?,No ,,,,,
GBR,7(a) Is the rule violated by a cyber operation generating any functionality losses within another state’s territory?,No ,,,,,
GBR,7(b) Is the rule violated by a cyber operation generating significant functionality losses within another state’s territory?,No ,,,,,
GBR,7(c) Is the rule violated by a cyber operation generating systemic functionality losses within another state’s territory?,No ,,,,,
GBR,8. Can state cyber operations that interfere with another state’s “inherent governmental functions” constitute a violation of sovereignty as a rule?,No ,The United Kingdom does not consider that the general concept of sovereignty by itself provides a sufficient or clear basis for extrapolating a specific rule or additional prohibition for cyber conduct going beyond that of non-intervention referred to above.,"UK Position (2021) pg. 117, I ¶10¶¶SAME SENTIMENT:¶International Law in Future Frontiers, Chatham House (2022) pg. 7¶¶","Given that the United Kingdom's position views sovereignty as a general principle rather than a judicially binding rule of international law specifically applicable to cyberspace, cyber operations interfering with another state’s inherent government functions are not considered beyond the scope of non-intervention.",,
GBR,9. Must there be proximate causation between the state cyber operation and the effects or interference prohibited by sovereignty as a rule?  ,¶No ,,,,,
GBR,9(a) Must the state cyber operation generate prohibited effects directly?,No ,,,"The United Kingdom considers sovereignty to be the other side of the same coin that non-intervention is on. If a state cyber operation is forcible, dictatorial, or coercive, then it triggers rules of non-intervention and, by extension, violates the general principle of sovereignty. ",,
GBR,9(b) Do prohibited effects indirectly generated by a state cyber operation constitute a violation of sovereignty as a rule?,No ,The United Kingdom does not consider that the general concept of sovereignty by itself provides a sufficient or clear basis for extrapolating a specific rule or additional prohibition for cyber conduct going beyond that of non-intervention referred to above.,"UK Position (2021) pg. 117, I ¶10¶¶SAME SENTIMENT:¶International Law in Future Frontiers, Chatham House (2022) pg. 7","Given that the United Kingdom's position views sovereignty as a general principle rather than a judicially binding rule of international law specifically applicable to cyberspace, state cyber operations that generate any effects, directly or indirectly, do not explicitly violate any cyber specific rule of sovereignty.",,
GBR,10. Can state cyber operations that deny access to or degrade data in the control of another State constitute a violation of sovereignty as a rule?,No ,The United Kingdom does not consider that the general concept of sovereignty by itself provides a sufficient or clear basis for extrapolating a specific rule or additional prohibition for cyber conduct going beyond that of non-intervention referred to above.,"UK Position (2021) pg. 117, I ¶10¶¶SAME SENTIMENT:¶International Law in Future Frontiers, Chatham House (2022) pg. 7","Given that the United Kingdom's position views sovereignty as a general principle rather than a judicially binding rule of international law specifically applicable to cyberspace, cyber operations that deny access to or degrade data in the control of another state may constitute an intervention, but not a violation of any cyber specific rule of sovereignty. ",,
GBR,10(a) Do state sponsored ransomware operations violate the sovereignty of another State?, No ,,,"The United Kingdom’s position recognizes that a state may be responsible for the cyber operations of a ransomware gang. If a state sponsored ransomware operation is forcible, dictatorial, or coercive, then it triggers rules of non-intervention and, by extension, violates the general principle of sovereignty. However, the United Kingdom's position views sovereignty as a general principle rather than a judicially binding rule of international law specifically applicable to cyberspace.",,
GBR,10(b) Can state cyber operations against data residing in cloud servers outside of a State’s territorial jurisdiction constitute a violation of sovereignty as a rule?,No ,The United Kingdom does not consider that the general concept of sovereignty by itself provides a sufficient or clear basis for extrapolating a specific rule or additional prohibition for cyber conduct going beyond that of non-intervention referred to above.,"UK Position (2021) pg. 117, I ¶10¶¶SAME SENTIMENT:¶International Law in Future Frontiers, Chatham House (2022) pg. 7¶",,,
GBR,10(c) Does the exercise of one State’s law enforcement tools via cyber means in the networks or systems of another State’s territory violate the sovereignty of the latter State?, No ,,,,,
GBR,11. Do State cyber operations that interfere at any level with critical infrastructure in another State constitute a violation of sovereignty as a rule?¶,No ,"The United Kingdom does not consider that the general concept of sovereignty by itself provides a sufficient or clear basis for extrapolating a specific rule or additional prohibition for cyber conduct going beyond that of non-intervention referred to above.¶... Likewise, energy security is recognised as including “protection of critical national infrastructure from cybersecurity risks.”","International Law in Future Frontiers, Chatham House (2022) pg. 7¶","Given that the United Kingdom's position views sovereignty as a general principle rather than a judicially binding rule of international law specifically applicable to cyberspace, state cyber operations that interfere with the critical infrastructure of another state at any level may constitute an intervention, but not a violation of any cyber specific rule of sovereignty. Moreover, interferences with protected critical national infrastructure explicitly entail considerations of energy security, rather than sovereignty.",,
GBR,12. Can State cyber operations that cause significant national economic impacts for another State constitute a violation of sovereignty as a rule?,No ,"A prohibited intervention must accordingly be one bearing on matters in which each state is permitted, by the principle of state sovereignty, to decide freely. One of these is the choice of a political, economic, social and cultural system and the formulation of foreign policy.¶------------------------------------------------------------¶The United Kingdom does not consider that the general concept of sovereignty by itself provides a sufficient or clear basis for extrapolating a specific rule or additional prohibition for cyber conduct going beyond that of non-intervention referred to above.","International Law in Future Frontiers, Chatham House (2022) pg. 6¶¶¶¶¶¶-------------------------------------¶UK Position (2021) pg. 117, I ¶10¶","Given that the United Kingdom's position views sovereignty as a general principle rather than a judicially binding rule of international law specifically applicable to cyberspace, state cyber operations that cause significant national economic impacts for another state may constitute an intervention, but not a violation of any cyber specific rule of sovereignty. Matters of a state’s economic system fall mainly under principles and rules of non-intervention.",,
GBR,13. Does cyber espionage by one State in or transiting networks or hardware resident in another State constitute a violation of sovereignty as a rule?,No ,"The United Kingdom does not consider that the general concept of sovereignty by itself provides a sufficient or clear basis for extrapolating a specific rule or additional prohibition for cyber conduct going beyond that of non-intervention referred to above.¶------------------------------------------------------------¶So, from analysing that range of specific obligations, flowing from sovereignty or – to territorial integrity, we couldn’t see our current specific legal prohibition forbidding once they are conducting espionage or certain other kinds of cyber effect below the level of a prohibited intervention. And we think it’s not sufficient just to say, “Well, if you, by extrapolation, look at sovereignty in cyberspace, then you can identify a specific prohibition,” and that’s especially so when, as I said before, the substantive content of – or any rule in sovereignty is contestable.","UK Position (2021) pg. 117, I ¶10¶¶¶¶¶-------------------------------------¶International Law in Future Frontiers, Chatham House (2022) pg. 15","Given that the United Kingdom's position views sovereignty as a general principle rather than a judicially binding rule of international law specifically applicable to cyberspace, cyber espionage may constitute an intervention if it bears some coercive element, but not a violation of any cyber specific rule of sovereignty.",,
GBR,13(a). Can gaining unauthorized access to computer systems or data within a State’s sovereign control violate the rules of sovereignty?,No,The United Kingdom does not consider that the general concept of sovereignty by itself provides a sufficient or clear basis for extrapolating a specific rule or additional prohibition for cyber conduct going beyond that of non-intervention referred to above,"United Kingdom, UNGA Official Compendium of Voluntary National Contributions, pg. 117, §10 (2021)",,,
GBR,14. Are violations of sovereignty assessed on a case-by-case basis?,No ,,,,,
USA,1.  Is sovereignty a foundational principle of the international legal order?,Yes,"The United States believes that State sovereignty, among other long-standing international legal principles, must be taken into account in the conduct of activities in cyberspace. Whenever a State contemplates conducting activities in cyberspace, the equal sovereignty of other States needs to be considered.","US Position (2021) pg. 139, III(A)¶¶",,,
USA,2.  Does sovereignty confer on states authority over cyber infrastructure located in their respective territories and over the actions they take with respect to that infrastructure?,Yes,"As recognized in the 2013 and 2015 GGE reports, State sovereignty and the international principles that flow from sovereignty apply to States’ ICT-related activities and to their jurisdiction over ICT infrastructure within their territory.","US Position (2021) pg. 139, III(A)¶",,,
USA,"2(a). Does sovereignty encompass the right of a state to protect cyber infrastructure and safeguard cyber activity that is located in, or takes place on, its territory?",Yes,"As recognized in the 2013 and 2015 GGE reports, State sovereignty and the international principles that flow from sovereignty apply to States’ ICT-related activities and to their jurisdiction over ICT infrastructure within their territory.","US Position (2021) pg. 139, III(A)",,,
USA,2(b) Is the exercise of such sovereign authority subject to international human rights law and other fundamental freedoms?,Yes,"Finally, while the physical infrastructure that supports the Internet and cyber activities is generally located in sovereign territory and is subject to the jurisdiction of the territorial State, the exercise of jurisdiction by the territorial State is not unlimited. It must be consistent with applicable international law, including international human rights obligations.","US Position (2021) pg. 140, III(A)",,,
USA,"3. Is sovereignty a stand-alone, primary rule of international law, the breach of which can incur international responsibility? ",Ambiguous,"States have sovereignty over the information and communications technology infrastructure within their territory.  The implications of sovereignty for cyberspace are complex, and we continue to study this issue and how State practice evolves in this area, even if it does not appear that there exists a rule that all infringements on sovereignty in cyberspace necessarily involve violations of international law. ¶¶The United States affirms that “sovereignty is a principle of international law, not a rule from which legal obligations flow,” and states that “there is not a consensus among States on the precise boundaries of what sovereign rights States possess and must respect, and therefore the United States does not currently view sovereignty as a rule of international law that, standing alone, would prohibit certain cyber activities.” ¶¶¶In certain circumstances, one State’s non-consensual cyber operation in another State’s territory, even if it falls below the threshold of a use of force or nonintervention, could also violate international law. However, a State’s remote cyber operations involving computers or other networked devices located on another State’s territory do not constitute a per se violation of international law. In other words, there is no absolute prohibition on such operations as a matter of international law. This is perhaps most clear where such activities in another State’s territory have no effects or de minimis effects. The very design of the Internet may lead to some encroachment on other sovereign jurisdictions.¶------------------------------------------------------------¶And we have affirmed that States conducting activities in cyberspace must take into account the sovereignty of other States, including outside the context of armed conflict.","Ney Speech¶¶¶¶¶¶¶¶¶¶¶¶¶¶¶¶¶¶¶¶¶¶¶¶¶¶¶¶¶¶¶¶¶¶US Position (2021) pg. 140, III(A)¶¶¶¶¶¶¶¶¶¶¶¶¶¶¶¶¶¶¶¶¶¶¶¶¶¶¶¶¶¶¶¶¶¶¶¶¶¶-------------------------------------¶US DOD Remarks (2023) ¶III","Although the United States’ position acknowledges the possibility of violations of international law by cyber operations, the effects of such operations must be more than de minimis and sovereignty is not primarily at issue. State sovereignty is mainly protected by rules of prohibited intervention, rather than under any stand-alone rule of sovereignty.",,
USA,3(a) Can violations of sovereignty not amounting to prohibited interventions constitute internationally wrongful acts?  ,Ambiguous,"In certain circumstances, one State’s non-consensual cyber operation in another ¶State’s territory, even if it falls below the threshold of a use of force or nonintervention, could also violate international law.","US Position (2021) pg. 141, III(C)","Although the United States’ position acknowledges the possibility of internationally wrongful acts by means of cyber activities, state sovereignty is mainly protected by rules of prohibited intervention, rather than under any stand-alone rule of sovereignty.",,
USA,4. Does the State indicate how to identify a violation of any stand-alone sovereignty rule?,Silent,,,,,
USA,4(a) Is there a de minimis threshold below which a violation of sovereignty would not occur?,Yes,"In certain circumstances, one State’s non-consensual cyber operation in another ¶State’s territory, even if it falls below the threshold of a use of force or non-intervention, could also violate international law. However, a State’s remote cyber operations involving computers or other networked devices located on another State’s ¶territory do not constitute a per se violation of international law. In other words, there is no absolute prohibition on such operations as a matter of international law. This is  perhaps most clear where such activities in another State’s territory have no effects ¶or de minimis effects. The very design of the Internet may lead to some encroachment on other sovereign jurisdictions","US Position (2021) pg. 140, III(A)¶",,,
USA,"5. Is it a violation of territorial sovereignty for an organ of a State, or others whose conduct is attributable to the State, to conduct non-consensual cyber operations while physically present on another State’s territory against that State or entities or persons on its territory?",Silent,,,,,
USA,6. Can state cyber operations that cause physical effects in another state’s territory constitute a violation of sovereignty as a rule?,Silent,,,.,,
USA,6(a) Do any physical effects constitute a violation?,Silent,,¶,,,
USA,"6(b) Must the effects involve physical damage to computer infrastructure or other tangible things, or injury to persons, to constitute a violation of sovereignty as a rule?",Silent,,,,,
USA,6(b)(i) Must the effect of a cyber operation to computer infrastructure require repair or replacement of physical components to qualify as damage?,Silent,,,,,
USA,6(c) Do only cyber operations generating significant physical effects within another State’s territory constitute a violation?,Silent,,¶,,,
USA,7. Can state cyber operations that cause a loss to computer functionality in another State’s territory constitute a violation of sovereignty as a rule?,Silent,,,,,
USA,7(a) Is the rule violated by a cyber operation generating any functionality losses within another state’s territory?,Silent,,,,,
USA,7(b) Is the rule violated by a cyber operation generating significant functionality losses within another state’s territory?,Silent,,,,,
USA,7(c) Is the rule violated by a cyber operation generating systemic functionality losses within another state’s territory?,Silent,,,,,
USA,8. Can state cyber operations that interfere with another state’s “inherent governmental functions” constitute a violation of sovereignty as a rule?,Silent,,,,,
USA,9. Must there be proximate causation between the state cyber operation and the effects or interference prohibited by sovereignty as a rule?  ,Silent,,,,,
USA,9(a) Must the state cyber operation generate prohibited effects directly?,Silent ,,,,,
USA,9(b) Do prohibited effects indirectly generated by a state cyber operation constitute a violation of sovereignty as a rule?, Silent ,,,,,
USA,10. Can state cyber operations that deny access to or degrade data in the control of another State constitute a violation of sovereignty as a rule?,Silent,,,,,
USA,10(a) Do state sponsored ransomware operations violate the sovereignty of another State?,Silent,,,,,
USA,10(b) Can state cyber operations against data residing in cloud servers outside of a State’s territorial jurisdiction constitute a violation of sovereignty as a rule?,Silent,,,,,
USA,10(c) Does the exercise of one State’s law enforcement tools via cyber means in the networks or systems of another State’s territory violate the sovereignty of the latter State?,Silent,,,,,
USA,11. Do State cyber operations that interfere at any level with critical infrastructure in another State constitute a violation of sovereignty as a rule?,Silent,,,,,
USA,12. Can State cyber operations that cause significant national economic impacts for another State constitute a violation of sovereignty as a rule?,Silent,,,,,
USA,13. Does cyber espionage by one State in or transiting networks or hardware resident in another State constitute a violation of sovereignty as a rule?,Silent,,,,,
USA,13(a). Can gaining unauthorized access to computer systems or data within a State’s sovereign control violate the rules of sovereignty?,Silent,,,,,
USA,14. Are violations of sovereignty assessed on a case-by-case basis?,Silent,,,,,
,¶¶¶,,,,,,
," In national statements that have paragraph numbers could you include them in the Pincites too? For example, Common African Position (2024), pg 3, para 16.",,,,,,
," I’ve been trying to format this table to add more rows for the added questions under question 2, but the table wasn't letting me.",,,,,,
, I added some more rows. What is the error you are getting?,,,,,,
,Missing Question 1: Is Sov. the foundational principle of international legal order ,,,,,,
,I am not sure we should be coding Austria.....  ,,,,,,
," Do to this wording, I believe the answer should be ""no.""",,,,,,
, This table needs to be after the China table,,,,,,
," This confuses me because § 3 says ""It should be noted that activities in cyberspace are neither prohibited nor expressly regulated by international law.""",,,,,,
, So how can the malicious use of ICT be an internationally wrongful act if activities in cyberspace aren't regulated by international law?,,,,,,
, This section appears to code the GGE norms rather than Kazakhstan's own statement - it needs to be redone entirely ....,,,,,,
, URGENT: This section appears to code the GGE norms rather than Kenya's own statement - it needs to be redone entirely ....,,,,,,
, Re-code based on the Netherlands' statements NOT the GGE Report (and delete all GGE Report citations and quotes for the Dutch response,,,,,,
," Please re-code to include the 2021 Netherlands views sent in as part of the Annex to the 2021 GGE Report (these are, I believe, highliy similar if not identical to the 2019 statement, but the should be compared so as to use the latest statement in case of any difference.",,,,,,
, Was this done?,,,,,,
, Re-code based on the Netherlands' statements NOT the GGE Report (and delete all GGE Report citations and quotes for the Dutch response,,,,,,
, Please give a full cite (including date) to this so those checking our back-end can know what we're referring to?,,,,,,
, again - whoever is coding for sovereignty needed to not use the GGE Report but the actual state statments.  Norway's is published in several places including: https://brill.com/view/journals/nord/92/3/article-p470_009.xml?language=en&ebody=pdf-130820,,,,,,
,,,,,,,
," Again - it appears some of this coding was based not on Romania's position but the GGE Report; those answers need to be recoded based on what Romania said not the Report.  I've endeavored to code it myself, but it'd be good to have somone confirm my corrections ",,,,,,
, This needs to be cleaned up too to avoid the GGE Report reliance ... the Russian statement actually says remarkable little on the quetsion of sovereignty so much of this coding needs to be redone to reflect that; I've tried to do so but other should double-check my work,,,,,,
," As with other earlier responses - this one relies on the GGE report too much and needs to be coded only based on Singapore's individual, national statement.",,,,,,
," Doesn't this answer mean that many of our subsequent answers are neither ambiguous or silent but rather ""not applicable"" - do we need that as a separate category here (or maybe we just leave the coding blank instead?",,,,,,
," If there's no rule of sov'ty I think we can infer a negative response to all questions that ask about particular versions of the rule, no?",,,,,,
," Let's make sure to also go through the other ""official"" USG statements to see if they answer these questions, including",,,,,,
,,,,,,,
,1) the 2024 L speech at Temple: https://www.templelawreview.org/lawreview/assets/uploads/2025/01/Visek_International-Law-and-Cyberspace.pdf,,,,,,
,,,,,,,
,2) Brian Egan's 2016 speech - https://2009-2017.state.gov/s/l/releases/remarks/264303.htm  and,,,,,,
,,,,,,,
,3) Harold Koh's inaugural 2012 effort to start issuing national statements: https://2009-2017.state.gov/s/l/releases/remarks/197924.htm,,,,,,
,,,,,,,
,NOTE MOREOVER THIS SHOULD BE DONE FOR ALL SUBJECTS NOT JUST SOV'TY,,,,,,
," I think the Eagan speech comes closest to implying a yes on this, but Gary will have stronger views?",,,,,,
, Can someone look to see where this quote came from? Can you Michelle go back and research this ... we can't find this quote ,,,,,,
