ISO,Question,Answer,Citation,Pincite,Comments,,
AU,Does prohibition of use of force apply to cyber operations?,Yes,"“Acting under Article 7 of its Protocol, the Peace and Security Council...Affirms that international law applies in cyberspace; underscores that Member States are required to uphold the fundamental rules of international law in cyberspace, including...the prohibition on the threat or use of force”
...
The prohibition on the threat or use of force is a rule of jus cogens and a fundamental and
cardinal rule of general international law that is also a cornerstone of the U.N. Charter... This rule of international law applies in cyberspace and governs the conduct of States in relation to ICTs in cyberspace.","Common African Position on the Application of International Law to the Use of Information and Communication Technologies in Cyberspace, ii, 6, ¶38 (Jan. 2024).",,,
AU,Can a stand-alone cyber operation violate the prohibition on the use of force?,Yes,"38. The prohibition on the threat or use of force is a rule of jus cogens and a fundamental and
cardinal rule of general international law that is also a cornerstone of the U.N. Charter... This rule of international law applies in cyberspace and governs the conduct of States in relation to ICTs in cyberspace.

39. The African Union is of the view that cyber operations would fall within the scope of the prohibition of the use of force when the scale and effects of the operation are comparable to those of a conventional act of violence covered by the prohibition. In particular, a cyber operation, depending on its scale and effect, would amount to use of force if it is expected to cause physical damage, injury, or death, that is comparable to the use of force by an act covered by the prohibition","Common African Position on the Application of International Law to the Use of Information and Communication Technologies in Cyberspace, pg. 6, § VI, ¶¶38-39 (2024)",,,
AU,Must a State intend for a cyber operation to amount to a use of force for there to be a violation of the prohibition on the use of force?,Silent,,,,,
AU,Must the cyber operation have a coercive character (or effect) to qualify as a use of force?,Silent,,,,,
AU,Does the State apply a “scale and effects” test to assess whether an action constitutes a use of force?  ,Yes,"“In particular, a cyber operation,
depending on its scale and effect, would amount to use of force if it is expected to cause physical
damage, injury, or death, that is comparable to the use of force by an act covered by the prohibition.”","Common African Position on the Application of International Law to the Use of Information and Communication Technologies in Cyberspace, 6, ¶39 (Jan. 2024).",,,
AU,Does the State apply a totality of circumstances or similar context-based test to assess uses of force?  ,Yes,"39. ...“In particular, a cyber operation,
depending on its scale and effect, would amount to use of force if it is expected to cause physical
damage, injury, or death, that is comparable to the use of force by an act covered by the prohibition.”

40. ...Whether a particular cyber operation constitutes a use of force or amounts to an armed attack should be determined on a case-by-case basis.","Common African Position on the Application of International Law to the Use of Information and Communication Technologies in Cyberspace, pg. 6-7, § VI, ¶¶39-40 (2024)","The context-based test to assess uses of force that the African Union’s position employs considers whether a cyber operation amounts to physical damage, injury, or death.

",,
AU,Does the State weigh the actual consequences of an action to assess whether it amounts to a use of force?  ,Yes,"“In particular, a cyber operation,
depending on its scale and effect, would amount to use of force if it is expected to cause physical
damage, injury, or death, that is comparable to the use of force by an act covered by the prohibition.”","Common African Position on the Application of International Law to the Use of Information and Communication Technologies in Cyberspace, 6, ¶39 (Jan. 2024).","The context-based test to assess uses of force that the African Union’s position employs considers whether a cyber operation amounts to physical damage, injury, or death.",,
AU,"Does the State only recognize a use of force in cyber contexts by analogy to consequences caused by kinetic force (e.g., injury, death, damage or destruction)?  ",Ambiguous,"“In particular, a cyber operation, depending on its scale and effect, would amount to use of force if it is expected to cause physical damage, injury, or death, that is comparable to the use of force by an act covered by the prohibition.”","Common African Position on the Application of International Law to the Use of Information and Communication Technologies in Cyberspace, 6, ¶39 (Jan. 2024).","DH: Given the case-by-case  point above, I think the AU would allow these consequences to make a UoF determination, but not sure it’s as clear that the State will “only” look to these factors as the threshold? ",,
AU,Are kinetic-like effects a required consequence of a cyber operation to qualify as a use of force (versus a factor among others to be considered)?    ,Ambiguous,"“The African Union underscores that there is a distinction between the gravest forms of the
use of force that constitute an armed attack, which entitle the injured State to invoke the right to
individual or collective self-defense in accordance with Article 51 of the U.N. Charter, and less grave
forms of the use of force. Whether a particular cyber operation constitutes a use of force or amounts to an armed attack should be determined on a case-by-case basis. That determination should be thoroughly substantiated on the basis of an assessment of the scale and effects of the particular cyber operation. Generally, the criterion of scale requires an examination of elements such as the duration of the attack, the nature of the targets attacked, the locations of the targets attacked, and the types of weapons used, while the criterion of effects measures the extent of the damage caused by the attack.”","Common African Position on the Application of International Law to the Use of Information and Communication Technologies in Cyberspace, 7, ¶41 (Jan. 2024).",DBH Note: See previous comment,,
AU,Does the State recognize a “small” or de minimis effects exception to the prohibition on the use of force?    ,Silent,,,,,
AU,"Can non-violent effects alone qualify as “force” (e.g., substantial economic harm, losses of functionality, etc.)?   ",Silent,,,,,
AU,"Can spill over effects from a cyber operation (i.e., those that are secondary or knock-on from the immediate effects) qualify as a use of force?    ",Silent,,,,,
AU,Does the State recognize an accumulation theory or similar aggregation theory of use of force?  ,Silent,,,,,
AU,Does the State consider a use of force to be the equivalent of an armed attack (per Article 51 of the UN Charter) subject to the same threshold?    ,No,"The African Union underscores that there is a distinction between the gravest forms of the
use of force that constitute an armed attack, which entitle the injured State to invoke the right to individual or collective self-defense in accordance with Article 51 of the U.N. Charter, and less grave forms of the use of force.","Common African Position on the Application of International Law to the Use of Information and Communication Technologies in Cyberspace, 7, ¶41 (Jan. 2024).",,,
AU,Can a cyber operation amount to a prohibited threat of a use of force?    ,Ambiguous,"The prohibition on the threat or use of force is a rule of jus cogens and a fundamental and
cardinal rule of general international law that is also a cornerstone of the U.N. Charter... This rule of international law applies in cyberspace and governs the conduct of States in relation to ICTs in cyberspace.","Common African Position on the Application of International Law to the Use of Information and Communication Technologies in Cyberspace, ii, 6, ¶38 (Jan. 2024).","Although the African Union’s position acknowledges that the prohibition on the threat of a use of force is a rule of international law applicable to cyberspace and governing the conduct of states in relation to information and communication technologies (ICTs), cyber operations that threaten the use of force are not explicitly discussed.",,
AUS,Does the prohibition of use of force apply to cyber operations?,Yes,"“The United Nations Charter (UN Charter) and associated rules of customary international law apply to activities conducted in cyberspace. Article 2(3) of the UN Charter requires States to seek the peaceful settlement of disputes and Article 2(4) prohibits the threat or use of force by a State against the territorial integrity or political
independence of another State, or in any manner inconsistent with the purposes of the UN. These obligations – and the UN Charter in its entirety – apply in cyberspace as they do in the physical realm.”",UNGA Compendium (2021) pg. 4.,,,
AUS,Can a stand-alone cyber operation violate the prohibition on the use of force?  ,Yes,"Thus, if a cyber activity – alone or in combination with a physical operation – results in, or presents an imminent threat of, damage equivalent to a traditional armed attack, then the inherent right to self-defence is engaged.","Australia, UNGA Official Compendium of Voluntary National Contributions, pg. 6, §1 (2021)
","DBH Comment: Since all armed attacks are uses of force (even if all uses of force are not armed attacks), the citation suggests at least some circumstance in which a cyber operation by itself could be a UofF",,
AUS,Must a State intend for a cyber operation to amount to a use of force for there to be a violation of the prohibition on the use of force?   ,Ambiguous,"“In determining whether a cyber activity constitutes a use of force, States should consider whether the activity’s scale and effects are comparable to traditional kinetic operations that rise to the level of use of force under international law. This involves a consideration of the intended or reasonably expected direct and indirect consequences of the cyber activity, including for example whether the activity could reasonably be expected to cause serious or extensive (‘scale’) damage or destruction (‘effects’) in the form of injury or death to persons, or damage or destruction (including to their functioning) to objects or critical infrastructure.”
","Australia’s Position on the Application of International Law to State Conduct in Cyberspace, Attachment 1, pg. 7 (2017)",DBH Comment: the reference to intent paired with reasonable expectations suggests an intent threshold albeit maybe subject to an objective floor for being triggered even where intent is absent?,,
AUS,Must the cyber operation have a coercive character (or effect) to qualify as a use of force?  ,Silent,,,,,
AUS,Does the State apply a “scale and effects” test to assess whether an action constitutes a use of force?  ,Yes,"“In determining whether a cyber activity constitutes a use of force, States should consider whether the activity’s scale and effects are comparable to traditional kinetic operations that rise to the level of use of force under international law. This involves a consideration of the intended or reasonably expected direct and indirect consequences of the cyber activity, including for example whether the activity could reasonably be expected to cause serious or extensive (‘scale’) damage or destruction (‘effects’) in the form of injury or death to persons, or damage or destruction (including to their functioning) to objects or critical infrastructure.”",UNGA Compendium (2021) pg. 5.,,,
AUS,Does the State apply a totality of circumstances or similar context-based test to assess uses of force?  ,Ambiguous,"“In determining whether a cyber activity constitutes a use of force, States should consider whether the activity’s scale and effects are comparable to traditional kinetic operations that rise to the level of use of force under international law. This involves a consideration of the intended or reasonably expected direct and indirect consequences of the cyber activity...","UNGA Compendium (2021) pg. 5.
","Although Australia’s position considers the reasonably expected direct and indirect consequences of a cyber activity in assessing whether it constitutes a use of force, no context-specific tests are discussed.",,
AUS,Does the State weigh the actual consequences of an action to assess whether it amounts to a use of force?  ,Yes,"In determining whether a cyber activity constitutes a use of force, States should consider whether the activity’s scale and effects are comparable to traditional kinetic operations that rise to the level of use of force under international law. This involves a consideration of the intended or reasonably expected direct and indirect consequences of the cyber activity, including for example whether the activity could reasonably be expected to cause serious or extensive.","UNGA Compendium (2021) pg. 5.
",,,
AUS,"Does the State only recognize a use of force in cyber contexts by analogy to consequences caused by kinetic force (e.g., injury, death, damage or destruction)?  ",Yes,"“In determining whether a cyber activity constitutes a use of force, States should consider whether the activity’s scale and effects are comparable to traditional kinetic operations that rise to the level of use of force under international law. This involves a consideration of the intended or reasonably expected direct and indirect consequences of the cyber activity, including for example whether the activity could reasonably be expected to cause serious or extensive (‘scale’) damage or destruction (‘effects’) in the form of injury or death to persons, or damage or destruction (including to their functioning) to objects or critical infrastructure.”
",UNGA Compendium (2021) pg. 5.,"DBH Comment: I take the initial description of A’s test to be an affirmative answer on this question: “States should consider whether the activity’s scale and effects are comparable to traditional kinetic operations that rise to the level of use of force under international law.” Australia’s position discusses extensive destruction in the form of injury to persons or damage to objects as considerations of whether a cyber activity constitutes the use of force, although these considerations are only presented as examples. One consideration offered as an example is whether a cyber activity caused damage to the functioning of objects or critical infrastructure, suggesting consequences beyond analogy to kinetic force.",,
AUS,Are kinetic-like effects a required consequence of a cyber operation to qualify as a use of force (versus a factor among others to be considered)?    ,No,"“In determining whether a cyber activity constitutes a use of force, States should consider whether the activity’s scale and effects are comparable to traditional kinetic operations that rise to the level of use of force under international law. This involves a consideration of the intended or reasonably expected direct and indirect consequences of the cyber activity, including for example whether the activity could reasonably be expected to cause serious or extensive (‘scale’) damage or destruction (‘effects’) in the form of injury or death to persons, or damage or destruction (including to their functioning) to objects or critical infrastructure.”",UNGA Compendium (2021) pg. 5.,"Australia’s position discusses extensive destruction in the form of injury to persons or damage to objects as considerations of whether a cyber activity constitutes the use of force, although these considerations are only presented as examples. One consideration offered as an example is whether a cyber activity caused damage to the functioning of objects or critical infrastructure, suggesting consequences beyond kinetic-like effects.",,
AUS,Does the State recognize a “small” or de minimis effects exception to the prohibition on the use of force?    ,Silent,,,,,
AUS,"Can non-violent effects alone qualify as “force” (e.g., substantial economic harm, losses of functionality, etc.)?   ",Yes,...or destruction (including to their functioning) to objects or critical infrastructure.”,UNGA Compendium (2021) pg. 5.,,,
AUS,"Can spill over effects from a cyber operation (i.e., those that are secondary or knock-on from the immediate effects) qualify as a use of force?    ",Yes. ,“...the intended or reasonably expected direct and indirect consequences of cyber activity...”,UNGA Compendium (2021) pg. 5.,,,
AUS,Does the State recognize an accumulation theory or similar aggregation theory of use of force?  ,Silent,,,,,
AUS,Does the State consider a use of force to be the equivalent of an armed attack (per Article 51 of the UN Charter) subject to the same threshold?    ,Ambiguous,"“Australia considers that the thresholds and limitations governing the exercise of
self-defence under Article 51 apply in respect of cyber activities that constitute an armed attack and in respect of acts of self-defence that are carried out by cyber means.”","UNGA Compendium (2021) pg. 5.
",DBH Comment – Not sure Australia has ever followed the US conflation of uses of force and armed attacks and as such the citation language may cut the other way ... I’d say it’s ambiguous on its face (although some further research on what Australia views as the threshold elsewhere are for Art. 51 might move the answer to No.,,
AUS,Can a cyber operation amount to a prohibited threat of a use of force?    ,Ambiguous,"The United Nations Charter (UN Charter) and associated rules of customary
international law apply to activities conducted in cyberspace. Article 2(3) of the UN
Charter requires States to seek the peaceful settlement of disputes and Article 2(4)
prohibits the threat or use of force by a State against the territorial integrity or political
independence of another State, or in any manner inconsistent with the purposes of the UN. These obligations – and the UN Charter in its entirety – apply in cyberspace as
they do in the physical realm.
...
Harmful conduct in cyberspace that does not constitute a use of force may constitute a breach of the duty not to intervene in the internal or external affairs of another State. This obligation is encapsulated in Article 2(7) of the Charter and in customary international law.",UNGA Compendium (2021) pp. 4-5.,"Australia’s position recognizes that the prohibition on the threat of any use of force by a state against another state applies to cyberspace. Although the threat of force by a state is not explicitly discussed, such harmful conduct in cyberspace may breach both Article 2(4) and Article 2(7) of the UN Charter.",,
AUT,Does the prohibition of use of force apply to cyber operations?,Yes,"Austria notes that while it is true that existing regimes of international law do not include
explicit references to ICTs etc., it needs to be underlined that this does not mean that
these rules do not apply in cyber space. Indeed, quite the contrary is the case: As stated
by the GGE, existing international law in its entirety applies to cyber operations.
----------------------------------------------------------------------
The prohibition of the threat or use of force, as enshrined in Art. 2 para. 4 UN Charter, which is a jus cogens norm of customary international law, applies to cyber activities.","Pre-Draft Report of the OEWG – ICT, 2, ¶1 (Mar. 2020).



----------------------Position Paper of the Republic of Austria:
Cyber Activities and International Law, 6, §5 (Apr. 2024).",,,
AUT,Can a stand-alone cyber operation violate the prohibition on the use of force?  ,Yes,"A cyber activity may constitute a threat or use of force, and hence a violation of the UN
Charter, if the scale and effects of the actual or threatened cyber activity are or would be
comparable to those of a conduct using kinetic means.","Position Paper of the Republic of Austria:
Cyber Activities and International Law, 6, §5 (Apr. 2024).",,,
AUT,Must a State intend for a cyber operation to amount to a use of force for there to be a violation of the prohibition on the use of force?   ,"Silent
",,,,,
AUT,Must the cyber operation have a coercive character (or effect) to qualify as a use of force?  ,Ambiguous ,"Coercion is most evident in an
intervention using force. However, also non-forcible forms of interference can be coercive.","Position Paper of the Republic of Austria:
Cyber Activities and International Law, 5, §4 (Apr. 2024).","Although Austria’s position recognizes that interventions using force evidently entail coercion, a coercive character is not explicitly required to qualify a cyber activity as a use of force. Coercion is mainly discussed in terms of non-intervention.",,
AUT,Does the State apply a “scale and effects” test to assess whether an action constitutes a use of force?  ,Yes,"A cyber activity may constitute a threat or use of force, and hence a violation of the UN
Charter, if the scale and effects of the actual or threatened cyber activity are or would be
comparable to those of a conduct using kinetic means.
...
A cyber activity constitutes a threat or use of force if its scale and effects are or would be
comparable to those of a kinetic threat or use of force.","Position Paper of the Republic of Austria:
Cyber Activities and International Law, 6, §5 (Apr. 2024).",,,
AUT,Does the State apply a totality of circumstances or similar context-based test to assess uses of force?  ,Ambiguous,"A cyber activity constitutes a threat or use of force if its scale and effects are or would be
comparable to those of a kinetic threat or use of force. For instance, a cyber activity that leads
to injury, death or significant physical damage constitutes an unlawful use of force. Cyber
activities causing non-physical damage may also constitute an unlawful use of force. Moreover,
a cyber activity could either be part of a wider operation using force with kinetic means, an
independent use of force with physical effects, or an independent use of force without
physical effects.","Position Paper of the Republic of Austria:
Cyber Activities and International Law, 6, §5 (Apr. 2024).","Austria’s position outlines several cases of cyber activities that constitute a use of force based on effects that are comparable to kinetic ones. At least three cases suggest a context-based test for a cyber activity that is either: 
a part of a wider operation using force with kinetic means;
an independent use of force with physical effects; or
an independent use of force without physical effects.",,
AUT,Does the State weigh the actual consequences of an action to assess whether it amounts to a use of force?  ,Yes,"A cyber activity constitutes a threat or use of force if its scale and effects are or would be
comparable to those of a kinetic threat or use of force. For instance, a cyber activity that leads
to injury, death or significant physical damage constitutes an unlawful use of force. Cyber activities causing non-physical damage may also constitute an unlawful use of force. Moreover, a cyber activity could either be part of a wider operation using force with kinetic means, an independent use of force with physical effects, or an independent use of force without
physical effects.","Position Paper of the Republic of Austria:
Cyber Activities and International Law, 6, §5 (Apr. 2024).","Austria’s position outlines several cases of cyber activities that constitute a use of force based on effects that are comparable to kinetic ones. Cyber activities that result in injury, death, or significant physical damage constitute unlawful uses of force, suggesting that the weight of these consequences is considered in the assessment. Additionally, at least three cases suggest a test weighing the actual consequences of a cyber activity that is either: 
a part of a wider operation using force with kinetic means;
an independent use of force with physical effects; or
an independent use of force without physical effects.",,
AUT,"Does the State only recognize a use of force in cyber contexts by analogy to consequences caused by kinetic force (e.g., injury, death, damage or destruction)?  ",No,"Cyber activities causing non-physical damage may also constitute an unlawful use of force. Moreover, a cyber activity could either be part of a wider operation using force with kinetic means, an independent use of force with physical effects, or an independent use of force without
physical effects.","Position Paper of the Republic of Austria:
Cyber Activities and International Law, 6, §5 (Apr. 2024).",,,
AUT,Are kinetic-like effects a required consequence of a cyber operation to qualify as a use of force (versus a factor among others to be considered)?    ,No,"Cyber activities causing non-physical damage may also constitute an unlawful use of force. Moreover, a cyber activity could either be part of a wider operation using force with kinetic means, an independent use of force with physical effects, or an independent use of force without
physical effects.","Position Paper of the Republic of Austria:
Cyber Activities and International Law, 6, §5 (Apr. 2024).",,,
AUT,Does the State recognize a “small” or de minimis effects exception to the prohibition on the use of force?    ,"Silent
",,,,,
AUT,"Can non-violent effects alone qualify as “force” (e.g., substantial economic harm, losses of functionality, etc.)?   ",Yes,"Cyber activities causing non-physical damage may also constitute an unlawful use of force. Moreover, a cyber activity could either be part of a wider operation using force with kinetic means, an independent use of force with physical effects, or an independent use of force without
physical effects.","Position Paper of the Republic of Austria:
Cyber Activities and International Law, 6, §5 (Apr. 2024).",,,
AUT,"Can spill over effects from a cyber operation (i.e., those that are secondary or knock-on from the immediate effects) qualify as a use of force?    ",Ambiguous,"Example: State B conducts a cyber activity against an electric power station situated in state A, on which a large part of state A’s population and governmental infrastructure relies. As a result, the power station is severely damaged, causing a blackout for several hours until power supply can be restored. Such a cyber activity would constitute an unlawful use of force.","Position Paper of the Republic of Austria: Cyber Activities and International Law, 7, §5 (Apr. 2024).",Flagging this as needing further review because I am unsure of if this example provides enough of an ambiguity for the answer to this question to not be “silent.”,,
AUT,Does the State recognize an accumulation theory or similar aggregation theory of use of force?  ,Silent,,,,,
AUT,Does the State consider a use of force to be the equivalent of an armed attack (per Article 51 of the UN Charter) subject to the same threshold?    ,No,"A cyber activity may constitute an armed attack within the meaning of Art. 51 UN Charter
whenever the scale and effects of the activity are comparable to those of an armed attack
using kinetic means.
...
Not every use of force constitutes an armed attack in the sense of Art. 51 UN Charter, both in the kinetic and the cyber context. An armed attack exists when force is used on a relatively
large scale, is of sufficient gravity and has a substantial effect.","Position Paper of the Republic of Austria:
Cyber Activities and International Law, 7, §6 (Apr. 2024).",.,,
AUT,Can a cyber operation amount to a prohibited threat of a use of force?    ,Yes,"A cyber activity may constitute a threat or use of force, and hence a violation of the UN
Charter, if the scale and effects of the actual or threatened cyber activity are or would be
comparable to those of a conduct using kinetic means.","Position Paper of the Republic of Austria:
Cyber Activities and International Law, 6, §5 (Apr. 2024).",,,
BOL,Does the prohibition of use of force apply to cyber operations?    ,Yes,"“it can be stated that the areas of current international law are applicable to 
CYBERSPACE”","Boliva, OAS Inter-American Juridical Committee Questionnaire, § 3A (2019).",,,
BOL,Can a stand-alone cyber operation violate the prohibition on the use of force?  ,Yes,"“In analyzing and comparing the two laws, it can be inferred that: a CYBER OPERATION constitutes use of force and generates the right to legitimate defense, based on Art. 51 of the United Nations Charter.”","Boliva, OAS Inter-American Juridical Committee Questionnaire, § 4A (2019).",,,
BOL,Must a State intend for a cyber operation to amount to a use of force for there to be a violation of the prohibition on the use of force?   ,Silent,,,,,
BOL,Must the cyber operation have a coercive character (or effect) to qualify as a use of force?  ,Silent,,,,,
BOL,Does the State apply a “scale and effects” test to assess whether an action constitutes a use of force?  ,Silent,,,,,
BOL,Does the State apply a totality of circumstances or similar context-based test to assess uses of force?  ,Silent,,,,,
BOL,Does the State weigh the actual consequences of an action to assess whether it amounts to a use of force?  ,Yes,"“because the effects of cyber-attacks will not always be immediately known, hence it will not be easy to check “whether use of force” was resorted to which determines whether there is a “self-defense” response.,”","Boliva, OAS Inter-American Juridical Committee Questionnaire, § 4A (2019).","It seems as though the effects of a cyberattack need to be determined before a use of force can be determined for self defense thus, the effects of a cyberattack need to be weighed",,
BOL,"Does the State only recognize a use of force in cyber contexts by analogy to consequences caused by kinetic force (e.g., injury, death, damage or destruction)?  ",Silent,,,,,
BOL,Are kinetic-like effects a required consequence of a cyber operation to qualify as a use of force (versus a factor among others to be considered)?    ,Ambiguous,"This statement is more genuinely justified when the “use of force” arises in a cyber-attack considered as an “armed attack,” on the understanding that a cyber virtual attack uses unconventional means that have the same impact an armed attack” however “the effects of cyber-attacks will not always be immediately known, hence it will not be easy to check “whether use of force” was resorted to…”","Boliva, OAS Inter-American Juridical Committee Questionnaire, § 4A (2019).","Although Bolivia’s position explains that the evaluation of whether a cyber operation constitutes a use of force would be based on analogies to the kinetic context, kinetic-like effects are not specified as a requirement in finding a use of force.",,
BOL,Does the State recognize a “small” or de minimis effects exception to the prohibition on the use of force?    ,"Silent
",,,,,
BOL,"Can non-violent effects alone qualify as “force” (e.g., substantial economic harm, losses of functionality, etc.)?   ",Silent,,,,,
BOL,"Can spill over effects from a cyber operation (i.e., those that are secondary or knock-on from the immediate effects) qualify as a use of force?    ",Silent,,,,,
BOL,Does the State recognize an accumulation theory or similar aggregation theory of use of force?  ,"Silent
",,,,,
BOL,Does the State consider a use of force to be the equivalent of an armed attack (per Article 51 of the UN Charter) subject to the same threshold?    ,Silent,,,,,
BOL,Can a cyber operation amount to a prohibited threat of a use of force?    ,Silent,,,,,
BRA,Does the prohibition of use of force apply to cyber operations?    ,Yes,"As stated in previous reports of the United Nations Group of Governmental Experts on Developments in the Field of Information and Telecommunications in the Context of International Security, international law is applicable to the use of ICTs by States. This includes the legal prohibition of the use of force in international relations, which is enshrined in the UN Charter and is also part of customary
international law.","Official GGE Compendium of Voluntary National Contributions, 19, §3 (July 2021).",,,
BRA,Can a stand-alone cyber operation violate the prohibition on the use of force?  ,Yes,"The United Nations Charter does not refer to specific weapons or other means of use of force, and therefore the legal prohibition applies to all of them. Cyber operations may amount to an illegal use of force if they are attributable to a State and if their impact is similar to the impact of a kinetic attack. It is generally understood that, to date, no state has claimed that the rule prohibiting the use of force was violated due to the conduction of a cyberattack. The lack of such a precedent only reinforces the need for caution when making analogies between cyber and kinetic actions in assessments related to jus ad bellum.
... Therefore, it is advisable to update the multilateral understanding of which acts amount to the use of force and aggression, so as to include instances of cyberattacks.","Official GGE Compendium of Voluntary National Contributions, 19, §3 (July 2021).","Although cyber operations may constitute an illegal use of force if their impact is similar to the impact of a kinetic attack, Brazil’s position cautions that any analogies may fail to account for the real conduct of such operations.

DBH Cmt: Could be a “yes” based on bolded text despite subsequent caveats? 

Gpc:  agreed.",,
BRA,Must a State intend for a cyber operation to amount to a use of force for there to be a violation of the prohibition on the use of force?   ,Silent,,,,,
BRA,Must the cyber operation have a coercive character (or effect) to qualify as a use of force?  ,Silent,,,Brazil’s position discusses coercion mainly in terms of non-intervention.,,
BRA,Does the State apply a “scale and effects” test to assess whether an action constitutes a use of force?  ,Silent,"Therefore, it is advisable to update the multilateral understanding of which acts amount to the use of force and aggression, so as to include instances of cyberattacks. While it might be challenging to find consensus on grey areas, such as the characterization of digital
attacks with no direct physical effects, there are points of convergence that should be
consolidated multilaterally to provide more clarity and legal certainty.","Official GGE Compendium of Voluntary National Contributions, 19, §3 (July 2021).","Although digital attacks with no direct physical effects fall into a challenging grey area in terms of consensus, Brazil’s position suggests international law must be updated to reflect cyberattacks that amount to the use of force. However, a scale and effects test is not explicitly discussed.",,
BRA,Does the State apply a totality of circumstances or similar context-based test to assess uses of force?  ,Silent,,,,,
BRA,Does the State weigh the actual consequences of an action to assess whether it amounts to a use of force?  ,Silent,,,,,
BRA,"Does the State only recognize a use of force in cyber contexts by analogy to consequences caused by kinetic force (e.g., injury, death, damage or destruction)?  ",Ambiguous,"The United Nations Charter does not refer to specific weapons or other means of use of force, and therefore the legal prohibition applies to all of them. Cyber operations may amount to an illegal use of force if they are attributable to a State and if their impact is similar to the impact of a kinetic attack. It is generally understood that, to date, no state has claimed that the rule prohibiting the use of force was violated due to the conduction of a cyberattack. The lack of such a precedent only reinforces the need for caution when making analogies between cyber and kinetic actions in assessments related to jus ad bellum.
 ","Official GGE Compendium of Voluntary National Contributions, 19, §3 (July 2021).","Although cyber operations may constitute an illegal use of force if their impact is similar to the impact of a kinetic attack, Brazil’s position cautions that any analogies may fail to account for the real conduct of such operations.",,
BRA,Are kinetic-like effects a required consequence of a cyber operation to qualify as a use of force (versus a factor among others to be considered)?    ,Ambiguous,"The United Nations Charter does not refer to specific weapons or other means of use of force, and therefore the legal prohibition applies to all of them. Cyber operations may amount to an illegal use of force if they are attributable to a State and if their impact is similar to the impact of a kinetic attack. It is generally understood that, to date, no state has claimed that the rule prohibiting the use of force was violated due to the conduction of a cyberattack. The lack of such a precedent only reinforces the need for caution when making analogies between cyber and kinetic actions in assessments related to jus ad bellum.","Official GGE Compendium of Voluntary National Contributions, 19, §3 (July 2021).
","Although cyber operations may constitute an illegal use of force if their impact is similar to the impact of a kinetic attack, Brazil’s position cautions that any analogies may fail to account for the real conduct of such operations.",,
BRA,Does the State recognize a “small” or de minimis effects exception to the prohibition on the use of force?    ,Silent,,,,,
BRA,"Can non-violent effects alone qualify as “force” (e.g., substantial economic harm, losses of functionality, etc.)?   ",Ambiguous,"Therefore, it is advisable to update the multilateral understanding of which acts amount to the use of force and aggression, so as to include instances of cyberattacks. While it might be challenging to find consensus on grey areas, such as the characterization of digital
attacks with no direct physical effects, there are points of convergence that should be
consolidated multilaterally to provide more clarity and legal certainty.","Official GGE Compendium of Voluntary National Contributions, 19, §3 (July 2021).","Although digital attacks with no direct physical effects fall into a challenging grey area in terms of consensus, Brazil’s position suggests international law must be updated to reflect cyberattacks that amount to the use of force. However, non-violent effects are not explicitly discussed.",,
BRA,"Can spill over effects from a cyber operation (i.e., those that are secondary or knock-on from the immediate effects) qualify as a use of force?    ",Silent,,,,,
BRA,Does the State recognize an accumulation theory or similar aggregation theory of use of force?  ,Silent,,,,,
BRA,Does the State consider a use of force to be the equivalent of an armed attack (per Article 51 of the UN Charter) subject to the same threshold?    ,No,"Amongst the gravest forms of the use of force in international relations are armed attacks, which trigger the right of states to resort to self-defense, in accordance with article 51 of the UN Charter.","Official GGE Compendium of Voluntary National Contributions, 20, §3 (July 2021).",,,
BRA,Can a cyber operation amount to a prohibited threat of a use of force?    ,Silent,,,,,
CAN,Does the prohibition of use of force apply to cyber operations?    ,,Yes,"Article 2(4) of the UN Charter requires that States refrain in their international relations from the threat or use of force against the territorial integrity or political independence of any State, or in any other manner inconsistent with the purposes of the UN. This also applies in cyberspace. In general, cyber activities that amount to such a threat or use of force are unlawful, with recognised exceptions under international law. ","International Law Applicable in Cyberspace, Government of Canada, ¶44 (Apr. 2022).",,
CAN,Can a stand-alone cyber operation violate the prohibition on the use of force?  ,,Yes,"In Canada’s view, cyber activities may amount to such a threat or use of force where the scale and effects are comparable to those from other operations that constitute the use of force at international law. Canada will assess cyber activities that may amount to a threat or use of force on a case-by-case basis.","International Law Applicable in Cyberspace, Government of Canada, ¶45 (Apr. 2022).",,
CAN,Must a State intend for a cyber operation to amount to a use of force for there to be a violation of the prohibition on the use of force?   ,,Silent,,,Intended and unintended consequences of cyber activities are mainly discussed with respect to violations of sovereignty in Canada’s position.,
CAN,Must the cyber operation have a coercive character (or effect) to qualify as a use of force?  ,,Silent,,,Coercion is mainly discussed with respect to non-intervention in Canada’s position.,
CAN,Does the State apply a “scale and effects” test to assess whether an action constitutes a use of force?  ,,Yes,"In Canada’s view, cyber activities may amount to such a threat or use of force where the scale and effects are comparable to those from other operations that constitute the use of force at international law. Canada will assess cyber activities that may amount to a threat or use of force on a case-by-case basis. ","International Law Applicable in Cyberspace, Government of Canada, ¶45 (Apr. 2022).",,
CAN,Does the State apply a totality of circumstances or similar context-based test to assess uses of force?  ,,Yes,"In Canada’s view, cyber activities may amount to such a threat or use of force where the scale and effects are comparable to those from other operations that constitute the use of force at international law. Canada will assess cyber activities that may amount to a threat or use of force on a case-by-case basis.","International Law Applicable in Cyberspace, Government of Canada, ¶45 (Apr. 2022).
",,
CAN,Does the State weigh the actual consequences of an action to assess whether it amounts to a use of force?  ,,"Silent
",,,,
CAN,"Does the State only recognize a use of force in cyber contexts by analogy to consequences caused by kinetic force (e.g., injury, death, damage or destruction)?  ",, Ambiguous,"In Canada’s view, cyber activities may amount to such a threat or use of force where the scale and effects are comparable to those from other operations that constitute the use of force at international law.","Canada Statement on International Law Applicable in Cyberspace, ¶ 45 (2022)
","DBH Cmt: I could go ambiguous here b/c of the “may” which might suggest room for a non-analogous test, but I’m inclined to go with yes. ",
CAN,Are kinetic-like effects a required consequence of a cyber operation to qualify as a use of force (versus a factor among others to be considered)?    ,,"Silent
",,,,
CAN,Does the State recognize a “small” or de minimis effects exception to the prohibition on the use of force?    ,,Silent,,,,
CAN,"Can non-violent effects alone qualify as “force” (e.g., substantial economic harm, losses of functionality, etc.)?   ",,Silent,,,,
CAN,"Can spill over effects from a cyber operation (i.e., those that are secondary or knock-on from the immediate effects) qualify as a use of force?    ",,"Silent
",,,,
CAN,Does the State recognize an accumulation theory or similar aggregation theory of use of force?  ,,Silent,,,,
CAN,Does the State consider a use of force to be the equivalent of an armed attack (per Article 51 of the UN Charter) subject to the same threshold?    ,,No,"To date, all publicly known malicious cyber activities have been widely interpreted by States as falling below the threshold (or thresholds) of the threat or use of force or armed attacks.
...
Canada considers that the inherent right of self-defence if an armed attack occurs against a State also applies in cyberspace.
...
Footnote 29
UN Charter, supra note 7, Art. 51.","International Law Applicable in Cyberspace, Government of Canada, ¶¶29, 46, FN 29 (Apr. 2022).","DBH: The “or” in the citation is significant; I thin it moves this to a no answer.  Although all publicly known malicious cyber activities are widely interpreted as falling below the thresholds of both the use of force and armed attacks, Canada’s position recognizes that an armed attack in cyberspace may give rise to the inherent right of self-defense under Article 51 of the UN Charter.",
CAN,Can a cyber operation amount to a prohibited threat of a use of force?    ,,Yes,"In Canada’s view, cyber activities may amount to such a threat or use of force where the scale and effects are comparable to those from other operations that constitute the use of force at international law. Canada will assess cyber activities that may amount to a threat or use of force on a case-by-case basis.","International Law Applicable in Cyberspace, Government of Canada, ¶45 (Apr. 2022).",Canada’s position consistently refers to cyber activities that may implicate the prohibition on even the mere threat of force.,
CHL,Does the prohibition of use of force apply to cyber operations?    ,Yes,"The Republic of Chile has stated, through its National Cyber-Defense Policy, that it will refrain from resorting to the threat of the use or the use of force through cyberspace in a manner that is against international law, and that it will
exercise its right to self-defense against any armed attack carried out through
cyberspace, in accordance with the provisions of Article 51 of the United
Nations Charter...
Consequently, Chile is of the view that current international law provides the applicable legal framework that should regulate how states behave in cyberspace.",OAS Survey Response Submitted by Chile (Question 2),"Chile’s position affirms that current international law provides a legal framework applicable to state behavior in cyberspace, especially in respect to refraining from the threat or use of force through cyberspace.",,
CHL,Can a stand-alone cyber operation violate the prohibition on the use of force?  ,Yes,"While the Charter establishes no definition of the use of force, the prohibition
has traditionally been understood as referring exclusively to armed force,
excluding other forms of political and economic coercion. Besides, the
International Court of Justice has stated that both Article 2.4 and Article 51 –
the latter enshrining the right to self-defense – are applicable for use of force,
regardless of the weapons used, for example, through cyberattacks.
A cyber operation may therefore constitute a use of force per se in those cases in which its scale and effects are comparable to those of a cyber or non-cyber operation rising to the level of use of force. In other words, it is not the means
used but rather the effects on a state as a result of such an operation, cyber or
kinetic, that determine whether there is use of force.",OAS Survey Response Submitted by Chile (Question 3),,,
CHL,Must a State intend for a cyber operation to amount to a use of force for there to be a violation of the prohibition on the use of force?   ,Silent,,,,,
CHL,Must the cyber operation have a coercive character (or effect) to qualify as a use of force?  ,Silent,,,,,
CHL,Does the State apply a “scale and effects” test to assess whether an action constitutes a use of force?  ,Yes,"A cyber operation may therefore constitute a use of force per se in those cases in which its scale and effects are comparable to those of a cyber or non-cyber operation rising to the level of use of force. In other words, it is not the means used but rather the effects on a state as a result of such an operation, cyber or kinetic, that determine whether there is use of force. ",OAS Survey Response Submitted by Chile (Question 3),,,
CHL,Does the State apply a totality of circumstances or similar context-based test to assess uses of force?  ,Silent,,,,,
CHL,Does the State weigh the actual consequences of an action to assess whether it amounts to a use of force?  ,Yes,"A cyber operation may therefore constitute a use of force per se in those cases in which its scale and effects are comparable to those of a cyber or non-cyber operation rising to the level of use of force. In other words, it is not the means used but rather the effects on a state as a result of such an operation, cyber or kinetic, that determine whether there is use of force.
In its National Cyber Defense Policy, the Republic of Chile has articulated its
view that a cyberattack can be as harmful as an armed attack. Accordingly, the
Republic of Chile is of the opinion that cyberattacks directed against its
sovereignty, its inhabitants, its physical or information infrastructure, or cyberattacks which severely affect its interests and satisfy the threshold of severity
necessary as well as the requirements established by international law to be an
armed attack, will give rise, in accordance with Article 51 of the United Nations
Charter, to the right to self-defense, which may be exercised through physical
means as well through cyberspace. ",OAS Survey Response Submitted by Chile (Question 3),"Although Chile’s position mainly considers the scale and effects of cyber operations in assessing whether they amount to a use of force, the evaluation of effects brought about by a cyber operation vaguely suggests weighing the actual consequences of the operation to assess whether it amounts to a use of force. Moreover, Chile discusses a threshold of severity in respect to cyberattacks as armed attacks, suggesting that consequences such as severe effects on a state’s interests may amount to a use of force.",,
CHL,"Does the State only recognize a use of force in cyber contexts by analogy to consequences caused by kinetic force (e.g., injury, death, damage or destruction)?  ",Ambiguous,"A cyber operation may therefore constitute a use of force per se in those cases in which its scale and effects are comparable to those of a cyber or non-cyber operation rising to the level of use of force. In other words, it is not the means
used but rather the effects on a state as a result of such an operation, cyber or
kinetic, that determine whether there is use of force.",OAS Survey Response Submitted by Chile (Question 3),,,
CHL,Are kinetic-like effects a required consequence of a cyber operation to qualify as a use of force (versus a factor among others to be considered)?    ,Ambiguous,"A cyber operation may therefore constitute a use of force per se in those cases in which its scale and effects are comparable to those of a cyber or non-cyber operation rising to the level of use of force. In other words, it is not the means
used but rather the effects on a state as a result of such an operation, cyber or kinetic, that determine whether there is use of force.","OAS Survey Response Submitted by Chile (Question 3)
","Chile’s position does not specify that kinetic-like effects are a required consequence, but they may determine whether there is a use of force depending on the result of the effects on a state.",,
CHL,Does the State recognize a “small” or de minimis effects exception to the prohibition on the use of force?    ,Silent,,,,,
CHL,"Can non-violent effects alone qualify as “force” (e.g., substantial economic harm, losses of functionality, etc.)?   ",Ambiguous,"Accordingly, the
Republic of Chile is of the opinion that cyberattacks directed against its
sovereignty, its inhabitants, its physical or information infrastructure, or cyberattacks which severely affect its interests and satisfy the threshold of severity
necessary as well as the requirements established by international law to be an
armed attack, will give rise, in accordance with Article 51 of the United Nations
Charter, to the right to self-defense, which may be exercised through physical
means as well through cyberspace.","OAS Survey Response Submitted by Chile (Question 3)
","Non-violent effects, such as cyber operations affecting a state’s interests, may be severe enough to constitute an armed attack and ",,
CHL,"Can spill over effects from a cyber operation (i.e., those that are secondary or knock-on from the immediate effects) qualify as a use of force?    ",Silent,,,,,
CHL,Does the State recognize an accumulation theory or similar aggregation theory of use of force?  ,Silent,,,,,
CHL,Does the State consider a use of force to be the equivalent of an armed attack (per Article 51 of the UN Charter) subject to the same threshold?    ,Ambiguous,"While the Charter establishes no definition of the use of force, the prohibition has traditionally been understood as referring exclusively to armed force, excluding other forms of political and economic coercion. Besides, the International Court of Justice has stated that both Article 2.4 and Article 51 – the latter enshrining the right to self-defense – are applicable for use of force, regardless of the weapons used, for example, through cyberattacks.
In its National Cyber Defense Policy, the Republic of Chile has articulated its view that a cyberattack can be as harmful as an armed attack.",OAS Survey Response Submitted by Chile (Question 3),"Although a cyber-attack may be as harmful as an armed attack, Chile’s position does not equivocate between the use of force and an armed attack.",,
CHL,Can a cyber operation amount to a prohibited threat of a use of force?    ,Silent,,,,,
CHN,Does the prohibition of use of force apply to cyber operations?    ,Yes,"The UN Charter and the principles enshrined in it, including sovereign equality, refraining from the use or threat of force, settlement of international disputes by peaceful means and non-intervention in the internal affairs of other States, apply in cyberspace.","China’s Positions on International Rules-making in Cyberspace (2021), §III",,,
CHN,Can a stand-alone cyber operation violate the prohibition on the use of force?  ,"Silent
",,,,,
CHN,Must a State intend for a cyber operation to amount to a use of force for there to be a violation of the prohibition on the use of force?   ,"Silent
",,,,,
CHN,Must the cyber operation have a coercive character (or effect) to qualify as a use of force?  ,"Silent
",,,,,
CHN,Does the State apply a “scale and effects” test to assess whether an action constitutes a use of force?  ,"Silent
",,,,,
CHN,Does the State apply a totality of circumstances or similar context-based test to assess uses of force?  ,"Silent
",,,,,
CHN,Does the State weigh the actual consequences of an action to assess whether it amounts to a use of force?  ,"Silent
",,,,,
CHN,"Does the State only recognize a use of force in cyber contexts by analogy to consequences caused by kinetic force (e.g., injury, death, damage or destruction)?  ","Silent
",,,,,
CHN,Are kinetic-like effects a required consequence of a cyber operation to qualify as a use of force (versus a factor among others to be considered)?    ,"Silent
",,,,,
CHN,Does the State recognize a “small” or de minimus effects exception to the prohibition on the use of force?    ,"Silent
",,,,,
CHN,"Can non-violent effects alone qualify as “force” (e.g., substantial economic harm, losses of functionality, etc.)?   ","Silent
",,,,,
CHN,"Can spill over effects from a cyber operation (i.e., those that are secondary or knock-on from the immediate effects) qualify as a use of force?    ","Silent
",,,,,
CHN,Does the State recognize an accumulation theory or similar aggregation theory of use of force?  ,"Silent
",,,,,
CHN,Does the State consider a use of force to be the equivalent of an armed attack (per Article 51 of the UN Charter) subject to the same threshold?    ,Silent,,,,,
CHN,Can a cyber operation amount to a prohibited threat of a use of force?    ,Yes,"The UN Charter and the principles enshrined in it, including sovereign equality, refraining from the use or threat of force, settlement of international disputes by peaceful means and non-intervention in the internal affairs of other States, apply in cyberspace.","China’s Positions on International Rules-making in Cyberspace,  § III (2021)",,,
COL,Does the prohibition of use of force apply to cyber operations?    ,Yes,“It is Colombia’s position that certain cyber operations could amount to a threat or use of force.”,"Ministry of Foreign Affairs of Colombia, Colombia’s National Position on the Application of International Law in Cyberspace pg 13 § 9 (2025)",,,
COL,Can a stand-alone cyber operation violate the prohibition on the use of force?  ,Yes,"“It is Colombia’s position that certain cyber operations could amount to a threat or use of force.”
",,,,
COL,Must a State intend for a cyber operation to amount to a use of force for there to be a violation of the prohibition on the use of force?   ,Silent,,,,,
COL,Must the cyber operation have a coercive character (or effect) to qualify as a use of force?  ,Silent,,,,,
COL,Does the State apply a “scale and effects” test to assess whether an action constitutes a use of force?  ,Silent,,,,,
COL,Does the State apply a totality of circumstances or similar context-based test to assess uses of force?  ,Ambiguous,"several questions on this issue remain open and need to be further addressed by States, particularly those related to the threshold of what constitutes force in cyberspace
",,,,
COL,Does the State weigh the actual consequences of an action to assess whether it amounts to a use of force?  ,Silent,,,,,
COL,"Does the State only recognize a use of force in cyber contexts by analogy to consequences caused by kinetic force (e.g., injury, death, damage or destruction)?  ",Silent,,,,,
COL,Are kinetic-like effects a required consequence of a cyber operation to qualify as a use of force (versus a factor among others to be considered)?    ,Silent,,,,,
COL,Does the State recognize a “small” or de minimis effects exception to the prohibition on the use of force?    ,Silent,,,,,
COL,"Can non-violent effects alone qualify as “force” (e.g., substantial economic harm, losses of functionality, etc.)?   ",Silent,,,,,
COL,"Can spill over effects from a cyber operation (i.e., those that are secondary or knock-on from the immediate effects) qualify as a use of force?    ",Silent,,,,,
COL,Does the State recognize an accumulation theory or similar aggregation theory of use of force?  ,Silent,,,,,
COL,Does the State consider a use of force to be the equivalent of an armed attack (per Article 51 of the UN Charter) subject to the same threshold?    ,Silent,,,,,
COL,Can a cyber operation amount to a prohibited threat of a use of force?    ,Yes,“It is Colombia’s position that certain cyber operations could amount to a threat or use of force.”,"Ministry of Foreign Affairs of Colombia, Colombia’s National Position on the Application of International Law in Cyberspace pg 13 § 9 (2025)",,,
CRI,Does the prohibition of use of force apply to cyber operations?    ,Yes,"Costa Rica believes that existing international law applies in its entirety to ICTs, just as
it does to all other technologies. With regard to the prohibition on the use of force and the rules of international humanitarian law, the International Court of Justice (ICJ) has held that these rules apply ‘to all forms of warfare and to all kinds of weapons, those of the past, those of the present and those of the future’. The same logic applies to the entirety of international law: as a matter of principle, it is applicable to all forms of human activity, whether they involve new technologies or not.
","Costa Rica’s Position on the Application of International Law in Cyberspace (2023), ¶7.

",,,
CRI,Can a stand-alone cyber operation violate the prohibition on the use of force?  ,Yes,"As noted earlier, the prohibition on the use of force applies irrespective of the type of
weapon employed by a State. Thus, a cyber operation may amount to a prohibited use
of force if it can cause harm or destruction analogous to a conventional weapon. ","Costa Rica’s Position on the Application of International Law in Cyberspace (2023), ¶36.",,,
CRI,Must a State intend for a cyber operation to amount to a use of force for there to be a violation of the prohibition on the use of force?   ,Silent,,,,,
CRI,Must the cyber operation have a coercive character (or effect) to qualify as a use of force?  ,Silent,,,,,
CRI,Does the State apply a “scale and effects” test to assess whether an action constitutes a use of force?  ,Ambiguous,"Thus, a cyber operation may amount to a prohibited use of force if it can cause harm or destruction analogous to a conventional weapon. In Costa Rica’s view, this assessment is to be carried out on the basis of a comparison between the effects of a cyber operation and those of an operation carried out by conventional weapons that would constitute a prohibited use of force. Although this assessment can only be carried out on a case-by-case basis, examples of cyber operations likely amounting to a prohibited use of force include those causing physical harm to individuals or significant destruction of property, as well as those permanently disabling operating systems controlling critical infrastructure, such as an electrical grid or a water and sanitation station. 
...
As noted by the ICJ, armed attacks are the
‘most grave’ forms of use of force. For Costa Rica, this assessment is to be carried out on
the basis of a comparison between the scale and effects of a cyber operation and those of
an operation by conventional weapons that would constitute an armed attack.","Costa Rica’s Position on the Application of International Law in Cyberspace (2023), ¶36-37.
","DBH Cmt: I infer absence of the ‘scale and effects’ langauge to have import since it’s so widely used in other statements 

Although Costa Rica’s position does not explicitly discuss a scale and effects test, whether a cyber operation constitutes the use of force depends on its comparison to effects produced by conventional weapons that would constitute a prohibited use of force. Moreover, a scale and effects test is explicitly mentioned as part of the assessment of whether a cyber operation constitutes an armed attack.",,
CRI,Does the State apply a totality of circumstances or similar context-based test to assess uses of force?  ,YES,"Thus, a cyber operation may amount to a prohibited use of force if it can cause harm or destruction analogous to a conventional weapon. In Costa Rica’s view, this assessment is to be carried out on the basis of a comparison between the effects of a cyber operation and those of an operation carried out by conventional weapons that would constitute a prohibited use of force. Although this assessment can only be carried out on a case-by-case basis, examples of cyber operations likely amounting to a prohibited use of force include those causing physical harm to individuals or significant destruction of property, as well as those permanently disabling operating systems controlling critical infrastructure, such as an electrical grid or a water and sanitation station.","Costa Rica’s Position on the Application of International Law in Cyberspace (2023), ¶36.","DBH Cmt – I treat case-by-case as a context-based test

Although Costa Rica’s position does not explicitly discuss a totality of the circumstances test, whether a cyber operation constitutes the use of force depends on its comparison to effects produced by conventional weapons that would constitute a prohibited use of force. This suggests a context-based test to assess uses of force.",,
CRI,Does the State weigh the actual consequences of an action to assess whether it amounts to a use of force?  ,"Ambiguous
","Thus, a cyber operation may amount to a prohibited use of force if it can cause harm or destruction analogous to a conventional weapon. In Costa Rica’s view, this assessment is to be carried out on the basis of a comparison between the effects of a cyber operation and those of an operation carried out by conventional weapons that would constitute a prohibited use of force. Although this assessment can only be carried out on a case-by-case basis, examples of cyber operations likely amounting to a prohibited use of force include those causing physical harm to individuals or significant destruction of property, as well as those permanently disabling operating systems controlling critical infrastructure, such as an electrical grid or a water and sanitation station.","Costa Rica’s Position on the Application of International Law in Cyberspace (2023), ¶36.
","Although Costa Rica’s position does not explicitly discuss a balancing test weighing the consequences of an action, whether a cyber operation constitutes the use of force depends on its comparison to effects produced by conventional weapons that would constitute a prohibited use of force. This suggests a consequences-oriented test to assess uses of force.",,
CRI,"Does the State only recognize a use of force in cyber contexts by analogy to consequences caused by kinetic force (e.g., injury, death, damage or destruction)?  ",No,"As noted earlier, the prohibition on the use of force applies irrespective of the type of
weapon employed by a State. Thus, a cyber operation may amount to a prohibited use
of force if it can cause harm or destruction analogous to a conventional weapon...
Although this assessment can only be carried out on a case-by-case basis, examples of cyber operations likely amounting to a prohibited use of force include those causing physical harm to individuals or significant destruction of property, as well as those permanently disabling operating systems controlling critical infrastructure, such as an electrical grid or a water and sanitation station.
","Costa Rica’s Position on the Application of International Law in Cyberspace (2023), ¶36.","DBH Cmt – wonder if we want to slightly rephrase the question to make these  “yes” answers easier to justify? That is, I think we’re asking if the state only talks about uses of force in kinetic terms rather than coming out and saying the test can only be applied to equivalent kinetic outcomes? ",,
CRI,Are kinetic-like effects a required consequence of a cyber operation to qualify as a use of force (versus a factor among others to be considered)?    ,Ambiguous,"Thus, a cyber operation may amount to a prohibited use of force if it can cause harm or destruction analogous to a conventional weapon. In Costa Rica’s view, this assessment is to be carried out on the basis of a comparison between the effects of a cyber operation and those of an operation carried out by conventional weapons that would constitute a prohibited use of force. Although this assessment can only be carried out on a case-by-case basis, examples of cyber operations likely amounting to a prohibited use of force include those causing physical harm to individuals or significant destruction of property, as well as those permanently disabling operating systems controlling critical infrastructure, such as an electrical grid or a water and sanitation station.","Costa Rica’s Position on the Application of International Law in Cyberspace (2023), ¶36.","Although the effects of a cyber operation are assessed based on a comparison to the effects of an operation using conventional weapons, Costa Rica’s position is not clear on whether kinetic-like effects are required for a cyber operation to constitute the use of force. Given that the assessment of whether there was a use of force is made on a case-by-case basis and an example includes permanently disabling operating systems that control critical infrastructure, Costa Rica’s position suggests that kinetic-like effects are not a necessary consequence to find a use of force.",,
CRI,Does the State recognize a “small” or de minimis effects exception to the prohibition on the use of force?    ,Silent,,,,,
CRI,"Can non-violent effects alone qualify as “force” (e.g., substantial economic harm, losses of functionality, etc.)?   ",Yes,"Thus, a cyber operation may amount to a prohibited use of force if it can cause harm or destruction analogous to a conventional weapon. In Costa Rica’s view, this assessment is to be carried out on the basis of a comparison between the effects of a cyber operation and those of an operation carried out by conventional weapons that would constitute a prohibited use of force. Although this assessment can only be carried out on a case-by-case basis, examples of cyber operations likely amounting to a prohibited use of force include those causing physical harm to individuals or significant destruction of property, as well as those permanently disabling operating systems controlling critical infrastructure, such as an electrical grid or a water and sanitation station.
","Costa Rica’s Position on the Application of International Law in Cyberspace (2023), ¶36.
","Given that the assessment of whether there was a use of force is made on a case-by-case basis and an example includes permanently disabling operating systems that control critical infrastructure, Costa Rica’s position suggests that such non-violent effects may constitute a use of force.",,
CRI,"Can spill over effects from a cyber operation (i.e., those that are secondary or knock-on from the immediate effects) qualify as a use of force?    ",Silent,,,,,
CRI,Does the State recognize an accumulation theory or similar aggregation theory of use of force?  ,Silent,,,,,
CRI,Does the State consider a use of force to be the equivalent of an armed attack (per Article 51 of the UN Charter) subject to the same threshold?    ,No,"A prohibited threat or use of force must be distinguished from an armed attack. In
accordance with Article 51 of the UN Charter and customary international law, an armed attack triggers the right of States to exercise individual or collective self-defense.
...
As noted by the ICJ, armed attacks are the
‘most grave’ forms of use of force. For Costa Rica, this assessment is to be carried out on
the basis of a comparison between the scale and effects of a cyber operation and those of
an operation by conventional weapons that would constitute an armed attack.","Costa Rica’s Position on the Application of International Law in Cyberspace (2023), ¶37.","Costa Rica’s position differentiates between the mere use of force and an armed attack, clarifying that an armed attack is technically the gravest form of use of force.",,
CRI,Can a stand-alone cyber operation violate the prohibition on the use of force?  ,Ambiguous,"As noted earlier, the prohibition on the use of force applies irrespective of the type of
weapon employed by a State. Thus, a cyber operation may amount to a prohibited use
of force if it can cause harm or destruction analogous to a conventional weapon. ","Costa Rica’s Position on the Application of International Law in Cyberspace (2023), ¶36.",DBH: CR cites the rules prohibiting threats of force but never extends it to cyber specifically the way it does in discussiong prohibitions on force itself,,
CUB,1. Does the prohibition of use of force apply to cyber operations?    ,Ambiguous,"6. The concept of the use of force has been analyzed from a perspective that involves the notions of armed violence, coercive force or force of interference. From this point of view, it is understood that only armed physical force is prohibited by article 2(4) of the United Nations Charter and that the definition of armed attack is much more restrictive than that of use of force. Under current international law, a cyber action does not constitute an armed attack in accordance with Article 2(4), since it lacks the physical characteristics and other requirements that define the aforementioned military attacks, their effects and legal consequences. 
... 
8. Considering the misuse of ICTs as an act of aggression or war should inevitably lead to giving the same qualification to other contemporary practices, such as the application of sanctions or unilateral coercive measures of financial, economic, and political pressure.
...
10. In this line of reasoning there are no legal elements of weight that coherently and non-selectively justify the intention to change the scope of the legal concepts of war, crime of aggression or armed attack, just to justify the use of force as legitimate defense against a so-called cyber-attack and to ignore more urgent situations.
...
12. Armed attacks, as regulated in Article 51 of the Charter of the United Nations, are the only action that justifies the exercise of self-defense as an exception to the jus cogens prohibition on the use of force. In this context, the use of force can only be understood as the use of the armed forces of one State against another and not the use of any type of force, whether economic, commercial, financial, cyber, or verbal.
...
30. It is politically dangerous and legally premature to consider that an improper use of ICTs could be equated to the use of force for the purpose of triggering the recourse to self-defense, when this is exclusively limited under Article 51 of the UN Charter to cases of armed attack.","Position Paper of the Republic of Cuba on the Application of International Law to Information and Communication Technologies in Cyberspace, pgs.1-2, 4,  ¶6, 8, 10, 12, 30 (2024). ","Cuba is primarily concerned with the concept of use of force wherever it qualifies as armed attack for the purposes of self-defense.

Cuba argues that international law as it currently stands should not understand cyberattacks to be a use of force for the purposes of self-defense because current law does not also acknowledge economic and political harm to be a use of force. 

Cuba is particularly concerned with selectively expanding “use of force” to include cyber attacks and then using this expanded understanding as a justification for economic aggression or kinetic use of force in self-defense.",,
CUB,1.1 Can a stand-alone cyber operation violate the prohibition on the use of force?  ,Ambiguous,"6. ...Under current international law, a cyber action does not constitute an armed attack in accordance with Article 2(4), since it lacks the physical characteristics and other requirements that define the aforementioned military attacks, their effects and legal consequences.
14. The above does not detract from or diminish the existence of the serious risks, concerns, and threats that exist in terms of cybersecurity. There are concerns about threats related to the possibility of using these technologies and means in the civil and military spheres for purposes not compatible with the Charter of the United Nations, particularly with regard to the maintenance of international peace and security. All this supports the establishment of legally binding norms that regulate the conduct of States and other actors in the matter.
15. Malicious use of ICT may constitute an internationally wrongful act, without this implying that it is equated to the use of force. States should have clear primary international obligations on the matter that also have an impact on other subjects such as large technology companies and eventual independent actors, potential triggers of an international conflict through the malicious use of ICT.","Position Paper of the Republic of Cuba on the Application of International Law to Information and Communication Technologies in Cyberspace, pgs. 1-2,  ¶6, 14-15 (2024).","While Cuba does not answer this question directly, it first states that stand-alone cyber operations are not armed attacks because armed attacks require physical characteristics.

Then, Cuba says that even though stand-alone syber operations are not armed attacks, they still could be unlawful. 

However, Cuba only says, ambiguously, that the malicious use of ICTs is unlawful if it “triggers” conflict, enters the civil or military spheres, or renders it difficult to maintain international peace. This implies that Cuba is using a physical “effects” analysis to determine when the use of ICTs is unlawful.",,
CUB,2. Must a State intend for a cyber operation to amount to a use of force for there to be a violation of the prohibition on the use of force?   ,Silent,,,,,
CUB,2.1 Must the cyber operation have a coercive character (or effect) to qualify as a use of force?  ,Ambiguous,"6. The concept of the use of force has been analyzed from a perspective that involves the notions of armed violence, coercive force or force of interference. From this point of view, it is understood that only armed physical force is prohibited by Article 2(4) of the United Nations Charter and that the definition of armed attack is much more restrictive than that of use of force. Under current international law, a cyber action does not constitute an armed attack in accordance with Article 2(4), since it lacks the physical characteristics and other requirements that define the aforementioned military attacks, their effects and legal consequences.
...
8. Considering the misuse of ICTs as an act of aggression or war should inevitably lead to giving the same qualification to other contemporary practices, such as the application of sanctions or unilateral coercive measures of financial, economic, and political pressure. In contrast to the possible and often hypothetical scenarios of damage resulting from the misuse of ICTs, international evidence does point to the existence of devastating effects of the application of unilateral coercive measures.","Position Paper of the Republic of Cuba on the Application of International Law to Information and Communication Technologies in Cyberspace, pg. 1,  ¶6, 8 (2024).","Cuba believes that international law as it currently stands requires any operations to be coercive to qualify as a use of force—that is, it is necessary for operations to be coercive to be a use of force. However, coercion alone is not sufficient for being considered a use of force under international law. 

Cuba argues that other forms of non-armed attack are also coercive, such as economic, financial, and political pressure, and that if coercion alone is sufficient to be considered a use of force, then not only cyber attacks but also these other methods should be considered uses of force.",,
CUB,3. Does the State apply a “scale and effects” test to assess whether an action constitutes a use of force?  ,"
Silent",,,,,
CUB,4. Does the State apply a totality of circumstances or similar context-based test to assess uses of force?  ,"
Silent",,,,,
CUB,5. Does the State weigh the actual consequences of an action to assess whether it amounts to a use of force?  ,Ambiguous,"6. The concept of the use of force has been analyzed from a perspective that involves the notions of armed violence, coercive force or force of interference...Under current international law, a cyber action does not constitute an armed attack in accordance with Article 2(4), since it lacks the physical characteristics and other requirements that define the aforementioned military attacks, their effects and legal consequences.
","Position Paper of the Republic of Cuba on the Application of International Law to Information and Communication Technologies in Cyberspace, pgs. 1,  ¶6 (2024).",Cuba again does not offer a clear legal standard for ‘use of force.’,,
CUB,"6. Does the State only recognize a use of force in cyber contexts by analogy to consequences caused by kinetic force (e.g., injury, death, damage or destruction)?  ","
Silent",,,,,
CUB,6.1 Are kinetic-like effects a required consequence of a cyber operation to qualify as a use of force (versus a factor among others to be considered)?    ,No,"12. Armed attacks, as regulated in Article 51 of the Charter of the United Nations, are the only action that justifies the exercise of self-defense as an exception to the jus cogens prohibition on the use of force. In this context, the use of force can only be understood as the use of the armed forces of one State against another and not the use of any type of force, whether economic, commercial, financial, cyber, or verbal.","Position Paper of the Republic of Cuba on the Application of International Law to Information and Communication Technologies in Cyberspace, pg. 2, ¶12 (2024).",,,
CUB,6.2 Does the State recognize a “small” or de minimis effects exception to the prohibition on the use of force?    ,No,"12. Armed attacks, as regulated in Article 51 of the Charter of the United Nations, are the only action that justifies the exercise of self-defense as an exception to the jus cogens prohibition on the use of force. In this context, the use of force can only be understood as the use of the armed forces of one State against another and not the use of any type of force, whether economic, commercial, financial, cyber, or verbal.
","Position Paper of the Republic of Cuba on the Application of International Law to Information and Communication Technologies in Cyberspace, pg. 2, ¶12 (2024).",,,
CUB,"6.3 Can non-violent effects alone qualify as “force” (e.g., substantial economic harm, losses of functionality, etc.)?   ",No,"12. Armed attacks, as regulated in Article 51 of the Charter of the United Nations, are the only action that justifies the exercise of self-defense as an exception to the jus cogens prohibition on the use of force. In this context, the use of force can only be understood as the use of the armed forces of one State against another and not the use of any type of force, whether economic, commercial, financial, cyber, or verbal.","Position Paper of the Republic of Cuba on the Application of International Law to Information and Communication Technologies in Cyberspace, pg. 2, ¶12 (2024).",,,
CUB,"6.4 Can spill over effects from a cyber operation (i.e., those that are secondary or knock-on from the immediate effects) qualify as a use of force?    ",Silent,,,,,
CUB,7. Does the State recognize an accumulation theory or similar aggregation theory of use of force?  ,Silent,,,,,
CUB,8. Does the State consider a use of force to be the equivalent of an armed attack (per Article 51 of the UN Charter) subject to the same threshold?    ,No,"“...the definition of armed attack is much more restrictive than that of use of force... a cyber action does not constitute an armed attack... ”

“Armed attacks... are the only action that justifies the exercise of self-defense as an exception to the jus cogens prohibition on the use of force”

“It is politically dangerous and legally premature to consider that an improper use of ICTs could be equated to the use of force for the purpose of triggering the recourse to self-defense...”","Position Paper of the Republic of Cuba on the Application of International Law to Information and Communication Technologies in Cyberspace pgs. 1, 2, 4 - ¶6, 12, 30 (2024)","Cuba draws a clear distinction between a use of force and an armed attack, aligning with the traditional interpretation that not all uses of force rise to the level of armed attack necessary to trigger Article 51 self-defense rights",,
CUB,9. Can a cyber operation amount to a prohibited threat of a use of force?    ,"
Silent",,,,,
CZE,Does the prohibition of use of force apply to cyber operations?    ,Yes,"25. The prohibition of the threat or use of force contained in the UN Charter is deliberately general and encompasses any means and methods used (whether kinetic or cyber means). Thus, the prohibition of the threat or use of force applies also in cyberspace.","2024 Czech Republic_Position_paper_on_the_application_of_IL_cyberspace, pg. 8 ¶25 (2024).",,,
CZE,Can a stand-alone cyber operation violate the prohibition on the use of force?  ,"Yes 
",26. ...The Czech Republic is of the opinion that cyber operation conducted in cyberspace could amount to the use of force under Article 2(4) of the UN Charter when the effects of the operation are comparable to those of a conventional character.,"2024 Czech Republic_Position_paper_on_the_application_of_IL_cyberspace, pg. 8 ¶26 (2024). ",,,
CZE,Must a State intend for a cyber operation to amount to a use of force for there to be a violation of the prohibition on the use of force?   ,"
Silent",,,,,
CZE,Must the cyber operation have a coercive character (or effect) to qualify as a use of force?  , Silent,,,"
",,
CZE,Does the State apply a “scale and effects” test to assess whether an action constitutes a use of force?  ,Yes.,"29. ...In accordance with the general guidance provided by the International Court of Justice there are two main factors to be considered when assessing whether a use of force constitutes an armed attack: the scale and the effects of the particular act.  If a cyber operation was comparable in its scale and effect to an
attack by conventional means (kinetic operations) in terms of its gravity, such as fatalities, damage and destruction, it could be considered as constituting an armed attack under Article 51 of the UN Charter.","2024 Czech Republic_Position_paper_on_the_application_of_IL_cyberspace, pg. 8 ¶29 (2024).
",,,
CZE,Does the State apply a totality of circumstances or similar context-based test to assess uses of force?  ,"Yes
","27. ...Whether activities in cyberspace, attributable to a State under international law, violate the prohibition of the threat or use of force as contained in Article 2(4) of the UN Charter needs to be assessed on case-by-case basis. Activities conducted by cyber means that do not amount to a threat or use of force may still amount to a violation of sovereignty or a prohibited intervention into internal or external affairs. In the context of cyber operations, the Czech Republic is of the view that factors offered by the Tallinn Manual 2.0, such as severity, immediacy, directness, invasiveness, measurability of effects, military character, State involvement or presumptive legality of the cyber operation in question represent important criteria in the process of evaluation when deciding whether an act may be characterized as an unlawful use of force. ","2024 Czech Republic_Position_paper_on_the_application_of_IL_cyberspace, pg. 8 ¶27 (2024).",Czech Republic emphasizes upon a case-by-case analysis.,,
CZE,Does the State weigh the actual consequences of an action to assess whether it amounts to a use of force?  ,"Yes 
","27. ...Whether activities in cyberspace, attributable to a State under international law, violate the prohibition of the threat or use of force as contained in Article 2(4) of the UN Charter needs to be assessed on case-by-case basis. Activities conducted by cyber means that do not amount to a threat or use of force may still amount to a violation of sovereignty or a prohibited intervention into internal or external affairs. In the context of cyber operations, the Czech Republic is of the view that factors offered by the Tallinn Manual 2.0, such as severity, immediacy, directness, invasiveness, measurability of effects, military character, State involvement or presumptive legality of the cyber operation in question represent important criteria in the process of evaluation when deciding whether an act may be characterized as an unlawful use of force.
","2024 Czech Republic_Position_paper_on_the_application_of_IL_cyberspace, pg. 8 ¶27 (2024).",Czech Republic emphasizes upon a case-by-case analysis.,,
CZE,"Does the State only recognize a use of force in cyber contexts by analogy to consequences caused by kinetic force (e.g., injury, death, damage or destruction)?  ",Silent,,,,,
CZE,Are kinetic-like effects a required consequence of a cyber operation to qualify as a use of force (versus a factor among others to be considered)?    ,Ambiguous,"If a cyber operation was comparable in its scale and effect to an
attack by conventional means (kinetic operations) in terms of its gravity, such as fatalities, damage and destruction, it could be considered as constituting an armed attack under Article 51 of the UN Charter.
","2024 Czech Republic_Position_paper_on_the_application_of_IL_cyberspace, pg. 8 ¶29 (2024).
","Although it is unclear whether kinetic-like effects are required for a cyber operation to constitute the use of force, the Czech Republic’s position explains that such effects may contribute to a cyber operation being deemed an armed attack under Article 51 of the UN Charter.",,
CZE,Does the State recognize a “small” or de minimis effects exception to the prohibition on the use of force?    ,"Silent
",,,,,
CZE,"Can non-violent effects alone qualify as “force” (e.g., substantial economic harm, losses of functionality, etc.)?   ",Yes,"26. Given  the  dependency  of  all  States  and  societies  on  ICTs,  cyber activities can have  serious consequences not only in cyberspace but also in the physical world. Such activities can result in malfunction of critical  infrastructure, physical damage  or extensive  economic loss, threaten national security or put human lives into jeopardy. The Czech Republic is of the opinion that cyber operation conducted in cyberspace could amount to the use of force under Article 2(4) of the UN Charter when the effects of the operation are comparable to those of a conventional character.","2024 Czech Republic_Position_paper_on_the_application_of_IL_cyberspace, pg. 8 ¶26 (2024).
",Non-violent effects may qualify if the effects of the operation are comparable to those of a conventional character.,,
CZE,"Can spill over effects from a cyber operation (i.e., those that are secondary or knock-on from the immediate effects) qualify as a use of force?    ",Silent,,,,,
CZE,Does the State recognize an accumulation theory or similar aggregation theory of use of force?  ,"Silent
",,,,,
CZE,Does the State consider a use of force to be the equivalent of an armed attack (per Article 51 of the UN Charter) subject to the same threshold?    ,"Yes
","28. Depending on the facts and circumstances, cyber operations attributable to a State and amounting to an unlawful use of force under Article 2(4) of the UN Charter may also constitute an ""armed attack"", under Article 51 of the UN Charter. ","2024 Czech Republic_Position_paper_on_the_application_of_IL_cyberspace, pg. 8 ¶28 (2024).","For the use of force to be the equivalent of an armed attack under Article 51 of the UN Charter, it depends on certain facts and circumstances.",,
CZE,Can a cyber operation amount to a prohibited threat of a use of force?    ,"Yes
","25. The prohibition of the threat or use of force contained in the UN Charter is deliberately general and encompasses any means and methods used (whether kinetic or cyber means). Thus, the prohibition of the threat or use of force applies also in cyberspace.","2024 Czech Republic_Position_paper_on_the_application_of_IL_cyberspace, pg. 8 ¶25 (2024).",,,
DNK,Does the prohibition of use of force apply to cyber operations?    ,Yes,"“Cyber operations may violate the prohibition on the threat or use of force, which primarily depends on the physical scale and effects of the cyber operation in question.”","National position of Denmark, Applicability of International Law, (2023) pg. 450.",,,
DNK,Can a stand-alone cyber operation violate the prohibition on the use of force?  ,Yes,"Cyber operations may violate the prohibition on the threat or use of force, which primarily depends on the physical scale and effects of the cyber operation in question. ","National position of Denmark, Applicability of International Law, (2023) pg. 450.",,,
DNK,Must a State intend for a cyber operation to amount to a use of force for there to be a violation of the prohibition on the use of force?   ,"Silent
",,,,,
DNK,Must the cyber operation have a coercive character (or effect) to qualify as a use of force?  ,Ambiguous,"With regard to the precise interpretation of the term force and the question as to whether economic or political coercion can qualify as use of force, Denmark considers that it generally cannot be ruled out that acts of economic or political coercion can fall within the purview of Article 2(4) of the UN Charter if, for example, a cyber operation resulting in the malfunctioning of a State’s financial system leads to significant economic damage.","National position of Denmark, Applicability of International Law, (2023) pg. 451.","Does not give a precise interpretation, but an example of certain types of coercions that qualify as use of force.
DBH Cmt – I read this as implying a yes, even as it expands on what types of coercion would usually qualify as force? ",,
DNK,Does the State apply a “scale and effects” test to assess whether an action constitutes a use of force?  ,"Yes
","Cyber operations may violate the prohibition on the threat or use of force, which primarily depends on the physical scale and effects of the cyber operation in question. It requires an individual assessment of the specific circumstances in each case to determine whether the scale and effects of a cyber operation correspond to what would qualify as use of force had they resulted from conventional weapons. ","National position of Denmark, Applicability of International Law, (2023) pg. 450.",,,
DNK,Does the State apply a totality of circumstances or similar context-based test to assess uses of force?  ,"Yes
","It requires an individual assessment of the specific circumstances in each case to determine whether the scale and effects of a cyber operation correspond to what would qualify as use of force had they resulted from conventional weapons.

It has been suggested that States should apply the following non-exhaustive factors for determining if a cyber operation reaches the level of use of force: Severity, immediacy, directness, invasiveness, measurability of effects, military character, State involvement, presumptive legality.[5] While few States in their public positions have endorsed these particular factors, Denmark is of the view that these factors are useful reference points for further understanding and discussing the definition of use of force in cyberspace.","National position of Denmark, Applicability of International Law, (2023) pg. 451.",,,
DNK,Does the State weigh the actual consequences of an action to assess whether it amounts to a use of force?  ,"Yes
","Cyber operations may violate the prohibition on the threat or use of force, which primarily depends on the physical scale and effects of the cyber operation in question. It requires an individual assessment of the specific circumstances in each case to determine whether the scale and effects of a cyber operation correspond to what would qualify as use of force had they resulted from conventional weapons.","National position of Denmark, Applicability of International Law, (2023) pg. 450-51.",,,
DNK,"Does the State only recognize a use of force in cyber contexts by analogy to consequences caused by kinetic force (e.g., injury, death, damage or destruction)?  ","Ambiguous
","Cyber operations may violate the prohibition on the threat or use of force, which primarily depends on the physical scale and effects of the cyber operation in question. It requires an individual assessment of the specific circumstances in each case to determine whether the scale and effects of a cyber operation correspond to what would qualify as use of force had they resulted from conventional weapons.

Generally, Denmark subscribes to the notion that where a cyber operation results in injury, death, or significant physical damage, this prima facie qualifies as use of force.
","National position of Denmark, Applicability of International Law, (2023) pg. 450-51.",,,
DNK,Are kinetic-like effects a required consequence of a cyber operation to qualify as a use of force (versus a factor among others to be considered)?    ,"No
","It has been suggested that States should apply the following non-exhaustive factors for determining if a cyber operation reaches the level of use of force: Severity, immediacy, directness, invasiveness, measurability of effects, military character, State involvement, presumptive legality. While few States in their public positions have endorsed these particular factors, Denmark is of the view that these factors are useful reference points for further understanding and discussing the definition of use of force in cyberspace.","National position of Denmark, Applicability of International Law, (2023) pg. 451.",,,
DNK,Does the State recognize a “small” or de minimus effects exception to the prohibition on the use of force?    ,"Silent
",,,,,
DNK,"Can non-violent effects alone qualify as “force” (e.g., substantial economic harm, losses of functionality, etc.)?   ",Silent,,,,,
DNK,"Can spill over effects from a cyber operation (i.e., those that are secondary or knock-on from the immediate effects) qualify as a use of force?    ","Yes
","“Denmark considers that a cyber operation, which e.g. leads to serious injury or death, or which causes significant physical damage, may qualify as an armed attack. This could be the case if a cyber attack leads to the disabling of an air traffic control system which causes planes to crash or an interference with the operating system of a power station, which causes serious physical damage.”","National position of Denmark, Applicability of International Law, pg. 452 (2023)",The immediate effect of the cyberattack is disabling a key piece of infrastructure with the secondary effect being the plane crashing causing serious physical damage,,
DNK,Does the State recognize an accumulation theory or similar aggregation theory of use of force?  ,Silent,,,,,
DNK,Does the State consider a use of force to be the equivalent of an armed attack (per Article 51 of the UN Charter) subject to the same threshold?    ,No,Denmark subscribes to the understanding that not all illegal use of force under article 2(4) of the UN Charter necessarily amounts to an armed attack under article 51 of the Charter.,"National position of Denmark, Applicability of International Law, (2023) pg. 451-52.",,,
DNK,Can a cyber operation amount to a prohibited threat of a use of force?    ,Yes,"Cyber operations may violate the prohibition on the threat or use of force, which primarily depends on the physical scale and effects of the cyber operation in question. ","National position of Denmark, Applicability of International Law, (2023) pg. 450.",,,
ECU,Does the prohibition of use of force apply to cyber operations?    ,Yes,“Yes. The fields of international law do apply in cyberspace.” ,"Permanent Mission of Ecuador, Questions and Answers RE Note Verbale, Question 2 (2019).","This refers to the prohibition on the use of force, the right to self defense, international humanitarian law, and human rights as the “fields of international law”",,
ECU,Can a stand-alone cyber operation violate the prohibition on the use of force?  ,Silent,,,,,
ECU,Must a State intend for a cyber operation to amount to a use of force for there to be a violation of the prohibition on the use of force?   ,"Ambiguous
","“According to NATO, a cyber attack is ‘an offensive or defensive cyber operation that is intended to cause injury or kill people or to damage or destroy objects.’ According to this concept, it can be considered an armed attack”. (question 3)
",,DBH: To extent armed attack under Art. 51 covers some uses of force I think the intent language here is worth including along with an ambiguous designation,,
ECU,Must the cyber operation have a coercive character (or effect) to qualify as a use of force?  ,Silent,,,,,
ECU,Does the State apply a “scale and effects” test to assess whether an action constitutes a use of force?  ,"Silent
",,,,,
ECU,Does the State apply a totality of circumstances or similar context-based test to assess uses of force?  ,"Silent
",,,,,
ECU,Does the State weigh the actual consequences of an action to assess whether it amounts to a use of force?  ,"Silent
",,,,,
ECU,"Does the State only recognize a use of force in cyber contexts by analogy to consequences caused by kinetic force (e.g., injury, death, damage or destruction)?  ",Silent,,,,,
ECU,Are kinetic-like effects a required consequence of a cyber operation to qualify as a use of force (versus a factor among others to be considered)?    ,"Silent
",,,,,
ECU,Does the State recognize a “small” or de minimus effects exception to the prohibition on the use of force?    ,"Silent
",,,,,
ECU,"Can non-violent effects alone qualify as “force” (e.g., substantial economic harm, losses of functionality, etc.)?   ",Silent,,,,,
ECU,"Can spill over effects from a cyber operation (i.e., those that are secondary or knock-on from the immediate effects) qualify as a use of force?    ","Silent
",,,,,
ECU,Does the State recognize an accumulation theory or similar aggregation theory of use of force?  ,Silent,,,,,
ECU,Does the State consider a use of force to be the equivalent of an armed attack (per Article 51 of the UN Charter) subject to the same threshold?    ,"Silent
",,,,,
ECU,Can a cyber operation amount to a prohibited threat of a use of force?    ,Silent,,,,,
EST,Does the prohibition of use of force apply to cyber operations?    ,Yes,"“While taking measures in cyberspace, states must comply with the obligations and constraints enshrined in international law, including the UN Charter and customary international law.” The threat or use of force in international relations is prohibited;”","Estonia, UNGA Compendium, pg. 25 (2021)
",,,
EST,Can a stand-alone cyber operation violate the prohibition on the use of force?  ,Ambiguous,"A cyber operation that targets critical infrastructure and results in serious
damage, injury or death, or a threat of such an operation, would be an example of use
of force.","Estonia, UNGA Compendium, pg. 26 (2021)
","While defining a cyber operation that uses force, it does not indicate whether or not this defined cyber operation is stand-alone. ",,
EST,Must a State intend for a cyber operation to amount to a use of force for there to be a violation of the prohibition on the use of force?   ,Silent,,,,,
EST,Must the cyber operation have a coercive character (or effect) to qualify as a use of force?  ,Silent,,,,,
EST,Does the State apply a “scale and effects” test to assess whether an action constitutes a use of force?  ,Yes,"“States must refrain in their international relations from carrying out cyber operations which, based on their scale and effect, would constitute a threat or use of force against the territorial integrity or a political independence of any state, or in any other manner inconsistent with the purposes of the UN.”","Estonia, UNGA Compendium, pg. 25 (2021)
",,,
EST,Does the State apply a totality of circumstances or similar context-based test to assess uses of force?  ,Silent,,,,,
EST,Does the State weigh the actual consequences of an action to assess whether it amounts to a use of force?  ,Yes,"A cyber operation that targets critical infrastructure and results in serious
damage, injury or death, or a threat of such an operation, would be an example of use
of force. ","Estonia, UNGA Compendium, pg. 26 (2021)
",,,
EST,"Does the State only recognize a use of force in cyber contexts by analogy to consequences caused by kinetic force (e.g., injury, death, damage or destruction)?  ",Ambiguous,"“A cyber operation that targets critical infrastructure and results in serious damage, injury or death, or a threat of such an operation, would be an example of use of force.""","Estonia, UNGA Compendium, pg. 26 (2021)
",Does not clarify whether or not kinetic analogies are the only way to recognize UoF,,
EST,Are kinetic-like effects a required consequence of a cyber operation to qualify as a use of force (versus a factor among others to be considered)?    ,Ambiguous,,,,,
EST,Does the State recognize a “small” or de minimus effects exception to the prohibition on the use of force?    ,Silent,,,,,
EST,"Can non-violent effects alone qualify as “force” (e.g., substantial economic harm, losses of functionality, etc.)?   ",Ambiguous,"“A cyber operation that targets critical infrastructure and results in serious damage, injury or death, or a threat of such an operation, would be an example of use of force.""
",,,,
EST,"Can spill over effects from a cyber operation (i.e., those that are secondary or knock-on from the immediate effects) qualify as a use of force?    ",Silent,,,,,
EST,Does the State recognize an accumulation theory or similar aggregation theory of use of force?  ,Silent,,,,,
EST,Does the State consider a use of force to be the equivalent of an armed attack (per Article 51 of the UN Charter) subject to the same threshold?    ,Silent,,,,,
EST,Can a cyber operation amount to a prohibited threat of a use of force?    ,Yes,"A cyber operation that targets critical infrastructure and results in serious
damage, injury or death, or a threat of such an operation, would be an example of use
of force.","Estonia, UNGA Compendium, pg. 25 (2021)",,,
EU,Does the prohibition of use of force apply to cyber operations?    ,Yes,"“Modern societies have come to rely heavily on ICT which can be disrupted, its usage prevented or denied or its workings altered by a cyber operation without resulting in any physical damage. A cyber operation can have far-reaching adverse effects or cause severe interruption of daily life. Depending on the circumstances, the combined effects of several cyber operations could, taken together, be comparable to a kinetic use of force.”","European Union (Common Understanding of International Law in Cyberspace (2024), page 6",,,
EU,Can a stand-alone cyber operation violate the prohibition on the use of force?  ,Yes,"
“Whenever the scale and effects of a cyber
operation are comparable to those of a traditional kinetic use of force, it constitutes a use of force within the meaning of Article 2 (4) of the UN Charter, which is prohibited unless specifically justified.”
","European Union (Common Understanding of International Law in Cyberspace (2024), page 6",,,
EU,Must a State intend for a cyber operation to amount to a use of force for there to be a violation of the prohibition on the use of force?  ,Silent,,,,,
EU,Must the cyber operation have a coercive character (or effect) to qualify as a use of force?,Silent,,,,,
EU,Does the State apply a “scale and effects” test to assess whether an action constitutes a use of force?,Yes,"“Whenever the scale and effects of a cyber
operation are comparable to those of a traditional kinetic use of force, it constitutes a use of force within the meaning of Article 2 (4) of the UN Charter, which is prohibited unless specifically justified.”","European Union (Common Understanding of International Law in Cyberspace (2024), page 6",,,
EU,Does the State apply a totality of circumstances or similar context-based test to assess uses of force?,Silent,,,,,
EU,Does the State weigh the actual consequences of an action to assess whether it amounts to a use of force?,Silent,,,,,
EU,"Does the State only recognize a use of force in cyber contexts by analogy to consequences caused by kinetic force (e.g., injury, death, damage or destruction)? ",Ambiguous,"“Whenever the scale and effects of a cyber
operation are comparable to those of a traditional kinetic use of force, it constitutes a use of force within the meaning of Article 2 (4) of the UN Charter, which is prohibited unless specifically justified.”
",,,,
EU,Are kinetic-like effects a required consequence of a cyber operation to qualify as a use of force (versus a factor among others to be considered)?,Ambiguous,"“A cyber operation can have far-reaching adverse effects or cause severe interruption of daily life. 
Depending on the circumstances, the combined effects of several cyber operations could, taken together, be comparable to a kinetic use of force. Whenever the scale and effects of a cyber
operation are comparable to those of a traditional kinetic use of force, it constitutes a use of force within the meaning of Article 2 (4) of the UN Charter, which is prohibited unless specifically justified.”","European Union (Common Understanding of International Law in Cyberspace (2024), page 6",,,
EU,Does the State recognize a “small” or de minimus effects exception to the prohibition on the use of force?,Silent,,,,,
EU,"Can non-violent effects alone qualify as “force” (e.g., substantial economic harm, losses of functionality, etc.)?",Silent,,,DBH Cmt.: GLOBAL – should we be inferring a “no” answer here where we answer yes to the “are kinetic effects” required answer above?  Can we pull an except of each question for the peer review to discuss? ,,
EU,"Can spill over effects from a cyber operation (i.e., those that are secondary or knock-on from the immediate effects) qualify as a use of force?  ",Silent,,,,,
EU,Does the State recognize an accumulation theory or similar aggregation theory of use of force?,Yes ,"Depending on the circumstances, the combined effects of several cyber operations could, taken together, be comparable to a kinetic use of force.",,,,
EU,Does the State consider a use of force to be the equivalent of an armed attack (per Article 51 of the UN Charter) subject to the same threshold?,No,"“The use of force that takes place within the limits of the consent of the State in whose territory that force will be used does not violate the prohibition on the use of force. Moreover, the use of force does not always constitute an armed attack.”","European Union (Common Understanding of International Law in Cyberspace (2024), page 6",,,
EU,Can a cyber operation amount to a prohibited threat of a use of force?,Silent,,,,,
FIN,Does the prohibition of use of force apply to cyber operations?    ,Yes,"For a cyberattack to be comparable to use of force, it must be sufficiently serious
and have impacts in the territory of the target State, or in areas within its jurisdiction, that are
similar to those of the use of force. A threat of such a cyberattack could also violate Article 2(4)
of the Charter, if the threat is sufficiently precise and directed against another State. ","Finland Position (2020), pg 6","| The use of cyberattack rather than cyber operations makes this question slightly ambiguous, though it is more likely than not that cyberattacks are synonymous with cyber operations. ",,
FIN,Can a stand-alone cyber operation violate the prohibition on the use of force?  ,Yes,"For a cyberattack to be comparable to use of force, it must be sufficiently serious
and have impacts in the territory of the target State, or in areas within its jurisdiction, that are
similar to those of the use of force. A threat of such a cyberattack could also violate Article 2(4)
of the Charter, if the threat is sufficiently precise and directed against another State. ","Finland Position (2020), pg 6",,,
FIN,Must a State intend for a cyber operation to amount to a use of force for there to be a violation of the prohibition on the use of force?   ,Silent,,,,,
FIN,Must the cyber operation have a coercive character (or effect) to qualify as a use of force?  ,Silent,,,,,
FIN,Does the State apply a “scale and effects” test to assess whether an action constitutes a use of force?  ,Ambiguous ,"Most commentators agree that when the scale and effects of a cyberattack correspond
to those of an armed attack responding to the cyberattack is justifiable as self-defence. It is
obvious that the attack must have caused death, injury or substantial material damage, but it is
impossible to set a precise quantitative threshold for the effects, and other circumstantial factors
must be taken into account in the analysis, as well (page 6)","Finland Position (2020), pg 6, para 4/second to last full para
",DBH Cmt – applying scale and effect to ID an armed attack will cover some but not all Uses of Force so I’d switch to Ambiguous here,,
FIN,Does the State apply a totality of circumstances or similar context-based test to assess uses of force?  ,Ambiguous,"Most commentators agree that when the scale and effects of a cyberattack correspond
to those of an armed attack responding to the cyberattack is justifiable as self-defence. It is
obvious that the attack must have caused death, injury or substantial material damage, but it is
impossible to set a precise quantitative threshold for the effects, and other circumstantial factors
must be taken into account in the analysis, as well (page 6)
",,DBH Cmt: Reference to circumstantial factors suggest a case-by case approach but since it’s only invoked for armed attacks I’d not say yes since that category doesn’t cover all uses of force?,,
FIN,Does the State weigh the actual consequences of an action to assess whether it amounts to a use of force?  ,Yes,"A widely discussed question is, to what extent
the definition of a cyberattack comparable to an armed attack should take account of the indirect
and long-term impacts of the attack. In any case, this would require that the impacts can be
assessed with sufficient precision ","Finland Position (2020), pg 6, para 5/last full para
",,,
FIN,"Does the State only recognize a use of force in cyber contexts by analogy to consequences caused by kinetic force (e.g., injury, death, damage or destruction)?  ",Silent,,,,,
FIN,Are kinetic-like effects a required consequence of a cyber operation to qualify as a use of force (versus a factor among others to be considered)?    ,Ambiguous,"For a cyberattack to be comparable to use of force, it must be sufficiently serious
and have impacts in the territory of the target State, or in areas within its jurisdiction, that are
similar to those of the use of force. (page 6)","Finland Position (2020), pg 6, para 4/second to last full para
",,,
FIN,Does the State recognize a “small” or de minimus effects exception to the prohibition on the use of force?    ,Silent,,,,,
FIN,"Can non-violent effects alone qualify as “force” (e.g., substantial economic harm, losses of functionality, etc.)?   ",Silent,,,,,
FIN,"Can spill over effects from a cyber operation (i.e., those that are secondary or knock-on from the immediate effects) qualify as a use of force?    ",Silent,,,,,
FIN,Does the State recognize an accumulation theory or similar aggregation theory of use of force?  ,Silent,,,,,
FIN,Does the State consider a use of force to be the equivalent of an armed attack (per Article 51 of the UN Charter) subject to the same threshold?    ,No,"While there is currently no established definition of a cyberattack that would pass the threshold
of “use of force” in the sense of article 2(4) of the UN Charter, or “armed attack” in the sense of
article 51, it is widely recognized that such a qualification depends on the consequences of a cyberattack. Any interpretation of the use of force in cyberspace should respect the UN Charter and not just the letter of the Charter but also its object and purpose, which is to prevent the escalation of armed activities. This would mean, for instance, that the distinction between armed attack as a particularly serious violation of the Charter, on the one hand, and any lesser uses of force, on the other, is preserved.","Finland Position (2020), pg 6-7","While a cyberattack currently would not mean the definition of an armed attack, subsequent interpretations could allow a cyberattack reach the level of an armed attack defined in Article 51.",,
FIN,Can a cyber operation amount to a prohibited threat of a use of force?    ,Yes,"For a cyberattack to be comparable to use of force, it must be sufficiently serious
and have impacts in the territory of the target State, or in areas within its jurisdiction, that are
similar to those of the use of force. A threat of such a cyberattack could also violate Article 2(4)
of the Charter, if the threat is sufficiently precise and directed against another State. (page 6)
","Finland Position (2020), pg 6, para 4/second to last full para
",,,
FRA,Does the prohibition of use of force apply to cyber operations?    ,Yes,"The most serious violations of sovereignty, especially those that infringe France’s territorial integrity or political independence, may violate the prohibition of the threat or use of force, which applies to any use of force, regardless of the weapons employed.","France, International Law Applied to Operations in Cyberspace, pg. 3, § 1.1.2 (2021).

",,,
FRA,Can a stand-alone cyber operation violate the prohibition on the use of force?  ,Yes,"Some cyberoperations may violate the prohibition of the threat or use of force. The most serious violations of sovereignty, especially those that infringe France’s territorial integrity or political independence, may violate the prohibition of the threat or use of force, which applies to any use of force, regardless of the weapons employed.","France, International Law Applied to Operations in Cyberspace, pg. 3, § 1.1.2 (2021).",,,
FRA,Must a State intend for a cyber operation to amount to a use of force for there to be a violation of the prohibition on the use of force?   ,Silent,,,,,
FRA,Must the cyber operation have a coercive character (or effect) to qualify as a use of force?  ,Silent,,,,,
FRA,Does the State apply a “scale and effects” test to assess whether an action constitutes a use of force?  ,Silent,,,,,
FRA,Does the State apply a totality of circumstances or similar context-based test to assess uses of force?  ,Yes,"A cyberoperation may be deemed a use of force against the yardstick of several criteria, including the circumstances prevailing at the time of the operation, such as the origin of the operation and the nature of the instigator (military or not), the extent of intrusion, the actual or intended effects of the operation or the nature of the intended target. This is of course not an exhaustive list. ","France, International Law Applied to Operations in Cyberspace, pg. 3, § 1.1.2 (2021).",The totality of circumstances is stated if not directly than indirectly.,,
FRA,Does the State weigh the actual consequences of an action to assess whether it amounts to a use of force?  ,Ambiguous,A cyberattack could be categorised as an armed attack if it caused substantial loss of life or considerable physical or economic damage. That would be the case of an operation in cyberspace that caused a failure of critical infrastructure with significant consequences or consequences liable to paralyse whole swathes of the country’s activity . . . ,"France, International Law Applied to Operations in Cyberspace, pg. 3, § 1.2.1 (2021).","DBH Cmt – again, I think we can draw an ambiguous conclusion from a position re armed attacks since they are all uses of force, but would’nt draw definitive conclusions from that position",,
FRA,"Does the State only recognize a use of force in cyber contexts by analogy to consequences caused by kinetic force (e.g., injury, death, damage or destruction)?  ",No,"However, France does not rule out the possibility that a cyberoperation without physical effects may also be characterised as a use of force. In the absence of physical damage, a cyberoperation may be deemed a use of force against the yardstick of several criteria . . . 
 ","France, International Law Applied to Operations in Cyberspace, pg. 3, § 1.1.2 (2021).",,,
FRA,Are kinetic-like effects a required consequence of a cyber operation to qualify as a use of force (versus a factor among others to be considered)?    ,No,"A cyberoperation carried out by one State against another State violates the prohibition of the use of force if its effects are similar to those that result from the use of conventional weapons.
However, France does not rule out the possibility that a cyberoperation without physical effects may also be characterised as a use of force. In the absence of physical damage, a cyberoperation may be deemed a use of force against the yardstick of several criteria, including the circumstances prevailing at the time of the operation, such as the origin of the operation and the nature of the instigator (military or not), the extent of intrusion, the actual or intended effects of the operation or the nature of the intended target. This is of course not an exhaustive list. For example, penetrating military systems in order to compromise French defence capabilities, or financing or even training individuals to carry out cyberattacks against France, could also be deemed uses of force. (para 1.1.2)","France, International Law Applied to Operations in Cyberspace, pg. 3-4, § 1.1.2 (2021).",,,
FRA,Does the State recognize a “small” or de minimus effects exception to the prohibition on the use of force?    ,Silent,,,,,
FRA,"Can non-violent effects alone qualify as “force” (e.g., substantial economic harm, losses of functionality, etc.)?   ",Yes,"This is of course not an exhaustive list. For example, penetrating military systems in order to compromise French defence capabilities, or financing or even training individuals to carry out cyberattacks against France, could also be deemed uses of force. (para 1.1.2)","France, International Law Applied to Operations in Cyberspace, pg. 3-4, § 1.1.2 (2021).",,,
FRA,"Can spill over effects from a cyber operation (i.e., those that are secondary or knock-on from the immediate effects) qualify as a use of force?    ",Silent,,,,,
FRA,Does the State recognize an accumulation theory or similar aggregation theory of use of force?  ,Yes,"Cyberattacks which do not reach the threshold of an armed attack when taken in isolation could be
categorised as such if the accumulation of their effects reaches a sufficient threshold of gravity, or if they are carried out concurrently with operations in the physical sphere which constitute an armed attack, where such attacks are coordinated and stem from the same entity or from different entities acting in Concert. (para 1.2.2)","France, International Law Applied to Operations in Cyberspace, pg. 7, § 1.2.2 (2021).",,,
FRA,Does the State consider a use of force to be the equivalent of an armed attack (per Article 51 of the UN Charter) subject to the same threshold?    ,"No
","However, not every use of force is an armed attack within the meaning of Article 51 of the United Nations Charter, especially if its effects are limited or reversible or do not attain a certain level of gravity. 

France reaffirms that a cyberattack may constitute an armed attack within the meaning of Article 51 of the United Nations Charter19, if it is of a scale and severity comparable to those resulting from the use of physical force (para. 1.2.1)
","France, International Law Applied to Operations in Cyberspace, pg. 4, § 1.1.2 (2021).","France is open to the possibility, but seemingly plays both sides of whether a cyberattack reaches the level of an armed attack. ",,
FRA,Can a cyber operation amount to a prohibited threat of a use of force?    ,Yes,"Some cyberoperations may violate the prohibition of the threat or use of force (para 1.1.2)


","France, International Law Applied to Operations in Cyberspace, pg. 3, § 1.1.2 (2021).",,,
DEU,Does the prohibition of use of force apply to cyber operations?    ,Yes,"So far, the vast majority of malicious cyber operations fall outside the scope of ‘force’. However, cyber operations might in extremis fall within the scope of the prohibition of the use of force and thus constitute a breach of art. 2 para. 4 UN Charter. ","Germany Position Paper (2021), pg. 6, II.c 
",,,
DEU,Can a stand-alone cyber operation violate the prohibition on the use of force?  ,Yes,"Cyber operations can cross the threshold into use of force and cause significant damage in
two ways. Firstly, they can be part of a wider kinetic attack. In such cases they are one
component of a wider operation clearly involving the use of physical force, and can be
assessed within the examination of the wider incident. Secondly, outside the wider context
of a kinetic military operation, cyber operations can by themselves cause serious harm and
may result in massive casualties. (Page 6)","Germany Position Paper (2021), pg. 6, II.c, 
",,,
DEU,Must a State intend for a cyber operation to amount to a use of force for there to be a violation of the prohibition on the use of force?   ,Silent,,,,,
DEU,Must the cyber operation have a coercive character (or effect) to qualify as a use of force?  ,Silent ,,,,,
DEU,Does the State apply a “scale and effects” test to assess whether an action constitutes a use of force?  ,Yes,"With regard to the latter case, Germany shares the view expressed in the Tallinn Manual 2.0:
the threshold of use of force in cyber operations is defined, in analogy to the ICJ’s Nicaragua
judgement, by the scale and effects of such a cyber operation. Whenever scale and
effects of a cyber operation are comparable to those of a traditional kinetic use of force, it
would constitute a breach of art. 2 para. 4 UN Charter. (page 6)","Germany Position Paper (2021), pg. 6, II.c, para 4-5
",,,
DEU,Does the State apply a totality of circumstances or similar context-based test to assess uses of force?  ,Yes,"Based on the assessment of the
scale and effects of the operation, the broader context of the situation and the significance
of the malicious cyber operation will have to be taken into account. Qualitative criteria which
may play a role in the assessment are, inter alia, the severity of the interference, the
immediacy of its effects, the degree of intrusion into a foreign cyber infrastructure and the
degree of organization and coordination of the malicious cyber operation. (page 6)
","Germany Position Paper (2021), pg. 6, II.c, last para
",,,
DEU,Does the State weigh the actual consequences of an action to assess whether it amounts to a use of force?  ,Yes,"Based on the assessment of the
scale and effects of the operation, the broader context of the situation and the significance
of the malicious cyber operation will have to be taken into account. Qualitative criteria which
may play a role in the assessment are, inter alia, the severity of the interference, the
immediacy of its effects, the degree of intrusion into a foreign cyber infrastructure and the
degree of organization and coordination of the malicious cyber operation. (page 6)","Germany Position Paper (2021), pg. 6, II.c, last para",,,
DEU,"Does the State only recognize a use of force in cyber contexts by analogy to consequences caused by kinetic force (e.g., injury, death, damage or destruction)?  ",Ambiguous,"The determination of a cyber operation as having crossed the threshold of a prohibited use
of force is a decision to be taken on a case-by-case basis. Based on the assessment of the
scale and effects of the operation, the broader context of the situation and the significance
of the malicious cyber operation will have to be taken into account. Qualitative criteria which
may play a role in the assessment are, inter alia, the severity of the interference, the
immediacy of its effects, the degree of intrusion into a foreign cyber infrastructure and the
degree of organization and coordination of the malicious cyber operation (page 6)","Germany Position Paper (2021), pg. 6, II.c, last para
",Germany does not note whether this case-by-case basis is determined through only a kinetic force lens. ,,
DEU,Are kinetic-like effects a required consequence of a cyber operation to qualify as a use of force (versus a factor among others to be considered)?    ,Ambiguous,),"Germany Position Paper (2021), pg. 6, II.c, para 4
",DBH Cmt: Citation goes to kinetic + cyber not whether cyber has to be like kinetic to cross the UoF threshold,,
DEU,Does the State recognize a “small” or de minimus effects exception to the prohibition on the use of force?    ,Silent,,,,,
DEU,"Can non-violent effects alone qualify as “force” (e.g., substantial economic harm, losses of functionality, etc.)?   ",Silent,,,,,
DEU,"Can spill over effects from a cyber operation (i.e., those that are secondary or knock-on from the immediate effects) qualify as a use of force?    ",Silent,,,,,
DEU,Does the State recognize an accumulation theory or similar aggregation theory of use of force?  ,Silent,,,,,
DEU,Does the State consider a use of force to be the equivalent of an armed attack (per Article 51 of the UN Charter) subject to the same threshold?    ,No," Furthermore, Germany acknowledges the view expressed in the ICJ’s Nicaragua judgment, namely that an armed attack constitutes the gravest form of use of force.","Germany Position Paper (2021), pg. 15, IV.b.4, para 4
",,,
DEU,Can a cyber operation amount to a prohibited threat of a use of force?    ,Silent,,,,,
,,,,,,,
GUY,Does the prohibition of use of force apply to cyber operations?    ,Ambiguous,"It is respectfully submitted that while it is acknowledged that international law should or ought to apply to cyberspace, given the nature of cyberspace and non-physical elements of attacks and consequences, it is difficult to easily apply existing principles of international law, for example with the “use of force”, where it traditionally implies some physical element and armed attacks which traditionally imply some sort od weapon. In the cyberspace, these cyber oprations do not fit into traditional concepts. (Question 2)","Permanent Mission of the Republic of Guyana to the Organization of American States, Note No: 105/2019, pg. 2, Answer 2 (2019).",,,
GUY,Can a stand-alone cyber operation violate the prohibition on the use of force?  ,No,"A cyber operation therefore covers the entire scope of cyberspace and related operations, both technical and non-technical. According to Black’s law dictionary, force is “Power dynamically considered, that is , in motion or in action”. Use of force relates to the extent to which this power is used. Consequently, a cyber operation by itself may not constitute a use of force. (Question 3)","Permanent Mission of the Republic of Guyana to the Organization of American States, Note No: 105/2019, pg. 3, Answer 3 2019).",,,
GUY,Must a State intend for a cyber operation to amount to a use of force for there to be a violation of the prohibition on the use of force?   ,Silent,,,,,
GUY,Must the cyber operation have a coercive character (or effect) to qualify as a use of force?  ,Silent,,,,,
GUY,Does the State apply a “scale and effects” test to assess whether an action constitutes a use of force?  ,Silent,,,,,
GUY,Does the State apply a totality of circumstances or similar context-based test to assess uses of force?  ,Silent,,,,,
GUY,Does the State weigh the actual consequences of an action to assess whether it amounts to a use of force?  ,Silent,,,,,
GUY,"Does the State only recognize a use of force in cyber contexts by analogy to consequences caused by kinetic force (e.g., injury, death, damage or destruction)?  ",Silent,,,,,
GUY,Are kinetic-like effects a required consequence of a cyber operation to qualify as a use of force (versus a factor among others to be considered)?    ,Silent,,,,,
GUY,Does the State recognize a “small” or de minimus effects exception to the prohibition on the use of force?    ,Silent,,,,,
GUY,"Can non-violent effects alone qualify as “force” (e.g., substantial economic harm, losses of functionality, etc.)?   ",Silent,,,,,
GUY,"Can spill over effects from a cyber operation (i.e., those that are secondary or knock-on from the immediate effects) qualify as a use of force?    ",Silent,,,,,
GUY,Does the State recognize an accumulation theory or similar aggregation theory of use of force?  ,Silent,,,,,
GUY,Does the State consider a use of force to be the equivalent of an armed attack (per Article 51 of the UN Charter) subject to the same threshold?    ,No,"Article 51 of the UN Charter refers to an armed attack triggering self-defense. In looking at the definition of cyberspace, no physical weaponry is involved and therefore a cyber operation may not be considered an armed attack, triggering self-defense by a State. A cyber operation may not qualify as use of force or an armed attack. However, according to Laurent Gisel, “While most cyber attacks are not linked to an armed conflict, various types of cyber operations have been ised during armed conflicts. (question 3)","Permanent Mission of the Republic of Guyana to the Organization of American States, Note No: 105/2019, pg. 2, Answer 3 (2019).",,,
GUY,Can a cyber operation amount to a prohibited threat of a use of force?    ,Silent,,,,,
GUA,Does the prohibition of use of force apply to cyber operations?    ,,Yes,"Question 3: Yes: a cyber operation in and of itself can qualify as a use of force. 
","OAS Survey Response Submitted by Guatemala, pg3, question 3. ",,
GUA,Can a stand-alone cyber operation violate the prohibition on the use of force?  ,,Yes,"Question 3: Yes: a cyber operation in and of itself can qualify as a use of force.
","OAS Survey Response Submitted by Guatemala, pg3, question 3.  ",,
GUA,Must a State intend for a cyber operation to amount to a use of force for there to be a violation of the prohibition on the use of force?   ,,Ambiguous,"Question 5: Because Guatemala ratified the 1949 Geneva Conventions as part of the different treaties governing international humanitarian law, it holds that all States that have ratified the Conventions must abide by them when an armed conflict arises in their territories. However, international forums must continue their discussions on the uniquely different aspects that a conflict in cyberspace would entail, particularly regarding such issues as attribution and territorial considerations relating to cyber attacks or conflicts.
","OAS Survey Response Submitted by Guatemala, pg3-4, question 5.",Guatemala calls for continued discussion on this matter in international forums.,
GUA,Must the cyber operation have a coercive character (or effect) to qualify as a use of force?  ,,No,"Question 3: ... “use of force” does not exclusively mean physical force; it also covers threats to and violations of the security and protection of third parties. Although they are not weapons as we commonly understand them, cyber channels can be used to deploy weapons or measures with a similar — or even greater — impact than that obtained with kinetic weapons. ... In addition, because of the consequences they can produce — such as death, anxiety, and poverty — they should be considered violent.","OAS Survey Response Submitted by Guatemala, pg3, question 3.",,
GUA,Does the State apply a “scale and effects” test to assess whether an action constitutes a use of force?  ,,Ambiguous,"Question 3: ...Thought must be given to expanding our concept of the term “weapon,” in order to see them in the light of their consequences and not that of the physical components with which they are built. In light of the foregoing, we believe that there is a right of legitimate defense against a cyber attack or operation against a country’s sovereignty. This is because the consequences thereof can be greater and more lasting, in that they threaten such sectors as health, security, and others. In addition, because of the consequences they can produce — such as death, anxiety, and poverty — they should be considered violent.","OAS Survey Response Submitted by Guatemala, pg3, question 3.","Various considerations of extent and consequences are taken into account, hence connoting something akin to a “scale and effects” test.",
GUA,Does the State apply a totality of circumstances or similar context-based test to assess uses of force?  ,,Silent,,,,
GUA,Does the State weigh the actual consequences of an action to assess whether it amounts to a use of force?  ,,Yes,"Question 3: ...Thought must be given to expanding our concept of the term “weapon,” in order to see them in the light of their consequences and not that of the physical components with which they are built. In light of the foregoing, we believe that there is a right of legitimate defense against a cyber attack or operation against a country’s sovereignty. This is because the consequences thereof can be greater and more lasting, in that they threaten such sectors as health, security, and others. In addition, because of the consequences they can produce — such as death, anxiety, and poverty — they should be considered violent.","OAS Survey Response Submitted by Guatemala, pg3, question 3.  ",,
GUA,"Does the State only recognize a use of force in cyber contexts by analogy to consequences caused by kinetic force (e.g., injury, death, damage or destruction)?  ",,No,"Question 3: “use of force” does not exclusively mean physical force; it also covers threats to and violations of the security and protection of third parties. Although they are not weapons as we commonly understand them, cyber channels can be used to deploy weapons or measures with a similar — or even greater — impact than that obtained with kinetic weapons. Thought must be given to expanding our concept of the term “weapon,” in order to see them in the light of their consequences and not that of the physical components with which they are built. In light of the foregoing, we believe that there is a right of legitimate defense against a cyber attack or operation against a country’s sovereignty. This is because the consequences thereof can be greater and more lasting, in that they threaten such sectors as health, security, and others. In addition, because of the consequences they can produce — such as death, anxiety, and poverty — they should be considered violent.","OAS Survey Response Submitted by Guatemala, pg3, question 3.  ",Analogy to consequences is in addition to any physical force.,
GUA,Are kinetic-like effects a required consequence of a cyber operation to qualify as a use of force (versus a factor among others to be considered)?    ,,No,"Question 3: “use of force” does not exclusively mean physical force; it also covers threats to and violations of the security and protection of third parties. Although they are not weapons as we commonly understand them, cyber channels can be used to deploy weapons or measures with a similar — or even greater — impact than that obtained with kinetic weapons. Thought must be given to expanding our concept of the term “weapon,” in order to see them in the light of their consequences and not that of the physical components with which they are built. In light of the foregoing, we believe that there is a right of legitimate defense against a cyber attack or operation against a country’s sovereignty. This is because the consequences thereof can be greater and more lasting, in that they threaten such sectors as health, security, and others. In addition, because of the consequences they can produce — such as death, anxiety, and poverty — they should be considered violent.","OAS Survey Response Submitted by Guatemala, pg3, question 3.","Effects or consequences are a factor among others to be considered, rather than being a required one.",
GUA,Does the State recognize a “small” or de minimus effects exception to the prohibition on the use of force?    ,,Ambiguous,"Question 3: “use of force” does not exclusively mean physical force; it also covers threats to and violations of the security and protection of third parties. Although they are not weapons as we commonly understand them, cyber channels can be used to deploy weapons or measures with a similar — or even greater — impact than that obtained with kinetic weapons. Thought must be given to expanding our concept of the term “weapon,” in order to see them in the light of their consequences and not that of the physical components with which they are built. In light of the foregoing, we believe that there is a right of legitimate defense against a cyber attack or operation against a country’s sovereignty. This is because the consequences thereof can be greater and more lasting, in that they threaten such sectors as health, security, and others. In addition, because of the consequences they can produce — such as death, anxiety, and poverty — they should be considered violent.
","OAS Survey Response Submitted by Guatemala, pg3, question 3.
","The language talks about expanding the view to assess ‘use of force’ in the light of their consequences, without mentioning any exception towards “small” or de minimus effects.",
GUA,"Can non-violent effects alone qualify as “force” (e.g., substantial economic harm, losses of functionality, etc.)?   ",,Ambiguous,"Question 3: ...Thought must be given to expanding our concept of the term “weapon,” in order to see them in the light of their consequences and not that of the physical components with which they are built. In light of the foregoing, we believe that there is a right of legitimate defense against a cyber attack or operation against a country’s sovereignty. This is because the consequences thereof can be greater and more lasting, in that they threaten such sectors as health, security, and others. In addition, because of the consequences they can produce — such as death, anxiety, and poverty — they should be considered violent.
","OAS Survey Response Submitted by Guatemala, pg3, question 3.","Non-violent effects can alone qualify as force because Guatemala’s position is to look at the consequences, however, there is no mention of economic harm, losses of functionality in particular.
",
GUA,"Can spill over effects from a cyber operation (i.e., those that are secondary or knock-on from the immediate effects) qualify as a use of force?    ",,Ambiguous,"Question 3: ...Thought must be given to expanding our concept of the term “weapon,” in order to see them in the light of their consequences.","OAS Survey Response Submitted by Guatemala, pg3, question 3.","Guatemala’s position is to look at the consequences, however, there is no mention of spill over effects.",
GUA,Does the State recognize an accumulation theory or similar aggregation theory of use of force?  ,,Silent,,,,
GUA,Does the State consider a use of force to be the equivalent of an armed attack (per Article 51 of the UN Charter) subject to the same threshold?    ,,Yes,"Question 3: Although they are not weapons as we commonly understand them, cyber channels can be used to deploy weapons or measures with a similar — or even greater — impact than that obtained with kinetic weapons. Thought must be given to expanding our concept of the term “weapon,” in order to see them in the light of their consequences and not that of the physical components with which they are built. In light of the foregoing, we believe that there is a right of legitimate defense against a cyber attack or operation against a country’s sovereignty.","OAS Survey Response Submitted by Guatemala, pg3, question 3.
","""Can it constitute an armed attack that triggers a right of self-defense under Article 51 of the UN Charter?” is captured in Question 3, and the OAS Survey Response answers in the affirmative.  ",
GUA,Can a cyber operation amount to a prohibited threat of a use of force?    ,,Yes,"Question 3: Yes: a cyber operation in and of itself can qualify as a use of force, since “use of force” does not exclusively mean physical force; it also covers threats to and violations of the security and protection of third parties. ","OAS Survey Response Submitted by Guatemala, pg3, question 3.",,
IRN,Does the prohibition of use of force apply to cyber operations?    ,,Yes,"Considering that a wide range of general principles of current international law, including equality of sovereignty of states, the prohibition against the use of force and act of aggression may apply to the use of cyberspace (article 1, para.3)

Armed forces of the Islamic Republic of Iran believe that certainly, those cyber operations resulting in material damage to property and/or persons in the widespread and grave manner and or it logically is probable to result in such implications constitutes use of force. Should such operations affect the vital national infrastructures, including defensive infrastructures- whether owned by the public or private sector- they shall violate the principle of the non-use of force. (Article IV, para. 1)","Iran Cyber Statement (2020), Art. 1 Pt. 3



Art. IV, Pt. 1",,
IRN,Can a stand-alone cyber operation violate the prohibition on the use of force?  ,,Silent,,,,
IRN,Must a State intend for a cyber operation to amount to a use of force for there to be a violation of the prohibition on the use of force?   ,,Silent,,,,
IRN,Must the cyber operation have a coercive character (or effect) to qualify as a use of force?  ,,Silent,,,,
IRN,Does the State apply a “scale and effects” test to assess whether an action constitutes a use of force?  ,,Silent,,,,
IRN,Does the State apply a totality of circumstances or similar context-based test to assess uses of force?  ,,Silent,,,,
IRN,Does the State weigh the actual consequences of an action to assess whether it amounts to a use of force?  ,,Yes,"Armed forces of the Islamic Republic of Iran believe that certainly, those cyber operations resulting in material damage to property and/or persons in the widespread and grave manner and or it logically is probable to result in such implications constitutes use of force. Should such operations affect the vital national infrastructures, including defensive infrastructures- whether owned by the public or private sector- they shall violate the principle of the non-use of force.","Iran Cyber Statement (2020) Art. IV, Pt. 1
",,
IRN,"Does the State only recognize a use of force in cyber contexts by analogy to consequences caused by kinetic force (e.g., injury, death, damage or destruction)?  ",,Ambiguous,"Armed forces of the Islamic Republic of Iran believe that certainly, those cyber operations resulting in material damage to property and/or persons in the widespread and grave manner and or it logically is probable to result in such implications constitutes use of force. Should such operations affect the vital national infrastructures, including defensive infrastructures- whether owned by the public or private sector- they shall violate the principle of the non-use of force.","Iran Cyber Statement (2020) Art. IV, Pt. 1
","Material damage could connotate kinetic damage, but` still ambiguous. ",
IRN,Are kinetic-like effects a required consequence of a cyber operation to qualify as a use of force (versus a factor among others to be considered)?    ,,No,"Armed forces of the Islamic Republic of Iran believe that certainly, those cyber operations resulting in material damage to property and/or persons in the widespread and grave manner and or it logically is probable to result in such implications constitutes use of force. Should such operations affect the vital national infrastructures, including defensive infrastructures- whether owned by the public or private sector- they shall violate the principle of the non-use of force.","Iran Cyber Statement (2020) Art. IV, Pt. 1","Material damage could connotate kinetic damage, but` still ambiguous. ",
IRN,Does the State recognize a “small” or de minimus effects exception to the prohibition on the use of force?    ,,Silent,,,,
IRN,"Can non-violent effects alone qualify as “force” (e.g., substantial economic harm, losses of functionality, etc.)?   ",,Ambiguous,"Armed forces of the Islamic Republic of Iran believe that certainly, those cyber operations resulting in material damage to property and/or persons in the widespread and grave manner and or it logically is probable to result in such implications constitutes use of force. Should such operations affect the vital national infrastructures, including defensive infrastructures- whether owned by the public or private sector- they shall violate the principle of the non-use of force.","Iran Cyber Statement (2020) Art. IV, Pt. 1
",,
IRN,"Can spill over effects from a cyber operation (i.e., those that are secondary or knock-on from the immediate effects) qualify as a use of force?    ",,Silent,,,,
IRN,Does the State recognize an accumulation theory or similar aggregation theory of use of force?  ,,Silent,.,,,
IRN,Does the State consider a use of force to be the equivalent of an armed attack (per Article 51 of the UN Charter) subject to the same threshold?    ,,Silent,,,,
IRN,Can a cyber operation amount to a prohibited threat of a use of force?    ,,Silent,,,,
IRL,Does the prohibition of use of force apply to cyber operations?    ,,Yes,"“At the OEWG, states reaffirmed that “international law, and in particular the Charter of the United Nations, is applicable and essential to maintaining peace and stability and promoting an open, secure, stable, accessible and peaceful ICT environment The prohibition on the use of force applies regardless of the means or weapons employed.”","Ireland (2023) pg. 4, pt. 16",,
IRL,Can a stand-alone cyber operation violate the prohibition on the use of force?  ,,Yes,"“The prohibition on the use of force applies regardless of the means or weapons employed.""

Although present day technology and our heavily digitised world may not have
been contemplated at the time of the adoption of the Charter, it is appropriate to
interpret Article 2(4) as applying to force emanating from cyber operations,
notwithstanding the fact that the traditional physical or kinetic element may be lacking
in terms of both means and impact. (para.18)","Ireland (2023) pg. 4, pt. 17

Ireland (2023) pg. 4, pt. 18
",,
IRL,Must a State intend for a cyber operation to amount to a use of force for there to be a violation of the prohibition on the use of force?   ,,Silent,,,,
IRL,Must the cyber operation have a coercive character (or effect) to qualify as a use of force?  ,,Silent,,,,
IRL,Does the State apply a “scale and effects” test to assess whether an action constitutes a use of force?  ,,Yes,"“In Ireland’s view, a cyber-operation attributable to a state will amount to a use of force if its scale and effects correspond to those of a physical use of force.” 

In the Nicaragua case, looking at the notion of “force”, the ICJ determined that assistance to rebels in the form of the provision of weapons or logistical or other support may be regarded as a threat or use of force. The Court further determined that “scale and effects” are to be considered when determining whether particular actions amount to an “armed attack (para. 17)","Ireland (2023) pg. 4, pt. 18



Ireland (2023) pg. 4, pt. 17
",,
IRL,Does the State apply a totality of circumstances or similar context-based test to assess uses of force?  ,,Silent,,,,
IRL,Does the State weigh the actual consequences of an action to assess whether it amounts to a use of force?  ,,Yes,"“In Ireland’s view, a cyber-operation attributable to a state will amount to a use of force if its scale and effects correspond to those of a physical use of force. This may include instances where a cyber-operation does not cause physical damage, such as where there is significant impairment of functionality of critical infrastructure.”","Ireland (2023) pg. 4, pt. 18
",,
IRL,"Does the State only recognize a use of force in cyber contexts by analogy to consequences caused by kinetic force (e.g., injury, death, damage or destruction)?  ",,No,"“Although present day technology and our heavily digitised world may not have been contemplated at the time of the adoption of the Charter, it is appropriate to interpret Article 2(4) as applying to force emanating from cyber operations, notwithstanding the fact that the traditional physical or kinetic element may be lacking in terms of both means and impact.”","Ireland (2023) pg. 4, pt. 18
",,
IRL,Are kinetic-like effects a required consequence of a cyber operation to qualify as a use of force (versus a factor among others to be considered)?    ,,No.,"“This may include instances where a cyber-operation does not cause physical damage, such as where there is significant impairment of functionality of critical infrastructure.”","Ireland (2023) pg. 4, pt. 18
",,
IRL,Does the State recognize a “small” or de minimus effects exception to the prohibition on the use of force?    ,,Silent,,,,
IRL,"Can non-violent effects alone qualify as “force” (e.g., substantial economic harm, losses of functionality, etc.)?   ",,Yes,"“This may include instances where a cyber-operation does not cause physical damage, such as where there is significant impairment of functionality of critical infrastructure.”","Ireland (2023) pg. 4, pt. 18
",,
IRL,"Can spill over effects from a cyber operation (i.e., those that are secondary or knock-on from the immediate effects) qualify as a use of force?    ",,Silent,,,,
IRL,Does the State recognize an accumulation theory or similar aggregation theory of use of force?  ,,Silent,,,,
IRL,Does the State consider a use of force to be the equivalent of an armed attack (per Article 51 of the UN Charter) subject to the same threshold?    ,,No,"“Moreover, not every use of force contrary to Article 2(4) will amount to an “armed attack” within the meaning of Article 51 of the UN Charter...”","Ireland (2023) pg. 4, pt. 19
",,
IRL,Can a cyber operation amount to a prohibited threat of a use of force?    ,,Ambiguous,"In Ireland’s view, a cyber-operation attributable to a state will amount to a use of force
if its scale and effects correspond to those of a physical use of force.","Ireland (2023) pg. 4, pt. 18
","Quotes Art. 2(4) but never says explicitly it applies to threats of force in cyber?
",
ISR,Does the prohibition of use of force apply to cyber operations?    ,,Yes,"the customary prohibition set out in Article 2(4) of the Charter of the United Nations, on “the threat or use of force” in international relations, is clearly applicable in the cyber domain.","Roy Schöndorf, Israel’s Perspective on Key Legal and Practical issues Concerning the Application of International Law to Cyber Operations, pg 398 (2020). ",,
ISR,Can a stand-alone cyber operation violate the prohibition on the use of force?  ,,Yes,"| We share the support among States for the view that a cyber operation can amount to use of force if it is expected to cause physical damage, injury or death, which would establish the use of force if caused by kinetic means.","Roy Schöndorf, Israel’s Perspective on Key Legal and Practical issues Concerning the Application of International Law to Cyber Operations, pg 398-99 (2020).",,
ISR,Must a State intend for a cyber operation to amount to a use of force for there to be a violation of the prohibition on the use of force?   ,,Ambiguous ,"We share the support among States for the view that a cyber operation can amount to use of force if it is expected to cause physical damage, injury or death, which would establish the use of force if caused by kinetic means.",,DBH Cmt – do we read expected as intent?,
ISR,Must the cyber operation have a coercive character (or effect) to qualify as a use of force?  ,,Silent,,,,
ISR,Does the State apply a “scale and effects” test to assess whether an action constitutes a use of force?  ,,Silent,,,,
ISR,Does the State apply a totality of circumstances or similar context-based test to assess uses of force?  ,,Silent,,,,
ISR,Does the State weigh the actual consequences of an action to assess whether it amounts to a use of force?  ,,Yes,"We share the support among States for the view that a cyber operation can amount to use of force if it is expected to cause physical damage, injury or death, which would establish the use of force if caused by kinetic means. ","Roy Schöndorf, Israel’s Perspective on Key Legal and Practical issues Concerning the Application of International Law to Cyber Operations, pg 398-99 (2020).",,
ISR,"Does the State only recognize a use of force in cyber contexts by analogy to consequences caused by kinetic force (e.g., injury, death, damage or destruction)?  ",, Ambiguous,"We share the support among States for the view that a cyber operation can amount to use of force if it is expected to cause physical damage, injury or death, which would establish the use of force if caused by kinetic means. For example, hacking into the computers of the railroad network of another State and programming the controls in a manner that is expected to cause a collision between trains can amount to use of force. As with any legal assessment relating to the cyber domain, as practice in this field continues to evolve, there may be room to further examine whether operations not causing physical damage could also amount to use of force.","Roy Schöndorf, Israel’s Perspective on Key Legal and Practical issues Concerning the Application of International Law to Cyber Operations, pg 398-99 (2020).",| Ambiguity exists because room may exist does not necessarily mean that room will exist. ,
ISR,Are kinetic-like effects a required consequence of a cyber operation to qualify as a use of force (versus a factor among others to be considered)?    ,, Ambiguous,"As with any legal assessment relating to the cyber domain, as practice in this field continues to evolve, there may be room to further examine whether operations not causing physical damage could also amount to use of force.","Roy Schöndorf, Israel’s Perspective on Key Legal and Practical issues Concerning the Application of International Law to Cyber Operations, pg 399 (2020).","| Ambiguity exists because room may exist does not necessarily mean that room will exist.
",
ISR,Does the State recognize a “small” or de minimus effects exception to the prohibition on the use of force?    ,,Silent,,,,
ISR,"Can non-violent effects alone qualify as “force” (e.g., substantial economic harm, losses of functionality, etc.)?   ",,Ambiguous,"We share the support among States for the view that a cyber operation can amount to use of force if it is expected to cause physical damage, injury or death, which would establish the use of force if caused by kinetic means. For example, hacking into the computers of the railroad network of another State and programming the controls in a manner that is expected to cause a collision between trains can amount to use of force. As with any legal assessment relating to the cyber domain, as practice in this field continues to evolve, there may be room to further examine whether operations not causing physical damage could also amount to use of force.","Roy Schöndorf, Israel’s Perspective on Key Legal and Practical issues Concerning the Application of International Law to Cyber Operations, pg 398-99 (2020).","| Ambiguity exists because room may exist does not necessarily mean that room will exist.
",
ISR,"Can spill over effects from a cyber operation (i.e., those that are secondary or knock-on from the immediate effects) qualify as a use of force?    ",,Silent,,,,
ISR,Does the State recognize an accumulation theory or similar aggregation theory of use of force?  ,,Silent,,,,
ISR,Does the State consider a use of force to be the equivalent of an armed attack (per Article 51 of the UN Charter) subject to the same threshold?    ,,No,"when the use of force in the cyber domain, by either a State or non-State actor, can be considered as an actual or imminent armed attack, the State under attack may act in accordance with its inherent right to self-defense, as enshrined in Article 51 of the UN Charter. Of course, the exercise of this right is subject to the customary principles of necessity and proportionality.","Roy Schöndorf, Israel’s Perspective on Key Legal and Practical issues Concerning the Application of International Law to Cyber Operations, pg 399 (2020).",DBH Cmt: I read this to suggest that not all uses of force will be “considered” as armed attacks? ,
ISR,Can a cyber operation amount to a prohibited threat of a use of force?    ,,Yes," First — and this has already been acknowledged by many others— the customary prohibition set out in Article 2(4) of the Charter of the United Nations, on “the threat or use of force” in international relations, is clearly applicable in the cyber domain","Roy Schöndorf, Israel’s Perspective on Key Legal and Practical issues Concerning the Application of International Law to Cyber Operations, pg 398-99 (2020).",,
ITA,Does the prohibition of use of force apply to cyber operations?    ,,Yes,“There is no established definition or threshold of hostile cyber operations falling within the scope of the prohibition of the ‘use of force’ in the sense of article 2(4) of the UN Charter. Such assessment will be determined on a case-by-case basis depending on the consequences of any given cyber operation.”,"Italian Position Paper, pg.8, § III.a (2021).",,
ITA,Can a stand-alone cyber operation violate the prohibition on the use of force?  ,,Yes,“There is no established definition or threshold of hostile cyber operations falling within the scope of the prohibition of the ‘use of force’ in the sense of article 2(4) of the UN Charter. Such assessment will be determined on a case-by-case basis depending on the consequences of any given cyber operation.”,"Italian Position Paper, pg.8, § III.a (2021).","DBH Cmts: I read this to imply an affirmative answer but happy to put back to ‘ambiguous’ if others want? 
Given the case-by-case nature, it is unclear whether a standalone cyberoperation could violate the prohibition. ",
ITA,Must a State intend for a cyber operation to amount to a use of force for there to be a violation of the prohibition on the use of force?   ,,Silent,,,,
ITA,Must the cyber operation have a coercive character (or effect) to qualify as a use of force?  ,,Silent,,,,
ITA,Does the State apply a “scale and effects” test to assess whether an action constitutes a use of force?  ,,Yes,"“Italy considers a cyber operation conducted by a State against another State as a use of force, when its scale and effects are comparable to those of a conventional use of force, resulting in physical damage of  property, human injury or loss of life.”","Italian Position Paper, pg.8, § III.a (2021).",,
ITA,Does the State apply a totality of circumstances or similar context-based test to assess uses of force?  ,,Yes,“Such assessment will be determined on a case-by-case basis depending on the consequences of any given cyber operation.”,"Italian Position Paper, pg.8, § III.a (2021).",,
ITA,Does the State weigh the actual consequences of an action to assess whether it amounts to a use of force?  ,,Yes,“Such assessment will be determined on a case-by-case basis depending on the consequences of any given cyber operation.”,"Italian Position, Italian Position Paper, pg.8, § III.a (2021).",,
ITA,"Does the State only recognize a use of force in cyber contexts by analogy to consequences caused by kinetic force (e.g., injury, death, damage or destruction)?  ",,Yes,"“Italy considers a cyber operation conducted by a State against another State as a use of force, when its scale and effects are comparable to those of a conventional use of force, resulting in physical damage of property, human injury or loss of life.”","Italian Position Paper, pg.8, § III.a (2021).","Does not explicitly say “only” but context seems to imply it
",
ITA,Are kinetic-like effects a required consequence of a cyber operation to qualify as a use of force (versus a factor among others to be considered)?    ,,Ambiguous,"“Italy considers a cyber operation conducted by a State against another State as a use of force,
when its scale and effects are comparable to those of a conventional use of force, resulting in
physical damage of property, human injury or loss of life.”","Italian Position Paper, pg.8, § III.a (2021).","Context seems to imply that kinetic-like; given discussion of non-kinetic effects below makes this one ambiguous, no? 

 consequences are required",
ITA,Does the State recognize a “small” or de minimus effects exception to the prohibition on the use of force?    ,,Silent,,,,
ITA,"Can non-violent effects alone qualify as “force” (e.g., substantial economic harm, losses of functionality, etc.)?   ",,Ambiguous,"“While it is generally accepted that cyber operations resulting in material damage can constitute a use of force, we consider the qualification of cyber operations which merely cause loss of functionality a controversial one. The inclusion of such operations in the scope of the prohibition of the use of force, however, could be justified if one considers that, because of the reliance of modern societies on computers, computer systems and networks, cyber technologies have enabled States to cause the interruption of essential services without the need of physical damage.”","Italian Position Paper, pg.8, § III.a (2021).",I would say yes because it mentions that functionality loss could be justified because our reliance on computers. ,
ITA,"Can spill over effects from a cyber operation (i.e., those that are secondary or knock-on from the immediate effects) qualify as a use of force?    ",,Silent,,,,
ITA,Does the State recognize an accumulation theory or similar aggregation theory of use of force?  ,,Silent,,,,
ITA,Does the State consider a use of force to be the equivalent of an armed attack (per Article 51 of the UN Charter) subject to the same threshold?    ,,Silent,,,,
ITA,Can a cyber operation amount to a prohibited threat of a use of force?    ,,Silent,,,,
JPN,Does the prohibition of use of force apply to cyber operations?    ,,Yes,"Under certain circumstances, a cyber operation may constitute the threat or use of force prohibited by Article 2(4) of the UN Charter. Pursuant to this article, all States shall refrain in their international relations from the threat or use of force. (Basic p.6) ","Japan Statement (2021) pg. 6, 5(b)",,
JPN,Can a stand-alone cyber operation violate the prohibition on the use of force?  ,,"Yes
",a cyber operation may constitute the threat or use of force prohibited by Article 2(4) of the UN Charter.,,,
JPN,Must a State intend for a cyber operation to amount to a use of force for there to be a violation of the prohibition on the use of force?   ,,Silent,,,"DBH: I read the citation w/reference to the prohibition on threats of force, not uses of force so would say this is silent ",
JPN,Must the cyber operation have a coercive character (or effect) to qualify as a use of force?  ,,Silent,,,,
JPN,Does the State apply a “scale and effects” test to assess whether an action constitutes a use of force?  ,,Silent,,,,
JPN,Does the State apply a totality of circumstances or similar context-based test to assess uses of force?  ,,"Silent
",,,,
JPN,Does the State weigh the actual consequences of an action to assess whether it amounts to a use of force?  ,,"Silent
",,,,
JPN,"Does the State only recognize a use of force in cyber contexts by analogy to consequences caused by kinetic force (e.g., injury, death, damage or destruction)?  ",,"Silent
",,,,
JPN,Are kinetic-like effects a required consequence of a cyber operation to qualify as a use of force (versus a factor among others to be considered)?    ,,"Silent
",,,,
JPN,Does the State recognize a “small” or de minimus effects exception to the prohibition on the use of force?    ,,"Silent
",,,,
JPN,"Can non-violent effects alone qualify as “force” (e.g., substantial economic harm, losses of functionality, etc.)?   ",,"Silent
",,,,
JPN,"Can spill over effects from a cyber operation (i.e., those that are secondary or knock-on from the immediate effects) qualify as a use of force?    ",,Silent,,,,
JPN,Does the State recognize an accumulation theory or similar aggregation theory of use of force?  ,,"Silent
",,,,
JPN,Does the State consider a use of force to be the equivalent of an armed attack (per Article 51 of the UN Charter) subject to the same threshold?    ,,Ambiguity,"Under certain circumstances, a cyber operation may constitute the threat or use of force prohibited by Article 2(4) of the UN Charter.

When a cyber operation constitutes an armed attack under Article 51 of the UN
Charter, States may exercise the inherent right of individual or collective self-defense
recognized under Article 51 of the UN Charter. (Basic p.6)","Japan Statement (2021) pg. 6, 5(b)

Japan Statement (2021) pg. 6, 5(c)
","The potential of a use of force to be the equivalent of an armed attack exists, but ambiguity given the fact that no explicit linkage between a use of force and armed attack exists except for reading 5(b) and (c) together. ",
JPN,Can a cyber operation amount to a prohibited threat of a use of force?    ,,Yes,"Under certain circumstances, a cyber operation may constitute the threat or use of force prohibited by Article 2(4) of the UN Charter. Pursuant to this article, all States shall refrain in their international relations from the threat or use of force. (Basic p.6)","Japan Statement (2021) pg. 6, 5(b)
",,
KAZ,Does the prohibition of use of force apply to cyber operations?    ,,Silent,,,,
KAZ,Can a stand-alone cyber operation violate the prohibition on the use of force?  ,,"Silent
",,,,
KAZ,Must a State intend for a cyber operation to amount to a use of force for there to be a violation of the prohibition on the use of force?   ,,"Silent
",,,,
KAZ,Must the cyber operation have a coercive character (or effect) to qualify as a use of force?  ,,Silent,,,,
KAZ,Does the State apply a “scale and effects” test to assess whether an action constitutes a use of force?  ,,Silent,,,,
KAZ,Does the State apply a totality of circumstances or similar context-based test to assess uses of force?  ,,"Silent
",,,,
KAZ,Does the State weigh the actual consequences of an action to assess whether it amounts to a use of force?  ,,"Silent
",,,,
KAZ,"Does the State only recognize a use of force in cyber contexts by analogy to consequences caused by kinetic force (e.g., injury, death, damage or destruction)?  ",,"Silent
",,,,
KAZ,Are kinetic-like effects a required consequence of a cyber operation to qualify as a use of force (versus a factor among others to be considered)?    ,,"Silent
",,,,
KAZ,Does the State recognize a “small” or de minimus effects exception to the prohibition on the use of force?    ,,"Silent
",,,,
KAZ,"Can non-violent effects alone qualify as “force” (e.g., substantial economic harm, losses of functionality, etc.)?   ",,"Silent
",,,,
KAZ,"Can spill over effects from a cyber operation (i.e., those that are secondary or knock-on from the immediate effects) qualify as a use of force?    ",,"Silent
",,,,
KAZ,Does the State recognize an accumulation theory or similar aggregation theory of use of force?  ,,"Silent
",,,,
KAZ,Does the State consider a use of force to be the equivalent of an armed attack (per Article 51 of the UN Charter) subject to the same threshold?    ,,Silent,,,,
KAZ,Can a cyber operation amount to a prohibited threat of a use of force?    ,,Silent,,,,
KEN,Does the prohibition of use of force apply to cyber operations?    ,,Silent,,,,
KEN,Can a stand-alone cyber operation violate the prohibition on the use of force?  ,,Silent,,,,
KEN,Must a State intend for a cyber operation to amount to a use of force for there to be a violation of the prohibition on the use of force?   ,,"Silent
",,,,
KEN,Must the cyber operation have a coercive character (or effect) to qualify as a use of force?  ,,Silent,,,,
KEN,Does the State apply a “scale and effects” test to assess whether an action constitutes a use of force?  ,,"Silent
",,,,
KEN,Does the State apply a totality of circumstances or similar context-based test to assess uses of force?  ,,"Silent
",,,,
KEN,Does the State weigh the actual consequences of an action to assess whether it amounts to a use of force?  ,,"Silent
",,,,
KEN,"Does the State only recognize a use of force in cyber contexts by analogy to consequences caused by kinetic force (e.g., injury, death, damage or destruction)?  ",,"Silent
",,,,
KEN,Are kinetic-like effects a required consequence of a cyber operation to qualify as a use of force (versus a factor among others to be considered)?    ,,"Silent
",,,,
KEN,Does the State recognize a “small” or de minimus effects exception to the prohibition on the use of force?    ,,"Silent
",,,,
KEN,"Can non-violent effects alone qualify as “force” (e.g., substantial economic harm, losses of functionality, etc.)?   ",,Silent,,,,
KEN,"Can spill over effects from a cyber operation (i.e., those that are secondary or knock-on from the immediate effects) qualify as a use of force?    ",,"Silent
",,,,
KEN,Does the State recognize an accumulation theory or similar aggregation theory of use of force?  ,,Silent,,,,
KEN,Does the State consider a use of force to be the equivalent of an armed attack (per Article 51 of the UN Charter) subject to the same threshold?    ,,"Silent
",,,,
KEN,Can a cyber operation amount to a prohibited threat of a use of force?    ,,Silent,,,,
KOR,Does the prohibition of use of force apply to cyber operations?    ,Yes,The Republic of Korea affirms that this principle prohibiting the use of force under international law applies equally to activities conducted in cyberspace.,"National Position of the Republic of Korea on the Application of International Law in Cyberspace, pg. 4, § 3.1 (2025)",,,
KOR,Can a stand-alone cyber operation violate the prohibition on the use of force?  ,Yes,"If a certain cyber activity results in physical effects that are equivalent to those caused by a traditional use of force under international law, it may, prima facie, be regarded as a use of force.","National Position of the Republic of Korea on the Application of International Law in Cyberspace, pg. 4, § 3.2 (2025)",,,
KOR,Must a State intend for a cyber operation to amount to a use of force for there to be a violation of the prohibition on the use of force?   ,"Silent
",,,Korea does not explicitly address intent as a requirement for a cyber operation to qualify as a use of force,,
KOR,Must the cyber operation have a coercive character (or effect) to qualify as a use of force?  ,Silent,,,The Republic of Korea discusses physical effects and consequences but does not specifically reference coercion,,
KOR,Does the State apply a “scale and effects” test to assess whether an action constitutes a use of force?  ,"Yes
",The International Court of Justice (ICJ) has clarified that not every use of force qualifies as an armed attack, only those uses of force that reach a certain threshold of gravity in terms of scale and effects may be considered armed attacks,"National Position of the Republic of Korea on the Application of International Law in Cyberspace, pg. 4, § 3.2 (2025)",,
KOR,Does the State apply a totality of circumstances or similar context-based test to assess uses of force?  ,"Yes
","Whether a cyber activity constitutes a ‘use of force’ must be assessed based on a holistic consideration of its consequences, nature, the identity of the actor, and the target","National Position of the Republic of Korea on the Application of International Law in Cyberspace, pg. 4, § 3.2 (2025)",,,
KOR,Does the State weigh the actual consequences of an action to assess whether it amounts to a use of force?  ,"Yes
","If a certain cyber activity results in physical effects that are equivalent to those caused by a traditional use of force… it may, prima facie, be regarded as a use of force.","National Position of the Republic of Korea on the Application of International Law in Cyberspace, pg. 4, § 3.2 (2025)",,,
KOR,"Does the State only recognize a use of force in cyber contexts by analogy to consequences caused by kinetic force (e.g., injury, death, damage or destruction)?  ","Yes
",…physical effects that are equivalent to those caused by a traditional use of force…,"National Position of the Republic of Korea on the Application of International Law in Cyberspace, pg. 4, § 3.2 (2025)",,,
KOR,Are kinetic-like effects a required consequence of a cyber operation to qualify as a use of force (versus a factor among others to be considered)?    ,"Silent
",,,"While the statement emphasizes physical effects, it doesn’t explicitly require them as the only qualifying factor",,
KOR,Does the State recognize a “small” or de minimus effects exception to the prohibition on the use of force?    ,"Silent
",,,The Republic of Korea does not discuss thresholds below which effects are considered too minimal to qualify as force,,
KOR,"Can non-violent effects alone qualify as “force” (e.g., substantial economic harm, losses of functionality, etc.)?   ",Silent,,,Korea’s position centers on physical effects but does not rule out or affirm non-violent consequences as qualifying force,,
KOR,"Can spill over effects from a cyber operation (i.e., those that are secondary or knock-on from the immediate effects) qualify as a use of force?    ","Silent
",,,The statement does not address indirect or spillover effects,,
KOR,Does the State recognize an accumulation theory or similar aggregation theory of use of force?  ,Silent,,,The statement does not mention the accumulation or aggregation of effects over time,,
KOR,Does the State consider a use of force to be the equivalent of an armed attack (per Article 51 of the UN Charter) subject to the same threshold?    ,"No
",The concept of ‘use of force’ encompasses the narrower category of ‘armed attack.’The International Court of Justice (ICJ) has clarified that not every use of force qualifies as an armed attack,"National Position of the Republic of Korea on the Application of International Law in Cyberspace, pg. 4, § 3.2 (2025)",,,
KOR,Can a cyber operation amount to a prohibited threat of a use of force?    ,Silent,,,The statement does not explicitly address threats of force in cyberspace,,
NLD,Does the prohibition of use of force apply to cyber operations?    ,Yes,"“Article 2(4) of the UN Charter lays down a prohibition on the threat or use of force. It reads as follows: ‘All Members shall refrain in their international relations from the threat or use of force against the territorial integrity or political independence of any state.’ This prohibition applies to the use of force in any form, regardless of the weapons or means employed.”","Netherlands, Appendix: International law in cyberspace, pg. 3 (2019). ",,,
NLD,Can a stand-alone cyber operation violate the prohibition on the use of force?  ,Yes,"“The government believes that cyber operations can fall within the scope of the prohibition of the use of force, particularly when the effects of the operation are comparable to those of a conventional act of violence covered by the prohibition.”","Netherlands, Appendix: International law in cyberspace, pg. 3 (2019).",,,
NLD,Must a State intend for a cyber operation to amount to a use of force for there to be a violation of the prohibition on the use of force?   ,Silent,,,,,
NLD,Must the cyber operation have a coercive character (or effect) to qualify as a use of force?  ,Silent,,,,,
NLD,Does the State apply a “scale and effects” test to assess whether an action constitutes a use of force?  ,Yes,"The government believes that cyber operations can fall within the scope of the prohibition of the use of force, particularly when the effects of the operation are comparable to those of a conventional act of violence covered by the prohibition. In other words, the effects of the operation determine whether the prohibition applies, not the manner in which those effects are
achieved. This position is supported by the case law of the International Court of Justice, which has
ruled that the scale and effects of an operation must be considered when assessing whether an
armed attack in the context of the right of self-defence has taken place (see below). There is no
reason not to take the same approach when assessing whether an act may be deemed a use of force
within the meaning of article 2 (4) of the UN Charter. A cyber operation would therefore in any case be qualified as a use of force if its scale and effects reached the same level as those of the use of
force in non-cyber operations.","Netherlands, Appendix: International law in cyberspace, pg. 4 (2019).",,,
NLD,Does the State apply a totality of circumstances or similar context-based test to assess uses of force?  ,Yes," It is necessary, when assessing the scale and effects of a cyber operation, to examine both
qualitative and quantitative factors. The Tallinn Manual 2.0 refers to a number of factors that could
play a role in this regard, including how serious and far-reaching the cyber operation’s consequences
are, whether the operation is military in nature and whether it is carried out by a state.9 These are
not binding legal criteria. They are factors that could provide an indication that a cyber operation
may be deemed a use of force, and the government endorses this approach.","Netherlands, Appendix: International law in cyberspace, pg. 3 (2019).",,,
NLD,Does the State weigh the actual consequences of an action to assess whether it amounts to a use of force?  ,Yes,"“In other words, the effects of the operation determine whether the prohibition applies, not the manner in which those effects are achieved."" It is necessary, when assessing the scale and effects of a cyber operation, to examine both qualitative and quantitative factors.","Netherlands, Appendix: International law in cyberspace, pg. 3 (2019).",,,
NLD,"Does the State only recognize a use of force in cyber contexts by analogy to consequences caused by kinetic force (e.g., injury, death, damage or destruction)?  ",No,"“In the view of the government, at this time it cannot be ruled out that a cyber operation with a very serious financial or economic impact may qualify as the use of force.”",,,,
NLD,Are kinetic-like effects a required consequence of a cyber operation to qualify as a use of force (versus a factor among others to be considered)?    ,No,"“It is necessary, when assessing the scale and effects of a cyber operation, to examine both
qualitative and quantitative factors. The Tallinn Manual 2.0 refers to a number of factors that could
play a role in this regard, including how serious and far-reaching the cyber operation’s consequences
are, whether the operation is military in nature and whether it is carried out by a state.9 These are not binding legal criteria. They are factors that could provide an indication that a cyber operation may be deemed a use of force, and the government endorses this approach.”","Netherlands, Appendix: International law in cyberspace, pg. 4 (2019).",,,
NLD,Does the State recognize a “small” or de minimus effects exception to the prohibition on the use of force?    ,Silent,,,,,
NLD,"Can non-violent effects alone qualify as “force” (e.g., substantial economic harm, losses of functionality, etc.)?   ",Yes,"“In the view of the government, at this time it cannot be ruled out that a cyber operation with a very serious financial or economic impact may qualify as the use of force.”","Netherlands, Appendix: International law in cyberspace, pg. 4 (2019).",,,
NLD,"Can spill over effects from a cyber operation (i.e., those that are secondary or knock-on from the immediate effects) qualify as a use of force?    ",Silent,,,,,
NLD,Does the State recognize an accumulation theory or similar aggregation theory of use of force?  ,Silent,,,,,
NLD,Does the State consider a use of force to be the equivalent of an armed attack (per Article 51 of the UN Charter) subject to the same threshold?    ,No," An armed attack is not the same as the use of force within the meaning of article 2(4) of the UN Charter (see above).”   In the Nicaragua case, the International Court of Justice defined an armed attack as the most serious form of the use of force. This implies that not every use of force
constitutes an armed attack.","Netherlands, Appendix: International law in cyberspace, pg. 8 (2019).",,,
NLD,Can a cyber operation amount to a prohibited threat of a use of force?    ,Silent,,,,,
NZL,Does the prohibition of use of force apply to cyber operations?    ,,Yes,The United Nations Charter and customary international law rules concerning the use of force apply to state activity in cyberspace. (para 6),"Application of International Law to State Activity in Cyberspace, para. 6 (2020)",,
NZL,Can a stand-alone cyber operation violate the prohibition on the use of force?  ,,Yes,State cyber activity can amount to a use of force for the purposes of international law.,"Application of International Law to State Activity in Cyberspace, para. 7 (2020)",,
NZL,Must a State intend for a cyber operation to amount to a use of force for there to be a violation of the prohibition on the use of force?   ,,Ambiguous,"In assessing the scale and effects of
malicious state cyber activity, states may take into account both the immediate impacts and the intended or
reasonably expected consequential impacts.","Application of International Law to State Activity in Cyberspace, para. 7 (2020)
","Gpc:  Intent is addressed as a factor, but not necessarily determinative.",
NZL,Must the cyber operation have a coercive character (or effect) to qualify as a use of force?  ,,Silent,,,,
NZL,Does the State apply a “scale and effects” test to assess whether an action constitutes a use of force?  ,,Yes,State cyber activity can amount to a use of force for the purposes of international law. Whether it does in any given context depends on an assessment of the scale and effects of the activity. State cyber activity will amount to a use of force if it results in effects of a scale and nature equivalent to those caused by kinetic activity which constitutes a use of force at international law. (para 7),"Application of International Law to State Activity in Cyberspace, para. 7 (2020)",,
NZL,Does the State apply a totality of circumstances or similar context-based test to assess uses of force?  ,,Silent,,,,
NZL,Does the State weigh the actual consequences of an action to assess whether it amounts to a use of force?  ,,Silent,,,,
NZL,"Does the State only recognize a use of force in cyber contexts by analogy to consequences caused by kinetic force (e.g., injury, death, damage or destruction)?  ",,No,"State cyber activity can amount to a use of force for the purposes of international law. Whether it does in any given context depends on an assessment of the scale and effects of the activity. State cyber activity will amount to a use of force if it results in effects of a scale and nature equivalent to those caused by kinetic activity which constitutes a use of force at international law. Such effects may include death, serious injury to persons, or significant damage to the victim state’s objects and/or state functioning.  ","Application of International Law to State Activity in Cyberspace,  para. 7 (2020)",,
NZL,Are kinetic-like effects a required consequence of a cyber operation to qualify as a use of force (versus a factor among others to be considered)?    ,,No,"State cyber activity can amount to a use of force for the purposes of international law. Whether it does in any given context depends on an assessment of the scale and effects of the activity. State cyber activity will amount to a use of force if it results in effects of a scale and nature equivalent to those caused by kinetic activity which constitutes a use of force at international law. Such effects may include death, serious injury to persons, or significant damage to the victim state’s objects and/or state functioning. In assessing the scale and effects of malicious state cyber activity, states may take into account both the immediate impacts and the intended or reasonably expected consequential impacts. (para. 7)","Application of International Law to State Activity in Cyberspace, para. 7 (2020)",,
NZL,Does the State recognize a “small” or de minimus effects exception to the prohibition on the use of force?    ,,Silent,,,,
NZL,"Can non-violent effects alone qualify as “force” (e.g., substantial economic harm, losses of functionality, etc.)?   ",,Silent,,,,
NZL,"Can spill over effects from a cyber operation (i.e., those that are secondary or knock-on from the immediate effects) qualify as a use of force?    ",,Yes,"In assessing the scale and effects of malicious state cyber activity, states may take into account both the immediate impacts and the intended or reasonably expected consequential impacts.","Application of International Law to State Activity in Cyberspace, pg. 2 ¶ 7(2020)","Since “reasonably expected consequential impacts” clearly include spill over effects, New Zealand recognizes their potential legal relevance under the use of force framework.",
NZL,Does the State recognize an accumulation theory or similar aggregation theory of use of force?  ,,Silent,,,,
NZL,Does the State consider a use of force to be the equivalent of an armed attack (per Article 51 of the UN Charter) subject to the same threshold?    ,,No,Cyber activity that amounts to a use of force will also constitute an armed attack for the purposes of Article 51 of the UN Charter if it results in effects of a scale and nature equivalent to those caused by a kinetic armed attack. (para. 8),"Application of International Law to State Activity in Cyberspace, para. 8 (2020)",,
NZL,Can a cyber operation amount to a prohibited threat of a use of force?    ,,Silent,"The United Nations Charter and customary international law rules concerning the use of force apply to state activity in cyberspace. (para 6)
","Application of International Law to State Activity in Cyberspace, para. 6 (2020)",,
NOR,Does the prohibition of use of force apply to cyber operations?    ,,Yes,"“Article 2(4) of the UN Charter prohibits the threat or use of force by a State against the territorial integrity or political independence of another State, or in any other manner inconsistent with the purposes of the UN. The prohibition is a norm of customary international law.14 It applies to any use of force, regardless of the weapons or means employed.”","Norway, Norwegian positions on selected questions of International Law relating to Cyberspace, pg. 5 (2021).",,
NOR,Can a stand-alone cyber operation violate the prohibition on the use of force?  ,,Yes,“A cyber operation may constitute use of force or even an armed attack if its scale and effects are comparable to those of the use of force or an armed attack by conventional means. ”,"Norway, Norwegian positions on selected questions of International Law relating to Cyberspace, pg. 5 (2021).",,
NOR,Must a State intend for a cyber operation to amount to a use of force for there to be a violation of the prohibition on the use of force?   ,,Silent,,,,
NOR,Must the cyber operation have a coercive character (or effect) to qualify as a use of force?  ,,Silent,,,,
NOR,Does the State apply a “scale and effects” test to assess whether an action constitutes a use of force?  ,,Yes,"“Whether a cyber operation violates the prohibition on the threat or use of force in Article 2(4) of the UN Charter depends on its scale and effects, physical or otherwise.”","Norway, Norwegian positions on selected questions of International Law relating to Cyberspace, pg. 5 (2021).",,
NOR,Does the State apply a totality of circumstances or similar context-based test to assess uses of force?  ,,Yes,"This must be determined based on a case-by-case assessment
having regard to the specific circumstances. A number of factors may be taken into
consideration, such as the severity of the consequences (the level of harm inflicted),
immediacy, directness, invasiveness, measurability, military character, State
involvement, the nature of the target (such as critical infrastructure) and whether this
category of action has generally been characterised as the use of force.190 This list is
not exhaustive.","Norway, Norwegian positions on selected questions of International Law relating to Cyberspace, pg. 5 (2021).
",,
NOR,Does the State weigh the actual consequences of an action to assess whether it amounts to a use of force?  ,,Yes.,“A cyber operation may constitute use of force or even an armed attack if its scale and effects are comparable to those of the use of force or an armed attack by conventional means. This must be determined based on a case-by-case assessment having regard to the specific circumstances.”,"Norway, Norwegian positions on selected questions of International Law relating to Cyberspace, pg. 5 (2021).",,
NOR,"Does the State only recognize a use of force in cyber contexts by analogy to consequences caused by kinetic force (e.g., injury, death, damage or destruction)?  ",,No.," Likewise, a cyber
operation causing severe disruption to the functioning of the State such as the use of
crypto viruses or other forms of digital sabotage against governmental or private
power grid- or telecommunications infrastructure, or cyber operations leading to the
destruction of stockpiles of Covid-19 vaccines, could amount to the use of force in
violation of Article 2(4). Similarly, the use of crypto viruses or other forms of digital
sabotage against a State’s financial and banking system, or other operations that cause
widespread economic effects and destabilisation, may amount to the use of force in
violation of Article 2(4).","Norway, Norwegian positions on selected questions of International Law relating to Cyberspace, pg. 5 (2021).",,
NOR,Are kinetic-like effects a required consequence of a cyber operation to qualify as a use of force (versus a factor among others to be considered)?    ,,No.,"“A number of factors may be taken into consideration, such as the severity of the consequences (the level of harm inflicted), immediacy, directness, invasiveness, measurability, military character, State involvement, the nature of the target (such as critical infrastructure) and whether this category of action has generally been characterised as the use of force. This list is not exhaustive.”","Norway, Norwegian positions on selected questions of International Law relating to Cyberspace, pg. 5 (2021).",Kinetic-like consequences are a factor among the others listed here.,
NOR,Does the State recognize a “small” or de minimus effects exception to the prohibition on the use of force?    ,,Silent,,,,
NOR,"Can non-violent effects alone qualify as “force” (e.g., substantial economic harm, losses of functionality, etc.)?   ",,Yes,"“Likewise, a cyber operation causing severe disruption to the functioning of the State such as the use of crypto viruses or other forms of digital sabotage against governmental or private power grid- or telecommunications infrastructure, or cyber operations leading to the destruction of stockpiles of Covid-19 vaccines, could amount to the use of force in violation of Article 2(4). Similarly, the use of crypto viruses or other forms of digital sabotage against a State’s financial and banking system, or other operations that cause widespread economic effects and destabilisation, may amount to the use of force in violation of Article 2(4).”","Norway, Norwegian positions on selected questions of International Law relating to Cyberspace, pg. 6 (2021).",,
NOR,"Can spill over effects from a cyber operation (i.e., those that are secondary or knock-on from the immediate effects) qualify as a use of force?    ",,Ambiguous,"“Likewise, a cyber operation causing severe disruption to the functioning of the State such as the use of crypto viruses or other forms of digital sabotage against  governmental or private power grid- or telecommunications infrastructure, or cyber operations leading to the destruction of stockpiles of Covid-19 vaccines, could amount to the use of force in violation of Article 2(4).”","Norway, Norwegian positions on selected questions of International Law relating to Cyberspace, pg. 6 (2021).","The example could be deemed top be a spill over effect. However, “leading” could be read as direct or proximate causation. ",
NOR,Does the State recognize an accumulation theory or similar aggregation theory of use of force?  ,,Silent,,,,
NOR,Does the State consider a use of force to be the equivalent of an armed attack (per Article 51 of the UN Charter) subject to the same threshold?    ,,No,"Depending on its gravity, a cyber operation may also constitute an armed
attack under international law.","Norway, Norwegian positions on selected questions of International Law relating to Cyberspace, pg. 5 (2021).",,
NOR,Can a cyber operation amount to a prohibited threat of a use of force?    ,,Yes,"A cyber operation may, depending on its scale and effects, violate the prohibition on the threat or use of force in Article 2(4) of the UN Charter.","Norway, Norwegian positions on selected questions of International Law relating to Cyberspace, pg. 5 (2021).",,
PAK,Does the prohibition of use of force apply to cyber operations?    ,,Yes,"Pakistan believes that the principles of non-use of force, sovereign equality of all
nations, non-interventionism, and peaceful settlement of disputes, as enshrined in the UN
Charter, continue to apply in cyberspace as in the physical world.","UNODA, ‘Pakistan’s Position on the Application of International Law in Cyberspace’ para. 6 (3 March 2023)",,
PAK,Can a stand-alone cyber operation violate the prohibition on the use of force?  ,,Silent,,,,
PAK,Must a State intend for a cyber operation to amount to a use of force for there to be a violation of the prohibition on the use of force?   ,,"Silent
",,,,
PAK,Must the cyber operation have a coercive character (or effect) to qualify as a use of force?  ,,"Silent
",,,,
PAK,Does the State apply a “scale and effects” test to assess whether an action constitutes a use of force?  ,,"Silent
",,,,
PAK,Does the State apply a totality of circumstances or similar context-based test to assess uses of force?  ,,"Silent
",,,,
PAK,Does the State weigh the actual consequences of an action to assess whether it amounts to a use of force?  ,,"Silent
",,,,
PAK,"Does the State only recognize a use of force in cyber contexts by analogy to consequences caused by kinetic force (e.g., injury, death, damage or destruction)?  ",,"Silent
",,,,
PAK,Are kinetic-like effects a required consequence of a cyber operation to qualify as a use of force (versus a factor among others to be considered)?    ,,"Silent
",,,,
PAK,Does the State recognize a “small” or de minimus effects exception to the prohibition on the use of force?    ,,"Silent
",,,,
PAK,"Can non-violent effects alone qualify as “force” (e.g., substantial economic harm, losses of functionality, etc.)?   ",,"Silent
",,,,
PAK,"Can spill over effects from a cyber operation (i.e., those that are secondary or knock-on from the immediate effects) qualify as a use of force?    ",,"Silent
",,,,
PAK,Does the State recognize an accumulation theory or similar aggregation theory of use of force?  ,,"Silent
",,,,
PAK,Does the State consider a use of force to be the equivalent of an armed attack (per Article 51 of the UN Charter) subject to the same threshold?    ,,"Silent
",,,,
PAK,Can a cyber operation amount to a prohibited threat of a use of force?    ,,Silent,,,,
PER,Does the prohibition of use of force apply to cyber operations?    ,,Yes,"“Based on the foregoing, one might reasonably say that a cyber operation that entails or causes damage of that order of magnitude to military targets or individuals or property protected by international humanitarian law could in itself constitute a use of force.”","Peru, OAS Response, question 3, pg 3 (2019)",,
PER,Can a stand-alone cyber operation violate the prohibition on the use of force?  ,,Yes,"one might reasonably say that a cyber operation that entails or causes damage of that order of magnitude to military targets or individuals or property protected by international humanitarian law could in itself constitute a use of force. In that sense, the inherent right of states to legitimate self-defense under Article 51 of the United Nations Charter ought to be considered valid.
Question 3","Peru, OAS Response, question 3, pg 3 (2019)",,
PER,Must a State intend for a cyber operation to amount to a use of force for there to be a violation of the prohibition on the use of force?   ,,Silent,,,,
PER,Must the cyber operation have a coercive character (or effect) to qualify as a use of force?  ,,Silent,,,,
PER,Does the State apply a “scale and effects” test to assess whether an action constitutes a use of force?  ,,Silent,,,Gpc:  Cited language is not responsive to this question. Check to see if the question is addressed elsewhere.,
PER,Does the State apply a totality of circumstances or similar context-based test to assess uses of force?  ,,Silent,,,,
PER,Does the State weigh the actual consequences of an action to assess whether it amounts to a use of force?  ,,Yes,"Thus, if real-world damage were to be occur as a result of a cyber attack that caused a bomb to explode or a missile to be launched, there would be no impediment to classifying such an action as a use of force
Question 3","Peru, OAS Response, question 3, pg 3 (2019)",Gpc:  Not really sure this is responsive.,
PER,"Does the State only recognize a use of force in cyber contexts by analogy to consequences caused by kinetic force (e.g., injury, death, damage or destruction)?  ",,Ambiguous,"With respect to the possibility of a cyber operation that does not cause violent effects being classed as a use of force or an armed attack, it should be noted that if military damage is not caused, the threshold would be met if the act was likely to cause death or injury to persons or property protected from attacks, provided that the military act also satisfies the requirements of direct causation and belligerent nexus
Question 3","Peru, OAS Response, question 3, pg 3 (2019)",Gpc:  Not sure this is responsive.  Looks like it is addressing LOAC.,
PER,Are kinetic-like effects a required consequence of a cyber operation to qualify as a use of force (versus a factor among others to be considered)?    ,,Ambiguous,"Based on the foregoing, one might reasonably say that a cyber operation that entails or causes damage of that order of magnitude to military targets or individuals or property protected by international humanitarian law could in itself constitute a use of force…. With respect to the possibility of a cyber operation that does not cause violent effects being classed as a use of force or an armed attack, it should be noted that if military damage is not caused, the threshold would be met if the act was likely to cause death or injury to persons or property protected from attacks, provided that the military act also satisfies the requirements of direct causation and belligerent nexus
","Peru, OAS Response, question 3, pg 3 (2019)",,
PER,Does the State recognize a “small” or de minimus effects exception to the prohibition on the use of force?    ,,Silent,,,,
PER,"Can non-violent effects alone qualify as “force” (e.g., substantial economic harm, losses of functionality, etc.)?   ",,Ambiguous,"With respect to the possibility of a cyber operation that does not cause violent effects being classed as a use of force or an armed attack, it should be noted that if military damage is not caused, the threshold would be met if the act was likely to cause death or injury to persons or property protected from attacks, provided that the military act also satisfies the requirements of direct causation and belligerent nexus…As to whether a cyber operation can qualify as a use of force or an armed attack without causing violent effects, this General Office is of the opinion that a use of force does not necessarily cause violent effects such that it should be regarded as violating Article 2.4 of the Charter
","Peru, OAS Response, question 3, pg 3 (2019)","Gpc:  Need to double check this.  As quoted, it is unclear.",
PER,"Can spill over effects from a cyber operation (i.e., those that are secondary or knock-on from the immediate effects) qualify as a use of force?    ",,Silent,,,,
PER,Does the State recognize an accumulation theory or similar aggregation theory of use of force?  ,,Silent,,,,
PER,Does the State consider a use of force to be the equivalent of an armed attack (per Article 51 of the UN Charter) subject to the same threshold?    ,,Ambiguous,"cyber operation that entails or causes damage of that order of magnitude to military targets or individuals or property protected by international humanitarian law could in itself constitute a use of force. In that sense, the inherent right of states to legitimate self-defense under Article 51 of the United Nations Charter ought to be considered valid. Question 3
","Peru, OAS Response, question 3, pg 3 (2019)",Gpc:  Quoted language is no clear enough.,
PER,Can a cyber operation amount to a prohibited threat of a use of force?    ,,Silent,,,,
POL,Does the prohibition of use of force apply to cyber operations?    ,,Yes,In certain circumstances actions in cyberspace may constitute a violation of the prohibition of the use of force. The prohibition on the threat or use of force is laid down in Article 2(4) of the Charter of the United Nations.,"The Republic of Poland’s position 
on the application of international law in cyberspace, pg. 5, §4 (2022)
",Poland’s position affirms that certain actions in cyberspace may constitute a prohibited use of force.,
POL,Can a stand-alone cyber operation violate the prohibition on the use of force?  ,,Yes,"According to the Advisory Opinion of the International Court of Justice on the legality of the threat or use of nuclear weapons13, an action may be considered the use of force irrespective of the means used. What matters are the effects of the actions taken. As a result, it cannot be ruled out that in some circumstances a cyberattack will reach such a threshold that it will be deemed the use of force.","The Republic of Poland’s position 
on the application of international law in cyberspace, pg. 5, §4 (2022)",,
POL,Must a State intend for a cyber operation to amount to a use of force for there to be a violation of the prohibition on the use of force?   ,,Silent,,,,
POL,Must the cyber operation have a coercive character (or effect) to qualify as a use of force?  ,,Silent,,,,
POL,Does the State apply a “scale and effects” test to assess whether an action constitutes a use of force?  ,,Silent,,,,
POL,Does the State apply a totality of circumstances or similar context-based test to assess uses of force?  ,,Yes,"Perceiving a cyberattack as the use of force is supported by the possibility of it causing similar effects to those caused by a classic armed attack executed with the use of conventional weapons. When assessing whether or not a cyber operation reaches the threshold of the use of force, the situation must be analysed individually, taking into consideration the circumstances of actions taken in accordance with the requirements of international law.","The Republic of Poland’s position 
on the application of international law in cyberspace, pg. 5, §4 (2022)",Poland’s position acknowledges that the assessment of whether a cyber-attack rises to the level of a use of force depends on the circumstances of the cyber activities.,
POL,Does the State weigh the actual consequences of an action to assess whether it amounts to a use of force?  ,,Yes,"Perceiving a cyberattack as the use of force is supported by the possibility of it causing similar effects to those caused by a classic armed attack executed with the use of conventional weapons. When assessing whether or not a cyber operation reaches the threshold of the use of force, the situation must be analysed individually, taking into consideration the circumstances of actions taken in accordance with the requirements of international law.","The Republic of Poland’s position 
on the application of international law in cyberspace, pg. 5, §4 (2022)",Poland’s position acknowledges that the assessment of whether a cyber-attack rises to the level of a use of force depends on the circumstances of the cyber activities.,
POL,"Does the State only recognize a use of force in cyber contexts by analogy to consequences caused by kinetic force (e.g., injury, death, damage or destruction)?  ",,Silent,,,,
POL,Are kinetic-like effects a required consequence of a cyber operation to qualify as a use of force (versus a factor among others to be considered)?    ,,Silent,,,,
POL,Does the State recognize a “small” or de minimis effects exception to the prohibition on the use of force?    ,,Silent,,,,
POL,"Can non-violent effects alone qualify as “force” (e.g., substantial economic harm, losses of functionality, etc.)?   ",,Silent,,,,
POL,"Can spill over effects from a cyber operation (i.e., those that are secondary or knock-on from the immediate effects) qualify as a use of force?    ",,Silent,,,,
POL,Does the State recognize an accumulation theory or similar aggregation theory of use of force?  ,,Silent,,,,
POL,Does the State consider a use of force to be the equivalent of an armed attack (per Article 51 of the UN Charter) subject to the same threshold?    ,,Ambiguous,"Pursuant to Article 51 of the Charter of the United Nations and customary international
law, a state has the right of self-defence in the event of an armed attack. In the context of
cyberspace, a cyberattack that results in death or injury of people or damage or destruction of
property of significant value may be considered an armed attack. In such circumstances,
according to international law, a state enjoys the right of self-defence, however, this right
should be exercised in line with the principles arising from customary international law,
namely the principle of necessity and proportionality.","The Republic of Poland’s position 
on the application of international law in cyberspace, pg. 5, §5 (2022)


","Although Poland’s position does not equivocate between the use of force and an armed attack, a cyber-attack may rise to the level of an armed attack if it injures people or damages property of significant value. These definitions have implications under Article 51 of the UN Charter.",
POL,Can a cyber operation amount to a prohibited threat of a use of force?    ,,Silent,,,,
ROU,Does the prohibition of use of force apply to cyber operations?    ,,Yes,"The prohibition of the threat or use of force is a well-established principle of international law, being included in art. 2(4) of the UN Charter...
In order to ascertain whether a cyber operation represents a threat or use of force
and whether it even amounts to a cyberattack, a case-by-case analysis must be carried out...","Romania, UNGA Compendium, pg. 77 (2021)",,
ROU,Can a stand-alone cyber operation violate the prohibition on the use of force?  ,,Yes,"In order to ascertain whether a cyber operation represents a threat or use of force
and whether it even amounts to a cyberattack, a case-by-case analysis must be carried
out to determine the circumstance in which the attack occurred, the nature of the
operation (military or not) and the scale and the effects of the operation (by
comparison against the scale and severity of a conventional (non-cyber) act of
violence covered by the prohibition).","Romania, UNGA Compendium, pg. 77 (2021)",,
ROU,Must a State intend for a cyber operation to amount to a use of force for there to be a violation of the prohibition on the use of force?   ,,Silent,,,,
ROU,Must the cyber operation have a coercive character (or effect) to qualify as a use of force?  ,,Silent,,,,
ROU,Does the State apply a “scale and effects” test to assess whether an action constitutes a use of force?  ,,Yes,"In order to ascertain whether a cyber operation represents a threat or use of force and whether it even amounts to a cyberattack, a case-by-case analysis must be carried out to determine the circumstance in which the attack occurred, the nature of the operation (military or not) and the scale and the effects of the operation (by
comparison against the scale and severity of a conventional (non-cyber) act of violence covered by the prohibition). The elements of such an analysis, from the “scale and effects” perspective, are well established in the ICJ’s relevant jurisprudence.","Romania, UNGA Compendium, pg. 77 (2021)",,
ROU,Does the State apply a totality of circumstances or similar context-based test to assess uses of force?  ,,Yes,"In order to ascertain whether a cyber operation represents a threat or use of force and whether it even amounts to a cyberattack, a case-by-case analysis must be carried out to determine the circumstance in which the attack occurred, the nature of the operation (military or not) and the scale and the effects of the operation (by 
comparison against the scale and severity of a conventional (non-cyber) act of violence covered by the prohibition).","Romania, UNGA Compendium, pg. 77 (2021)",,
ROU,Does the State weigh the actual consequences of an action to assess whether it amounts to a use of force?  ,,Yes,"In order to ascertain whether a cyber operation represents a threat or use of force and whether it even amounts to a cyberattack, a case-by-case analysis must be carried out to determine the circumstance in which the attack occurred, the nature of the operation (military or not) and the scale and the effects of the operation (by 
comparison against the scale and severity of a conventional (non-cyber) act of violence covered by the prohibition).","Romania, UNGA Compendium, pg. 77 (2021)",,
ROU,"Does the State only recognize a use of force in cyber contexts by analogy to consequences caused by kinetic force (e.g., injury, death, damage or destruction)?  ",,Ambiguous,"In order to ascertain whether a cyber operation represents a threat or use of force
and whether it even amounts to a cyberattack, a case-by-case analysis must be carried
out to determine the circumstance in which the attack occurred, the nature of the
operation (military or not) and the scale and the effects of the operation (by
comparison against the scale and severity of a conventional (non-cyber) act of
violence covered by the prohibition).","Romania, UNGA Compendium, pg. 77 (2021)",,
ROU,Are kinetic-like effects a required consequence of a cyber operation to qualify as a use of force (versus a factor among others to be considered)?    ,,Ambiguous,"In order to ascertain whether a cyber operation represents a threat or use of force
and whether it even amounts to a cyberattack, a case-by-case analysis must be carried
out to determine the circumstance in which the attack occurred, the nature of the
operation (military or not) and the scale and the effects of the operation (by
comparison against the scale and severity of a conventional (non-cyber) act of
violence covered by the prohibition).","Romania, UNGA Compendium, pg. 77 (2021)",,
ROU,Does the State recognize a “small” or de minimis effects exception to the prohibition on the use of force?    ,,Silent,,,,
ROU,"Can non-violent effects alone qualify as “force” (e.g., substantial economic harm, losses of functionality, etc.)?   ",,Silent,,,,
ROU,"Can spill over effects from a cyber operation (i.e., those that are secondary or knock-on from the immediate effects) qualify as a use of force?    ",,Silent,,,,
ROU,Does the State recognize an accumulation theory or similar aggregation theory of use of force?  ,,Silent,,,,
ROU,Does the State consider a use of force to be the equivalent of an armed attack (per Article 51 of the UN Charter) subject to the same threshold?    ,,Silent,,,,
ROU,Can a cyber operation amount to a prohibited threat of a use of force?    ,,Yes,"In order to ascertain whether a cyber operation represents a threat or use of force and whether it even amounts to a cyberattack, a case-by-case analysis must be carried out to determine the circumstance in which the attack occurred, ","Romania, UNGA Compendium, pg. 77 (2021)",,
RUS,Does the prohibition of use of force apply to cyber operations?    ,,Ambiguous,"Russia assumes that, for the present, the international community has reached consensus on the applicability of the universally accepted principles and norms of international law, which are enshrined, first and foremost, in the Charter of the United Nations and the Declaration on principles of international law, friendly relations and cooperation among States in accordance with the Charter of the United Nations of October 24, 1970, to information space. These include, in particular, the principles of
sovereign equality of States, non-use of force and threat of force... ","Russia, UNGA Compendium pg. 79 (2021)",,
RUS,Can a stand-alone cyber operation violate the prohibition on the use of force?  ,,Silent,,,,
RUS,Must a State intend for a cyber operation to amount to a use of force for there to be a violation of the prohibition on the use of force?   ,,"Silent
",,,,
RUS,Must the cyber operation have a coercive character (or effect) to qualify as a use of force?  ,,"Silent
",,,,
RUS,Does the State apply a “scale and effects” test to assess whether an action constitutes a use of force?  ,,"Silent
",,,,
RUS,Does the State apply a totality of circumstances or similar context-based test to assess uses of force?  ,,"Silent
",,,,
RUS,Does the State weigh the actual consequences of an action to assess whether it amounts to a use of force?  ,,"Silent
",,,,
RUS,"Does the State only recognize a use of force in cyber contexts by analogy to consequences caused by kinetic force (e.g., injury, death, damage or destruction)?  ",,"Silent
",,,,
RUS,Are kinetic-like effects a required consequence of a cyber operation to qualify as a use of force (versus a factor among others to be considered)?    ,,"Silent
",,,,
RUS,Does the State recognize a “small” or de minimis effects exception to the prohibition on the use of force?    ,,"Silent
",,,,
RUS,"Can non-violent effects alone qualify as “force” (e.g., substantial economic harm, losses of functionality, etc.)?   ",,"Silent
",,,,
RUS,"Can spill over effects from a cyber operation (i.e., those that are secondary or knock-on from the immediate effects) qualify as a use of force?    ",,"Silent
",,,,
RUS,Does the State recognize an accumulation theory or similar aggregation theory of use of force?  ,,"Silent
",,,,
RUS,Does the State consider a use of force to be the equivalent of an armed attack (per Article 51 of the UN Charter) subject to the same threshold?    ,,"Silent
",,,,
RUS,Can a cyber operation amount to a prohibited threat of a use of force?    ,,"Silent
",,,,
SGP,Does the prohibition of use of force apply to cyber operations?    ,,Yes,"Singapore affirms the principle that international law, in particular the Charter of the United Nations (the “UN Charter”), applies to cyberspace.
...
Finally, the obligation of all States to refrain from the threat or use of force against the territorial integrity or political independence of any State. A cyber operation can cause severe consequences and effects.","Singapore, UNGA Compendium (2021) pg. 83, ¶¶3, 5",,
SGP,Can a stand-alone cyber operation violate the prohibition on the use of force?  ,,Silent,,,,
SGP,Must a State intend for a cyber operation to amount to a use of force for there to be a violation of the prohibition on the use of force?   ,,Silent,,,,
SGP,Must the cyber operation have a coercive character (or effect) to qualify as a use of force?  ,,Silent,,,,
SGP,Does the State apply a “scale and effects” test to assess whether an action constitutes a use of force?  ,,Silent,,,,
SGP,Does the State apply a totality of circumstances or similar context-based test to assess uses of force?  ,,Yes,"“In determining whether a cyber operation amounts to the use of force, factors that may be taken into account include, but are not limited to, the prevailing circumstances at the time of the cyber operation, the origin of the cyber operation, the effects caused or sought by the cyber operation, the degree of intrusion of the cyber operation, and the nature of the target.”","Singapore, UNGA Compendium (2021) pg. 83, ¶ 5",,
SGP,Does the State weigh the actual consequences of an action to assess whether it amounts to a use of force?  ,,Yes,"“In determining whether a cyber operation amounts to the use of force, factors that may be taken into account include, but are not limited to, the prevailing circumstances at the time of the cyber operation, the origin of the cyber operation, the effects caused or sought by the cyber operation, the degree of intrusion of the cyber operation, and the nature of the target.”","Singapore, UNGA Compendium (2021) pg. 83, ¶ 5",,
SGP,"Does the State only recognize a use of force in cyber contexts by analogy to consequences caused by kinetic force (e.g., injury, death, damage or destruction)?  ",,No,"In Singapore’s view, it is also possible that, in certain limited circumstances,
malicious cyber activity may amount to an armed attack even if it does not necessarily
cause death, injury, physical damage or destruction, taking into account the scale and
effects of the cyber activity. An example might be a targeted cyber operation causing
sustained and long-term outage of Singapore’s critical infrastructure.","Singapore, UNGA Compendium (2021) pg. 84, ¶8

",,
SGP,Are kinetic-like effects a required consequence of a cyber operation to qualify as a use of force (versus a factor among others to be considered)?    ,,No,"In Singapore’s view, it is also possible that, in certain limited circumstances,
malicious cyber activity may amount to an armed attack even if it does not necessarily
cause death, injury, physical damage or destruction, taking into account the scale and
effects of the cyber activity. An example might be a targeted cyber operation causing
sustained and long-term outage of Singapore’s critical infrastructure.","Singapore, UNGA Compendium (2021) pg. 84, ¶8

",,
SGP,Does the State recognize a “small” or de minimis effects exception to the prohibition on the use of force?    ,,Silent,,,,
SGP,"Can non-violent effects alone qualify as “force” (e.g., substantial economic harm, losses of functionality, etc.)?   ",,Yes,"In Singapore’s view, it is also possible that, in certain limited circumstances, 
 malicious cyber activity may amount to an armed attack even if it does not necessarily 
 cause death, injury, physical damage or destruction, taking into account the scale and 
 effects of the cyber activity. An example might be a targeted cyber operation causing
sustained and long-term outage of Singapore’s critical infrastructure.","Singapore, UNGA Compendium (2021) pg. 84, ¶¶8-9",,
SGP,"Can spill over effects from a cyber operation (i.e., those that are secondary or knock-on from the immediate effects) qualify as a use of force?    ",,Silent,,,,
SGP,Does the State recognize an accumulation theory or similar aggregation theory of use of force?  ,,Yes,"A series or combination of cyber-attacks, whether or not it is in combination
with kinetic attacks, may amount to an armed attack, even if the individual attacks do
not reach the threshold equivalent to an armed attack, as long as the attacks are
launched by the same actor or by different attackers acting in concert.
","
Singapore, UNGA Compendium (2021) pg. 84, ¶9",,
SGP,Does the State consider a use of force to be the equivalent of an armed attack (per Article 51 of the UN Charter) subject to the same threshold?    ,,Silent,,,,
SGP,Can a cyber operation amount to a prohibited threat of a use of force?    ,,Ambiguous,"
Finally, the obligation of all States to refrain from the threat or use of force
against the territorial integrity or political independence of any State. A cyber
operation can cause severe consequences and effects. In determining whether a
cyber operation amounts to the use of force, factors that may be taken into
account include, but are not limited to, the prevailing circumstances at the time
of the cyber operation, the origin of the cyber operation, the effects caused or
sought by the cyber operation, the degree of intrusion of the cyber operation,
and the nature of the target.","Singapore, UNGA Compendium (2021) pg. 83, ¶5",,
SWE,Does the prohibition of use of force apply to cyber operations?    ,,Yes,"The prohibition of the use of force is a cardinal rule of customary international law, also applicable in relation to cyber operations.",Sweden Position (July 2021) pg. 3,,
SWE,Can a stand-alone cyber operation violate the prohibition on the use of force?  ,,Yes,"The ICJ has declared that the provisions on the use of force are not dependent on the choice of means, but rather apply to any use of force regardless of the weapons employed","Sweden Position (July 2021) pg. 3
",,
SWE,Must a State intend for a cyber operation to amount to a use of force for there to be a violation of the prohibition on the use of force?   ,,Silent,,,,
SWE,Must the cyber operation have a coercive character (or effect) to qualify as a use of force?  ,,Silent,,,,
SWE,Does the State apply a “scale and effects” test to assess whether an action constitutes a use of force?  ,,Yes,"The Court has furthermore distinguished the most grave forms of the use of force (those constituting an armed attack) from other less grave forms based on scale and effects. A similar assessment of scale and effects may be made in relation to whether an act constitutes a breach of the prohibition of the use of force. While most cyber operations would not constitute use of force, such operations would be considered as such if comparable to the scale and effects of kinetic use of force. An assessment needs to be made on a case-by-case basis.","Sweden Position (July 2021) pg. 4

",,
SWE,Does the State apply a totality of circumstances or similar context-based test to assess uses of force?  ,,Ambiguous,"While most
cyber operations would not constitute use of force, such operations would
be considered as such if comparable to the scale and effects of kinetic use of
force. An assessment needs to be made on a case-by-case basis.","Sweden Position (July 2021) pg. 4
",,
SWE,Does the State weigh the actual consequences of an action to assess whether it amounts to a use of force?  ,,Silent,,,,
SWE,"Does the State only recognize a use of force in cyber contexts by analogy to consequences caused by kinetic force (e.g., injury, death, damage or destruction)?  ",,Ambiguous,"While most
cyber operations would not constitute use of force, such operations would
be considered as such if comparable to the scale and effects of kinetic use of
force. An assessment needs to be made on a case-by-case basis.
","Sweden Position (July 2021) pg. 4
","GPC:  Sweden does use the kinetic-force analogy, but does not specifically state whether it only uses the analogy.  So it is unclear, but silent could also be appropriate.",
SWE,Are kinetic-like effects a required consequence of a cyber operation to qualify as a use of force (versus a factor among others to be considered)?    ,,Ambiguous,,Sweden Position (July 2021) pg. 4,,
SWE,Does the State recognize a “small” or de minimis effects exception to the prohibition on the use of force?    ,,Silent,,,,
SWE,"Can non-violent effects alone qualify as “force” (e.g., substantial economic harm, losses of functionality, etc.)?   ",,Silent,,,,
SWE,"Can spill over effects from a cyber operation (i.e., those that are secondary or knock-on from the immediate effects) qualify as a use of force?    ",,Silent,,,,
SWE,Does the State recognize an accumulation theory or similar aggregation theory of use of force?  ,,Silent,,,,
SWE,Does the State consider a use of force to be the equivalent of an armed attack (per Article 51 of the UN Charter) subject to the same threshold?    ,,No,"  The Court has furthermore
distinguished the most grave forms of the use of force (those constituting an
armed attack) from other less grave forms based on scale and effects.",Sweden Position (July 2021) pg. 4,GPC:  The paper seems to be a tacit endorsement of the ICJ force gap approach. I could be persuaded that this is ambiguous.,
SWE,Can a cyber operation amount to a prohibited threat of a use of force?    ,,Silent,,,,
CHE,Does the prohibition of use of force apply to cyber operations?    ,,Yes,“The prohibition on the use of force and the right of self-defence are also applicable to cyberspace.”,"Switzerland Annex UN GGE 2019/2021 pg. 4, §4",,
CHE,Can a stand-alone cyber operation violate the prohibition on the use of force?  ,,Ambiguous,"The ICJ has also determined that an
armed attack does not necessarily have to involve kinetic military action or the use of weapons
because the means by which an attack is perpetrated is not the decisive factor.","Switzerland Annex UN GGE 2019/2021 pg. 4, §4
","GPC:  Switzerland discusses use of force almost exclusively through the lens of self defense.  It is reasonable to infer the quoted statement applies equally to use of force, but it is not stated specifically.",
CHE,Must a State intend for a cyber operation to amount to a use of force for there to be a violation of the prohibition on the use of force?   ,,Silent,,,,
CHE,Must the cyber operation have a coercive character (or effect) to qualify as a use of force?  ,,Silent,,,,
CHE,Does the State apply a “scale and effects” test to assess whether an action constitutes a use of force?  ,,Ambiguous,"“In order to qualify, the scale and effect of the attack must reach a certain threshold of gravity... A state is permitted to exercise its right of self-defence in response to a cyber incident if the incident amounts in scale and effect to that of a kinetic operation in terms of inflicting death or serious injury to persons, or extensive material damage to objects. There are no binding quantitative or qualitative guidelines as to when the threshold of an armed attack in terms of scale and effect has been reached. Current discussions on how to define an armed attack in cyberspace are focusing on attacks on critical infrastructure (e.g. nuclear power plants, power grids) which reach the required threshold in terms of scale and effect i.e. serious injury to persons and/or extensive damage to objects.”","Switzerland Annex UN GGE 2019/2021 pg. 4, §4
",GPC:  Same comment as above.,
CHE,Does the State apply a totality of circumstances or similar context-based test to assess uses of force?  ,,Ambiguous,"“A state is permitted to exercise its right of self-defence in response to a cyber incident if the incident amounts in scale and effect to that of a kinetic operation in terms of inflicting death or serious injury to persons, or extensive material damage to objects. There are no binding quantitative or qualitative guidelines as to when the threshold of an armed attack in terms of scale and effect has been reached.”","Switzerland Annex UN GGE 2019/2021 pg. 4, §4
","Switzerland’s statement includes a lot of overlap between use of force and self-defense, resulting in some ambiguities.",
CHE,Does the State weigh the actual consequences of an action to assess whether it amounts to a use of force?  ,,Ambiguous,"“A state is permitted to exercise its right of self-defence in response to a cyber incident if the incident amounts in scale and effect to that of a kinetic operation in terms of inflicting death or serious injury to persons, or extensive material damage to objects. There are no binding quantitative or qualitative guidelines as to when the threshold of an armed attack in terms of scale and effect has been reached.”","Switzerland Annex UN GGE 2019/2021 pg. 4, §4

","Switzerland’s statement includes a lot of overlap between use of force and self-defense, resulting in some ambiguities.",
CHE,"Does the State only recognize a use of force in cyber contexts by analogy to consequences caused by kinetic force (e.g., injury, death, damage or destruction)?  ",,No,  Same as previous passage.,"Switzerland Annex UN GGE 2019/2021 pg. 4, §4",GPC:  Switzerland references/analogizes to kinetic consequences but: 1) in the armed attack context, and 2) not in an exaustive approach.
CHE,Are kinetic-like effects a required consequence of a cyber operation to qualify as a use of force (versus a factor among others to be considered)?    ,,Ambiguous,,"Switzerland Annex UN GGE 2019/2021 pg. 4, §4",GPC:  Same.,
CHE,Does the State recognize a “small” or de minimis effects exception to the prohibition on the use of force?    ,,Silent,,,,
CHE,"Can non-violent effects alone qualify as “force” (e.g., substantial economic harm, losses of functionality, etc.)?   ",,Silent,,,,
CHE,"Can spill over effects from a cyber operation (i.e., those that are secondary or knock-on from the immediate effects) qualify as a use of force?    ",,Silent,,,,
CHE,Does the State recognize an accumulation theory or similar aggregation theory of use of force?  ,,Silent,,,,
CHE,Does the State consider a use of force to be the equivalent of an armed attack (per Article 51 of the UN Charter) subject to the same threshold?    ,,No,"In accordance with ICJ case law, not every violation of the prohibition on the use of force constitutes an armed attack, but only its gravest form. In order to qualify, the scale and effect of the attack must reach a certain threshold of gravity.","Switzerland Annex UN GGE 2019/2021 pg. 4, §4",,
CHE,Can a cyber operation amount to a prohibited threat of a use of force?    ,,Silent,,,"Although cyber-attacks are described with respect to use of force, Switzerland’s position does not explicitly mention threats of force by cyber means.",
THA,Does the prohibition of use of force apply to cyber operations?    ,Yes,Thailand reaffirms that Article 2(4) of the Charter of the United Nations… applies fully to cyber operations,"Thailand’s National Position on the Application of International Law in Cyberspace, pg. 5, # 20 (2025)",,,
THA,Can a stand-alone cyber operation violate the prohibition on the use of force?  ,Yes,"Thailand acknowledges that, in certain circumstances, a cyber operation may amount to a prohibited use of force under international law","Thailand’s National Position on the Application of International Law in Cyberspace, pg. 6, # 21 (2025)",,,
THA,Must a State intend for a cyber operation to amount to a use of force for there to be a violation of the prohibition on the use of force?   ,"Silent
",,,"Thailand discusses scale and effects, but not the relevance of intent",,
THA,Must the cyber operation have a coercive character (or effect) to qualify as a use of force?  ,Silent,,,No mention of coercion in the context of use of force, coercion is discussed separately under intervention,
THA,Does the State apply a “scale and effects” test to assess whether an action constitutes a use of force?  ,"Yes
","Thailand acknowledges that, in certain circumstances, a cyber operation may amount to a prohibited use of force under international law. This determination must be based on an assessment of the scale and effects of the cyber operation, including its foreseeable consequences on human life, property, or loss of functionality of critical infrastructure","Thailand’s National Position on the Application of International Law in Cyberspace, pg. 6, # 21 (2025)",,,
THA,Does the State apply a totality of circumstances or similar context-based test to assess uses of force?  ,"Silent
",,,"While scale and effects and consequences are assessed, Thailand does not explicitly reference a “totality of circumstances” test.",,
THA,Does the State weigh the actual consequences of an action to assess whether it amounts to a use of force?  ,"Yes
","Cyber operations may amount to a use of force if they cause, or are reasonably expected to cause, physical destruction or injury equivalent in gravity to a kinetic attack. For instance, a cyberattack that disables critical infrastructure—such as power grids, air traffic control systems, or hospital networks—resulting in loss of life, injury, or significant material damage, may meet this threshold","Thailand’s National Position on the Application of International Law in Cyberspace, pg. 6, # 22 (2025)",,,
THA,"Does the State only recognize a use of force in cyber contexts by analogy to consequences caused by kinetic force (e.g., injury, death, damage or destruction)?  ","Yes
","Cyber operations may amount to a use of force if they cause, or are reasonably expected to cause, physical destruction or injury equivalent in gravity to a kinetic attack","Thailand’s National Position on the Application of International Law in Cyberspace, pg. 6, # 22 (2025)",,,
THA,Are kinetic-like effects a required consequence of a cyber operation to qualify as a use of force (versus a factor among others to be considered)?    ,"Ambiguous
","Cyber operations may amount to a use of force if they cause, or are reasonably expected to cause, physical destruction or injury equivalent in gravity to a kinetic attack
","Thailand’s National Position on the Application of International Law in Cyberspace, pg. 6, # 22 (2025)",The statement emphasizes kinetic-like effects but does not explicitly state whether they are strictly required or merely a key factor.,,
THA,Does the State recognize a “small” or de minimus effects exception to the prohibition on the use of force?    ,"Silent
",,,No express threshold or dismissal of minor effects is discussed,,
THA,"Can non-violent effects alone qualify as “force” (e.g., substantial economic harm, losses of functionality, etc.)?   ",No,"“…if they cause, or are reasonably expected to cause, physical destruction or injury…”




""Disruption to essential State functions, absent accompanying physical destruction... does not by itself amount to an armed attack.""","Thailand’s National Position on the Application of International Law in Cyberspace, pg. 6, # 22 (2025)

Thailand’s National Position on the Application of International Law in Cyberspace, pg. 7, # 26 (2025)","







While addressing armed attacks, this implies non-violent effects alone do not meet the use of force threshold.",,
THA,"Can spill over effects from a cyber operation (i.e., those that are secondary or knock-on from the immediate effects) qualify as a use of force?    ","Silent
",,,Indirect effects or knock-on consequences are not mentioned,,
THA,Does the State recognize an accumulation theory or similar aggregation theory of use of force?  ,Silent,,,No mention of multiple actions accumulating to meet the use of force threshold.,,
THA,Does the State consider a use of force to be the equivalent of an armed attack (per Article 51 of the UN Charter) subject to the same threshold?    ,"No
","The distinction... between armed attacks and other less grave forms of use of force should be assessed. Thailand affirms that a malicious cyber operation attributable to a State that causes death, injury, physical damage or destruction equivalent to a traditional non-cyber armed attack, would constitute an armed attack","Thailand’s National Position on the Application of International Law in Cyberspace, pg. 6, # 25 (2025)",,,
THA,Can a cyber operation amount to a prohibited threat of a use of force?    ,Silent,,,Thailand addresses the use of force but does not refer to the threat of force in cyber operations,,
GBR,Does the prohibition of use of force apply to cyber operations?    ,,Yes,"I’m focusing on the law applicable in peacetime because the UK has already set out that cyber operations are capable of breaching the prohibition on the threat or use of force, and that the law applicable in armed conflict applies just the same to the use of cyber means as other means of waging war.

The Charter of the United Nations applies to States’ conduct in cyberspace, as it does to their other conduct.
 
Article 2(4) of the UN Charter prohibits the threat or use of force against the territorial integrity or political independence of any State or in any other manner inconsistent with the purposes of the United Nations. Depending on the facts and circumstances in each case, conduct by States carried out in cyberspace is capable of constituting a threat or use of force if the actual or threatened conduct has or would have the same or similar effects of conduct using kinetic means.","International Law in Future Frontiers, Chatham House (2022) pg. 5



UNGA Compendium (2021) pg. 115, ¶4

Application of International Law to States’ Conduct in Cyberspace: UK Statement, Foreign, Commonwealth & Development Office (2021), ¶5",,
GBR,Can a stand-alone cyber operation violate the prohibition on the use of force?  ,,Yes,"Depending on the facts and circumstances in each case, conduct by States carried out in cyberspace is capable of constituting a threat or use of force if the actual or threatened conduct has or would have the same or similar effects of conduct using kinetic means. The circumstances in which the threat or use of force is not unlawful under international law are the same irrespective of whether the conduct is by kinetic or cyber means.","Application of International Law to States’ Conduct in Cyberspace: UK Statement, Foreign, Commonwealth & Development Office (2021), ¶5",,
GBR,Must a State intend for a cyber operation to amount to a use of force for there to be a violation of the prohibition on the use of force?   ,,Silent,,,,
GBR,Must the cyber operation have a coercive character (or effect) to qualify as a use of force?  ,,Silent,,,,
GBR,Does the State apply a “scale and effects” test to assess whether an action constitutes a use of force?  ,,Ambiguous,"An operation carried out by cyber means may constitute an armed attack giving rise to the inherent right of individual or collective self-defence, as recognised in Article 51 of the UN Charter where the scale and effects of the operation are equivalent to those of an armed attack using kinetic means. Factors in considering the scale and effects of an attack may include the (actual or anticipated) physical destruction of property, injury and death. The exercise of the inherent right of self-defence against an imminent or on-going armed attack whether by kinetic or cyber means, may itself be by cyber or kinetic means and must always fulfil the requirements of necessity and proportionality. Whether or not to have recourse to the exercise of the inherent right of self-defence will always be carefully considered having regard to all the circumstances.","Application of International Law to States’ Conduct in Cyberspace: UK Statement, Foreign, Commonwealth & Development Office (2021), ¶6",GPC:  The UK discusses scale and effects with refrence to armed attacks and self defense only.,
GBR,Does the State apply a totality of circumstances or similar context-based test to assess uses of force?  ,,Ambiguous,"An operation carried out by cyber means may constitute an armed attack giving rise to the inherent right of individual or collective self-defence, as recognised in Article 51 of the UN Charter where the scale and effects of the operation are equivalent to those of an armed attack using kinetic means. Factors in considering the scale and effects of an attack may include the (actual or anticipated) physical destruction of property, injury and death. The exercise of the inherent right of self-defence against an imminent or on-going armed attack whether by kinetic or cyber means, may itself be by cyber or kinetic means and must always fulfil the requirements of necessity and proportionality. Whether or not to have recourse to the exercise of the inherent right of self-defence will always be carefully considered having regard to all the circumstances.","Application of International Law to States’ Conduct in Cyberspace: UK Statement, Foreign, Commonwealth & Development Office (2021), ¶6",GPC:  Same.,
GBR,Does the State weigh the actual consequences of an action to assess whether it amounts to a use of force?  ,,Ambiguous,"An operation carried out by cyber means may constitute an armed attack giving rise to the inherent right of individual or collective self-defence, as recognised in Article 51 of the UN Charter where the scale and effects of the operation are equivalent to those of an armed attack using kinetic means. Factors in considering the scale and effects of an attack may include the (actual or anticipated) physical destruction of property, injury and death. The exercise of the inherent right of self-defence against an imminent or on-going armed attack whether by kinetic or cyber means, may itself be by cyber or kinetic means and must always fulfil the requirements of necessity and proportionality. Whether or not to have recourse to the exercise of the inherent right of self-defence will always be carefully considered having regard to all the circumstances.","Application of International Law to States’ Conduct in Cyberspace: UK Statement, Foreign, Commonwealth & Development Office (2021), ¶6
",GPC:  Same.,
GBR,"Does the State only recognize a use of force in cyber contexts by analogy to consequences caused by kinetic force (e.g., injury, death, damage or destruction)?  ",,Ambiguous,"Depending on the facts and circumstances in each case, conduct by States carried out in cyberspace is capable of constituting a threat or use of force if the actual or threatened conduct has or would have the same or similar effects of conduct using kinetic means. The circumstances in which the threat or use of force is not unlawful under international law are the same irrespective of whether the conduct is by kinetic or cyber means.","Application of International Law to States’ Conduct in Cyberspace: UK Statement, Foreign, Commonwealth & Development Office (2021), ¶5",,
GBR,Are kinetic-like effects a required consequence of a cyber operation to qualify as a use of force (versus a factor among others to be considered)?    ,,Ambiguous,"Depending on the facts and circumstances in each case, conduct by States carried out in cyberspace is capable of constituting a threat or use of force if the actual or threatened conduct has or would have the same or similar effects of conduct using kinetic means. The circumstances in which the threat or use of force is not unlawful under international law are the same irrespective of whether the conduct is by kinetic or cyber means. (para.5)","Application of International Law to States’ Conduct in Cyberspace: UK Statement, Foreign, Commonwealth & Development Office (2021), ¶5",,
GBR,Does the State recognize a “small” or de minimis effects exception to the prohibition on the use of force?    ,,Silent,,,,
GBR,"Can non-violent effects alone qualify as “force” (e.g., substantial economic harm, losses of functionality, etc.)?   ",,Silent,,,,
GBR,"Can spill over effects from a cyber operation (i.e., those that are secondary or knock-on from the immediate effects) qualify as a use of force?    ",," Yes 
","

If a hostile state interferes with the operation of one of our nuclear reactors, resulting in widespread loss of life, the fact that the act is carried out by way of a cyber operation does not prevent it from being viewed as an unlawful use of force or an armed attack against us. If it would be a breach of international law to bomb an air traffic control tower with the effect of downing civilian aircraft, then it will be a breach of international law to use a hostile cyber operation to disable air traffic control systems which results in the same, ultimately lethal effects. 

","
Cyber and International Law in the 21st Century (2018), pg.6 ¶2 

United Kingdom, International Law in Future Frontiers (2022), pg.8 ¶4","

In both these speeches the United Kingdom focuses on just on the cyber attacks but also the effects of the attacks and takes those into consideration when talking about what consitutues use of force which is why I think their position is not ambiguous but rather they do consider spill over effects from a cyber operation when decided whether there was use of force",
GBR,Does the State recognize an accumulation theory or similar aggregation theory of use of force?  ,,Silent,,,,
GBR,Does the State consider a use of force to be the equivalent of an armed attack (per Article 51 of the UN Charter) subject to the same threshold?    ,,Silent,,,,
GBR,Can a cyber operation amount to a prohibited threat of a use of force?    ,,Yes,"Depending on the facts and circumstances in each case, conduct by States carried out in cyberspace is capable of constituting a threat or use of force if the actual or threatened conduct has or would have the same or similar effects of conduct using kinetic means.","Application of International Law to States’ Conduct in Cyberspace: UK Statement, Foreign, Commonwealth & Development Office (2021), ¶5",,
USA,Does the prohibition of use of force apply to cyber operations?    ,,Yes,"Depending on the circumstances, a military cyber operation may constitute a use of force within the meaning of Article 2(4) of the U.N. Charter and Customary International Law.








Cyber activities may in certain circumstances constitute uses of force within the meaning of Article 2(4) of the UN Charter and customary international law.","United States, DOD General Counsel Remarks at U.S. Cyber Commanda Legal Conference, pg. 8 (2020)

United States, UNGA Compendium (2021) pg. 137, II(A)(1)",,
USA,Can a stand-alone cyber operation violate the prohibition on the use of force?  ,,Yes,"Although this is necessarily a case-by-case, fact-specific inquiry, cyber
activities that proximately result in death, injury, or significant destruction, or
represent an imminent threat thereof, would likely be viewed as a use of force / armed
attack. If the physical consequences of a cyber activity result in the kind of damage
that dropping a bomb or firing a missile would, that cyber activity should equally be
considered a use of force / armed attack.","United States, UNGA Compendium (2021) pg. 137, II(A)(1)",,
USA,Must a State intend for a cyber operation to amount to a use of force for there to be a violation of the prohibition on the use of force?   ,,Ambiguous,"Some of the factors States should evaluate in assessing whether an event constitutes an actual or imminent use of force / armed attack in or through cyberspace include the context of the event, the actor perpetrating the action (recognizing the challenge of attribution in cyberspace, including the ability of an attacker to masquerade as another person/entity or manipulate transmission data to make it
appear as if the cyber activity was launched from a different location or by a different
person), the target and its location, the effects of the cyber activity, and the intent of
the actor (recognizing that intent, like the identity of the attacker, may be difficult to
discern, but that hostile intent may be inferred from the particular circumstances of a
cyber activity), among other factors.","UNGA Compendium (2021) pg. 137, II(A)(1)","Although the United States’ position mentions hostile intent as a consideration in the assessment of whether a cyber activity constitutes an actual or imminent use of force, intent is listed as one consideration among many, not a requirement.",
USA,Must the cyber operation have a coercive character (or effect) to qualify as a use of force?  ,,Silent,,,,
USA,Does the State apply a “scale and effects” test to assess whether an action constitutes a use of force?  ,,No,"Some of the factors States should evaluate in assessing whether an event constitutes an actual or imminent use of force / armed attack in or through cyberspace include the context of the event, the actor perpetrating the action (recognizing the challenge of attribution in cyberspace, including the ability of an attacker to masquerade as another person/entity or manipulate transmission data to make it
appear as if the cyber activity was launched from a different location or by a different
person), the target and its location, the effects of the cyber activity, and the intent of
the actor (recognizing that intent, like the identity of the attacker, may be difficult to
discern, but that hostile intent may be inferred from the particular circumstances of a
cyber activity), among other factors.","United States, UNGA Compendium (2021) pg. 137, II(A)(1)","Although the United States’ position does not apply a scale and effects test ab verbatim, the assessment of whether a cyber activity constitutes a use of force takes into consideration the effects and context of the cyber activity.",
USA,Does the State apply a totality of circumstances or similar context-based test to assess uses of force?  ,,Yes,"Some of the factors States should evaluate in assessing whether an event
constitutes an actual or imminent use of force / armed attack in or through cyberspace
include the context of the event, the actor perpetrating the action (recognizing the
challenge of attribution in cyberspace, including the ability of an attacker to
masquerade as another person/entity or manipulate transmission data to make it
appear as if the cyber activity was launched from a different location or by a different
person), the target and its location, the effects of the cyber activity, and the intent of
the actor (recognizing that intent, like the identity of the attacker, may be difficult to
discern, but that hostile intent may be inferred from the particular circumstances of a
cyber activity), among other factors.","United States, UNGA Compendium (2021) pg. 137, II(A)(1)
",,
USA,Does the State weigh the actual consequences of an action to assess whether it amounts to a use of force?  ,,Yes,"States should consider the
nature and extent of injury or death to persons and the destruction of, or damage to,
property. Although this is necessarily a case-by-case, fact-specific inquiry, cyber
activities that proximately result in death, injury, or significant destruction, or
represent an imminent threat thereof, would likely be viewed as a use of force / armed
attack. If the physical consequences of a cyber activity result in the kind of damage
that dropping a bomb or firing a missile would, that cyber activity should equally be
considered a use of force / armed attack.","United States, UNGA Compendium (2021) pg. 137, II(A)(1)",,
USA,"Does the State only recognize a use of force in cyber contexts by analogy to consequences caused by kinetic force (e.g., injury, death, damage or destruction)?  ",,Ambiguous,"States should consider the
nature and extent of injury or death to persons and the destruction of, or damage to,
property. Although this is necessarily a case-by-case, fact-specific inquiry, cyber
activities that proximately result in death, injury, or significant destruction, or
represent an imminent threat thereof, would likely be viewed as a use of force / armed
attack. If the physical consequences of a cyber activity result in the kind of damage
that dropping a bomb or firing a missile would, that cyber activity should equally be
considered a use of force / armed attack.","United States, UNGA Compendium (2021) pg. 137, II(A)(1)
","The United States’ position indicates that physical consequences akin to those caused by kinetic force may qualify a cyber operation as the use of force. However, the analogy to consequences caused by kinetic force, such as missile strikes or bombardments, is only used as an example, leaving room for other prohibited uses of force in cyberspace.",
USA,Are kinetic-like effects a required consequence of a cyber operation to qualify as a use of force (versus a factor among others to be considered)?    ,,Ambiguous,"States should consider the
nature and extent of injury or death to persons and the destruction of, or damage to,
property. Although this is necessarily a case-by-case, fact-specific inquiry, cyber
activities that proximately result in death, injury, or significant destruction, or
represent an imminent threat thereof, would likely be viewed as a use of force / armed
attack. If the physical consequences of a cyber activity result in the kind of damage
that dropping a bomb or firing a missile would, that cyber activity should equally be
considered a use of force / armed attack.
Some of the factors States should evaluate in assessing whether an event
constitutes an actual or imminent use of force / armed attack in or through cyberspace
include the context of the event, the actor perpetrating the action (recognizing the
challenge of attribution in cyberspace, including the ability of an attacker to
masquerade as another person/entity or manipulate transmission data to make it
appear as if the cyber activity was launched from a different location or by a different
person), the target and its location, the effects of the cyber activity.","United States, UNGA Compendium (2021) pg. 137, II(A)(1)

",,
USA,Does the State recognize a “small” or de minimis effects exception to the prohibition on the use of force?    ,,Ambiguous,"In certain circumstances, one State’s non-consensual cyber operation in another
State’s territory, even if it falls below the threshold of a use of force or nonintervention, could also violate international law. However, a State ’s remote cyber operations involving computers or other networked devices located on another State ’s territory do not constitute a per se violation of international law. In other words, there is no absolute prohibition on such operations as a matter of international law. This is perhaps most clear where such activities in another State’s territory have no effects
or de minimis effects. The very design of the Internet may lead to some encroachment
on other sovereign jurisdictions.","United States, UNGA Compendium (2021) pg. 140, III(A)","GPC:  The cited passage is not specifically referring to use of force, but to sub-use of force operations.  The statements are silent as to whether physical effects are per se uses of forces, or could be minimal enough not to violate the prohibition.",
USA,"Can non-violent effects alone qualify as “force” (e.g., substantial economic harm, losses of functionality, etc.)?   ",,Silent,,,"GPC:  DoD LoW Manual opens the door to this, and is cited as authoritative in the UN submission.",
USA,"Can spill over effects from a cyber operation (i.e., those that are secondary or knock-on from the immediate effects) qualify as a use of force?    ",,Silent,,,,
USA,Does the State recognize an accumulation theory or similar aggregation theory of use of force?  ,,Silent,,,,
USA,Does the State consider a use of force to be the equivalent of an armed attack (per Article 51 of the UN Charter) subject to the same threshold?    ,,Yes," Although this is necessarily a case-by-case, fact-specific inquiry, cyber activities that proximately result in death, injury, or significant destruction, or represent an imminent threat thereof, would likely be viewed as a use of force / armed attack. If the physical consequences of a cyber activity result in the kind of damage that dropping a bomb or firing a missile would, that cyber activity should equally be considered a use of force / armed attack.","United States, UNGA Compendium (2021) pg. 137, II(A)(1)","GPC:  US position in general on this question is well known, and the cited passage should be read consistent with that position.  ",
USA,Can a cyber operation amount to a prohibited threat of a use of force?    ,,Silent,,,,
